city,date,temperature,humidity,wind_speed,pressure,rainfall,temp_lag_1,rain_lag_1,humidity_lag_1,temp_roll_3,rain_roll_3,hour,day,month,dayofweek,is_monsoon,temp_lag_24,rain_lag_24,temp_roll_24,rain_roll_72,is_peak_heat
Abbottabad,2026-04-21 01:00:00,26.0,65,16.6,1008.0,0.0,26.2,0.0,64.0,26.266666666666666,0.0,1,21,4,1,0,25.7,0.0,27.900000000000002,0.0,0
Abbottabad,2026-04-21 02:00:00,25.8,66,14.8,1007.0,0.0,26.0,0.0,65.0,26.0,0.0,2,21,4,1,0,25.5,0.0,27.912499999999998,0.0,0
Abbottabad,2026-04-21 03:00:00,25.5,68,15.8,1007.0,0.0,25.8,0.0,66.0,25.766666666666666,0.0,3,21,4,1,0,25.2,0.0,27.925,0.0,0
Abbottabad,2026-04-21 04:00:00,25.2,69,17.3,1007.0,0.0,25.5,0.0,68.0,25.5,0.0,4,21,4,1,0,25.0,0.0,27.933333333333337,0.0,0
Abbottabad,2026-04-21 05:00:00,25.1,70,18.7,1007.0,0.0,25.2,0.0,69.0,25.266666666666666,0.0,5,21,4,1,0,24.9,0.0,27.941666666666666,0.0,0
Abbottabad,2026-04-21 06:00:00,25.0,70,18.4,1008.0,0.0,25.1,0.0,70.0,25.099999999999998,0.0,6,21,4,1,0,24.7,0.0,27.954166666666666,0.0,0
Abbottabad,2026-04-21 07:00:00,25.4,68,18.4,1008.0,0.0,25.0,0.0,70.0,25.166666666666668,0.0,7,21,4,1,0,25.1,0.0,27.96666666666667,0.0,0
Abbottabad,2026-04-21 08:00:00,26.6,60,23.0,1009.0,0.0,25.4,0.0,68.0,25.666666666666668,0.0,8,21,4,1,0,26.5,0.0,27.97083333333333,0.0,0
Abbottabad,2026-04-21 09:00:00,27.9,53,23.4,1009.0,0.0,26.6,0.0,60.0,26.633333333333336,0.0,9,21,4,1,0,28.1,0.0,27.962500000000002,0.0,0
Abbottabad,2026-04-21 10:00:00,29.0,49,25.2,1009.0,0.0,27.9,0.0,53.0,27.833333333333332,0.0,10,21,4,1,0,29.4,0.0,27.945833333333336,0.0,0
Abbottabad,2026-04-21 11:00:00,29.9,46,27.7,1009.0,0.0,29.0,0.0,49.0,28.933333333333334,0.0,11,21,4,1,0,30.3,0.0,27.92916666666667,0.0,0
Abbottabad,2026-04-21 12:00:00,30.7,43,28.4,1008.0,0.0,29.9,0.0,46.0,29.866666666666664,0.0,12,21,4,1,0,31.1,0.0,27.912499999999998,0.0,1
Abbottabad,2026-04-21 13:00:00,31.0,42,30.6,1007.0,0.0,30.7,0.0,43.0,30.53333333333333,0.0,13,21,4,1,0,31.3,0.0,27.899999999999995,0.0,1
Abbottabad,2026-04-21 14:00:00,30.8,43,30.6,1007.0,0.0,31.0,0.0,42.0,30.833333333333332,0.0,14,21,4,1,0,31.6,0.0,27.86666666666667,0.0,1
Abbottabad,2026-04-21 15:00:00,30.6,44,31.0,1006.0,0.0,30.8,0.0,43.0,30.8,0.0,15,21,4,1,0,31.6,0.0,27.825000000000003,0.0,1
Abbottabad,2026-04-21 16:00:00,30.2,44,29.5,1006.0,0.0,30.6,0.0,44.0,30.53333333333333,0.0,16,21,4,1,0,31.1,0.0,27.787499999999998,0.0,1
Abbottabad,2026-04-21 17:00:00,29.6,46,28.1,1006.0,0.0,30.2,0.0,44.0,30.133333333333336,0.0,17,21,4,1,0,30.3,0.0,27.758333333333336,0.0,0
Abbottabad,2026-04-21 18:00:00,28.7,50,28.4,1006.0,0.0,29.6,0.0,46.0,29.5,0.0,18,21,4,1,0,29.3,0.0,27.733333333333334,0.0,0
Abbottabad,2026-04-21 19:00:00,27.8,55,27.4,1006.0,0.0,28.7,0.0,50.0,28.7,0.0,19,21,4,1,0,28.2,0.0,27.71666666666667,0.0,0
Abbottabad,2026-04-21 20:00:00,27.2,61,25.6,1007.0,0.0,27.8,0.0,55.0,27.900000000000002,0.0,20,21,4,1,0,27.5,0.0,27.70416666666667,0.0,0
Abbottabad,2026-04-21 21:00:00,27.0,65,23.4,1008.0,0.0,27.2,0.0,61.0,27.333333333333332,0.0,21,21,4,1,0,27.2,0.0,27.695833333333336,0.0,0
Abbottabad,2026-04-21 22:00:00,26.7,67,21.6,1008.0,0.0,27.0,0.0,65.0,26.96666666666667,0.0,22,21,4,1,0,26.9,0.0,27.6875,0.0,0
Abbottabad,2026-04-21 23:00:00,26.5,69,19.8,1008.0,0.0,26.7,0.0,67.0,26.73333333333333,0.0,23,21,4,1,0,26.6,0.0,27.683333333333334,0.0,0
Abbottabad,2026-04-22 00:00:00,26.2,71,18.0,1008.0,0.0,26.5,0.0,69.0,26.466666666666665,0.0,0,22,4,2,0,26.2,0.0,27.683333333333334,0.0,0
Abbottabad,2026-04-22 01:00:00,25.9,74,18.7,1008.0,0.0,26.2,0.0,71.0,26.2,0.0,1,22,4,2,0,26.0,0.0,27.679166666666664,0.0,0
Abbottabad,2026-04-22 02:00:00,25.7,76,18.4,1007.0,0.0,25.9,0.0,74.0,25.933333333333334,0.0,2,22,4,2,0,25.8,0.0,27.675,0.0,0
Abbottabad,2026-04-22 03:00:00,25.5,77,18.4,1007.0,0.0,25.7,0.0,76.0,25.7,0.0,3,22,4,2,0,25.5,0.0,27.675,0.0,0
Abbottabad,2026-04-22 04:00:00,25.3,78,19.4,1007.0,0.0,25.5,0.0,77.0,25.5,0.0,4,22,4,2,0,25.2,0.0,27.679166666666664,0.0,0
Abbottabad,2026-04-22 05:00:00,25.2,80,21.6,1007.0,0.0,25.3,0.0,78.0,25.333333333333332,0.0,5,22,4,2,0,25.1,0.0,27.683333333333337,0.0,0
Abbottabad,2026-04-22 06:00:00,25.1,81,22.7,1008.0,0.0,25.2,0.0,80.0,25.2,0.0,6,22,4,2,0,25.0,0.0,27.6875,0.0,0
Abbottabad,2026-04-22 07:00:00,25.4,79,24.1,1008.0,0.0,25.1,0.0,81.0,25.233333333333334,0.0,7,22,4,2,0,25.4,0.0,27.6875,0.0,0
Abbottabad,2026-04-22 08:00:00,26.5,72,28.8,1009.0,0.0,25.4,0.0,79.0,25.666666666666668,0.0,8,22,4,2,0,26.6,0.0,27.683333333333337,0.0,0
Abbottabad,2026-04-22 09:00:00,27.7,64,31.3,1009.0,0.0,26.5,0.0,72.0,26.53333333333333,0.0,9,22,4,2,0,27.9,0.0,27.674999999999997,0.0,0
Abbottabad,2026-04-22 10:00:00,28.8,59,32.0,1009.0,0.0,27.7,0.0,64.0,27.666666666666668,0.0,10,22,4,2,0,29.0,0.0,27.666666666666668,0.0,0
Abbottabad,2026-04-22 11:00:00,29.6,56,32.8,1008.0,0.0,28.8,0.0,59.0,28.7,0.0,11,22,4,2,0,29.9,0.0,27.654166666666665,0.0,0
Abbottabad,2026-04-22 12:00:00,30.1,55,34.6,1008.0,0.0,29.6,0.0,56.0,29.5,0.0,12,22,4,2,0,30.7,0.0,27.629166666666666,0.0,1
Abbottabad,2026-04-22 13:00:00,30.2,55,35.3,1007.0,0.0,30.1,0.0,55.0,29.96666666666667,0.0,13,22,4,2,0,31.0,0.0,27.595833333333335,0.0,1
Abbottabad,2026-04-22 14:00:00,30.3,55,34.9,1006.0,0.0,30.2,0.0,55.0,30.2,0.0,14,22,4,2,0,30.8,0.0,27.575,0.0,1
Abbottabad,2026-04-22 15:00:00,30.1,56,34.6,1006.0,0.0,30.3,0.0,55.0,30.2,0.0,15,22,4,2,0,30.6,0.0,27.554166666666664,0.0,1
Abbottabad,2026-04-22 16:00:00,29.7,58,33.5,1005.0,0.0,30.1,0.0,56.0,30.03333333333333,0.0,16,22,4,2,0,30.2,0.0,27.533333333333335,0.0,1
Abbottabad,2026-04-22 17:00:00,29.1,61,31.3,1005.0,0.0,29.7,0.0,58.0,29.633333333333336,0.0,17,22,4,2,0,29.6,0.0,27.5125,0.0,0
Abbottabad,2026-04-22 18:00:00,28.3,65,30.2,1005.0,0.0,29.1,0.0,61.0,29.03333333333333,0.0,18,22,4,2,0,28.7,0.0,27.495833333333334,0.0,0
Abbottabad,2026-04-22 19:00:00,27.3,72,30.6,1006.0,0.0,28.3,0.0,65.0,28.233333333333334,0.0,19,22,4,2,0,27.8,0.0,27.474999999999998,0.0,0
Abbottabad,2026-04-22 20:00:00,26.7,76,30.6,1006.0,0.0,27.3,0.0,72.0,27.433333333333337,0.0,20,22,4,2,0,27.2,0.0,27.454166666666666,0.0,0
Abbottabad,2026-04-22 21:00:00,26.6,78,29.5,1007.0,0.0,26.7,0.0,76.0,26.866666666666664,0.0,21,22,4,2,0,27.0,0.0,27.4375,0.0,0
Abbottabad,2026-04-22 22:00:00,26.4,80,29.2,1007.0,0.0,26.6,0.0,78.0,26.566666666666666,0.0,22,22,4,2,0,26.7,0.0,27.425,0.0,0
Abbottabad,2026-04-22 23:00:00,26.3,82,28.4,1007.0,0.0,26.4,0.0,80.0,26.433333333333334,0.0,23,22,4,2,0,26.5,0.0,27.416666666666668,0.0,0
Abbottabad,2026-04-23 00:00:00,26.3,80,25.6,1007.0,0.0,26.3,0.0,82.0,26.333333333333332,0.0,0,23,4,3,0,26.2,0.0,27.420833333333334,0.0,0
Abbottabad,2026-04-23 01:00:00,26.1,81,25.2,1007.0,0.0,26.3,0.0,80.0,26.233333333333334,0.0,1,23,4,3,0,25.9,0.0,27.429166666666664,0.0,0
Abbottabad,2026-04-23 02:00:00,25.9,83,25.9,1006.0,0.0,26.1,0.0,81.0,26.100000000000005,0.0,2,23,4,3,0,25.7,0.0,27.4375,0.0,0
Abbottabad,2026-04-23 03:00:00,25.6,84,25.9,1006.0,0.0,25.9,0.0,83.0,25.866666666666664,0.0,3,23,4,3,0,25.5,0.0,27.441666666666663,0.0,0
Abbottabad,2026-04-23 04:00:00,25.5,86,26.3,1006.0,0.0,25.6,0.0,84.0,25.666666666666668,0.0,4,23,4,3,0,25.3,0.0,27.45,0.0,0
Abbottabad,2026-04-23 05:00:00,25.4,86,26.3,1006.0,0.0,25.5,0.0,86.0,25.5,0.0,5,23,4,3,0,25.2,0.0,27.458333333333332,0.0,0
Abbottabad,2026-04-23 06:00:00,25.2,87,25.9,1006.0,0.0,25.4,0.0,86.0,25.366666666666664,0.0,6,23,4,3,0,25.1,0.0,27.462500000000002,0.0,0
Abbottabad,2026-04-23 07:00:00,25.6,86,26.6,1007.0,0.0,25.2,0.0,87.0,25.400000000000002,0.0,7,23,4,3,0,25.4,0.0,27.470833333333335,0.0,0
Abbottabad,2026-04-23 08:00:00,26.5,78,29.9,1008.0,0.0,25.6,0.0,86.0,25.766666666666666,0.0,8,23,4,3,0,26.5,0.0,27.47083333333333,0.0,0
Abbottabad,2026-04-23 09:00:00,27.7,71,30.6,1008.0,0.0,26.5,0.0,78.0,26.599999999999998,0.0,9,23,4,3,0,27.7,0.0,27.470833333333335,0.0,0
Abbottabad,2026-04-23 10:00:00,28.8,65,31.7,1008.0,0.0,27.7,0.0,71.0,27.666666666666668,0.0,10,23,4,3,0,28.8,0.0,27.47083333333333,0.0,0
Abbottabad,2026-04-23 11:00:00,29.7,62,32.0,1008.0,0.0,28.8,0.0,65.0,28.733333333333334,0.0,11,23,4,3,0,29.6,0.0,27.475000000000005,0.0,0
Abbottabad,2026-04-23 12:00:00,30.4,58,31.3,1007.0,0.0,29.7,0.0,62.0,29.633333333333336,0.0,12,23,4,3,0,30.1,0.0,27.4875,0.0,1
Abbottabad,2026-04-23 13:00:00,30.9,56,30.2,1006.0,0.0,30.4,0.0,58.0,30.333333333333332,0.0,13,23,4,3,0,30.2,0.0,27.516666666666666,0.0,1
Abbottabad,2026-04-23 14:00:00,30.9,56,31.3,1006.0,0.0,30.9,0.0,56.0,30.73333333333333,0.0,14,23,4,3,0,30.3,0.0,27.541666666666668,0.0,1
Abbottabad,2026-04-23 15:00:00,30.7,57,32.4,1005.0,0.0,30.9,0.0,56.0,30.833333333333332,0.0,15,23,4,3,0,30.1,0.0,27.566666666666666,0.0,1
Abbottabad,2026-04-23 16:00:00,30.4,57,32.0,1005.0,0.0,30.7,0.0,57.0,30.666666666666668,0.0,16,23,4,3,0,29.7,0.0,27.59583333333333,0.0,1
Abbottabad,2026-04-23 17:00:00,29.8,60,31.3,1005.0,0.0,30.4,0.0,57.0,30.3,0.0,17,23,4,3,0,29.1,0.0,27.625,0.0,0
Abbottabad,2026-04-23 18:00:00,28.7,65,29.9,1005.0,0.0,29.8,0.0,60.0,29.63333333333333,0.0,18,23,4,3,0,28.3,0.0,27.641666666666666,0.0,0
Abbottabad,2026-04-23 19:00:00,27.7,72,27.7,1006.0,0.0,28.7,0.0,65.0,28.733333333333334,0.0,19,23,4,3,0,27.3,0.0,27.65833333333333,0.0,0
Abbottabad,2026-04-23 20:00:00,27.1,77,26.3,1006.0,0.0,27.7,0.0,72.0,27.833333333333332,0.0,20,23,4,3,0,26.7,0.0,27.674999999999997,0.0,0
Abbottabad,2026-04-23 21:00:00,26.9,79,25.6,1006.0,0.0,27.1,0.0,77.0,27.23333333333333,0.0,21,23,4,3,0,26.6,0.0,27.6875,0.0,0
Abbottabad,2026-04-23 22:00:00,26.6,82,24.5,1007.0,0.0,26.9,0.0,79.0,26.866666666666664,0.0,22,23,4,3,0,26.4,0.0,27.69583333333333,0.0,0
Abbottabad,2026-04-23 23:00:00,26.4,84,24.8,1007.0,0.0,26.6,0.0,82.0,26.633333333333336,0.0,23,23,4,3,0,26.3,0.0,27.7,0.0,0
Abbottabad,2026-04-24 00:00:00,26.0,85,18.0,1007.0,0.0,26.4,0.0,84.0,26.333333333333332,0.0,0,24,4,4,0,26.3,0.0,27.6875,0.0,0
Abbottabad,2026-04-24 01:00:00,25.8,87,21.6,1006.0,0.0,26.0,0.0,85.0,26.066666666666666,0.0,1,24,4,4,0,26.1,0.0,27.675,0.0,0
Abbottabad,2026-04-24 02:00:00,25.6,89,23.0,1006.0,0.0,25.8,0.0,87.0,25.8,0.0,2,24,4,4,0,25.9,0.0,27.662499999999998,0.0,0
Abbottabad,2026-04-24 03:00:00,25.4,90,20.9,1006.0,0.0,25.6,0.0,89.0,25.599999999999998,0.0,3,24,4,4,0,25.6,0.0,27.65416666666667,0.0,0
Abbottabad,2026-04-24 04:00:00,25.3,90,18.0,1006.0,0.0,25.4,0.0,90.0,25.433333333333337,0.0,4,24,4,4,0,25.5,0.0,27.645833333333332,0.0,0
Abbottabad,2026-04-24 05:00:00,25.2,90,19.4,1006.0,0.0,25.3,0.0,90.0,25.299999999999997,0.0,5,24,4,4,0,25.4,0.0,27.6375,0.0,0
Abbottabad,2026-04-24 06:00:00,25.1,91,19.1,1007.0,0.0,25.2,0.0,90.0,25.200000000000003,0.0,6,24,4,4,0,25.2,0.0,27.633333333333336,0.0,0
Abbottabad,2026-04-24 07:00:00,25.4,89,19.4,1007.0,0.0,25.1,0.0,91.0,25.233333333333334,0.0,7,24,4,4,0,25.6,0.0,27.625,0.0,0
Abbottabad,2026-04-24 08:00:00,26.6,80,22.0,1008.0,0.0,25.4,0.0,89.0,25.7,0.0,8,24,4,4,0,26.5,0.0,27.629166666666666,0.0,0
Abbottabad,2026-04-24 09:00:00,28.0,71,24.1,1008.0,0.0,26.6,0.0,80.0,26.666666666666668,0.0,9,24,4,4,0,27.7,0.0,27.641666666666666,0.0,0
Abbottabad,2026-04-24 10:00:00,29.3,66,26.6,1008.0,0.0,28.0,0.0,71.0,27.96666666666667,0.0,10,24,4,4,0,28.8,0.0,27.662499999999998,0.0,0
Abbottabad,2026-04-24 11:00:00,30.4,60,27.7,1008.0,0.0,29.3,0.0,66.0,29.233333333333334,0.0,11,24,4,4,0,29.7,0.0,27.691666666666663,0.0,0
Abbottabad,2026-04-24 12:00:00,31.2,57,28.4,1007.0,0.0,30.4,0.0,60.0,30.3,0.0,12,24,4,4,0,30.4,0.0,27.724999999999998,0.0,1
Abbottabad,2026-04-24 13:00:00,31.6,55,29.9,1006.0,0.0,31.2,0.0,57.0,31.066666666666666,0.0,13,24,4,4,0,30.9,0.0,27.754166666666666,0.0,1
Abbottabad,2026-04-24 14:00:00,31.7,55,30.2,1006.0,0.0,31.6,0.0,55.0,31.5,0.0,14,24,4,4,0,30.9,0.0,27.787499999999998,0.0,1
Abbottabad,2026-04-24 15:00:00,31.4,56,29.2,1005.0,0.0,31.7,0.0,55.0,31.566666666666663,0.0,15,24,4,4,0,30.7,0.0,27.816666666666663,0.0,1
Abbottabad,2026-04-24 16:00:00,30.9,57,28.4,1005.0,0.0,31.4,0.0,56.0,31.333333333333332,0.0,16,24,4,4,0,30.4,0.0,27.837500000000002,0.0,1
Abbottabad,2026-04-24 17:00:00,30.1,60,27.7,1005.0,0.0,30.9,0.0,57.0,30.8,0.0,17,24,4,4,0,29.8,0.0,27.850000000000005,0.0,0
Abbottabad,2026-04-24 18:00:00,29.0,66,27.4,1005.0,0.0,30.1,0.0,60.0,30.0,0.0,18,24,4,4,0,28.7,0.0,27.8625,0.0,0
Abbottabad,2026-04-24 19:00:00,27.9,73,25.9,1006.0,0.0,29.0,0.0,66.0,29.0,0.0,19,24,4,4,0,27.7,0.0,27.870833333333334,0.0,0
Abbottabad,2026-04-24 20:00:00,27.2,78,24.1,1006.0,0.0,27.9,0.0,73.0,28.03333333333333,0.0,20,24,4,4,0,27.1,0.0,27.875,0.0,0
Abbottabad,2026-04-24 21:00:00,27.0,79,20.2,1007.0,0.0,27.2,0.0,78.0,27.366666666666664,0.0,21,24,4,4,0,26.9,0.0,27.879166666666663,0.0,0
Abbottabad,2026-04-24 22:00:00,26.8,81,20.5,1008.0,0.0,27.0,0.0,79.0,27.0,0.0,22,24,4,4,0,26.6,0.0,27.887500000000003,0.0,0
Abbottabad,2026-04-24 23:00:00,26.6,82,18.4,1008.0,0.0,26.8,0.0,81.0,26.8,0.0,23,24,4,4,0,26.4,0.0,27.895833333333332,0.0,0
Bahawalpur,2026-04-21 01:00:00,31.1,18,1.1,1004.0,0.0,31.6,0.0,18.0,32.199999999999996,0.0,1,21,4,1,0,30.4,0.0,34.637499999999996,0.0,0
Bahawalpur,2026-04-21 02:00:00,30.8,18,2.5,1004.0,0.0,31.1,0.0,18.0,31.166666666666668,0.0,2,21,4,1,0,29.8,0.0,34.67916666666667,0.0,0
Bahawalpur,2026-04-21 03:00:00,30.6,18,3.6,1004.0,0.0,30.8,0.0,18.0,30.833333333333332,0.0,3,21,4,1,0,29.0,0.0,34.74583333333333,0.0,0
Bahawalpur,2026-04-21 04:00:00,30.0,19,5.0,1004.0,0.0,30.6,0.0,18.0,30.466666666666665,0.0,4,21,4,1,0,28.3,0.0,34.81666666666667,0.0,0
Bahawalpur,2026-04-21 05:00:00,28.9,21,7.2,1004.0,0.0,30.0,0.0,19.0,29.833333333333332,0.0,5,21,4,1,0,28.0,0.0,34.854166666666664,0.0,0
Bahawalpur,2026-04-21 06:00:00,28.1,22,7.9,1005.0,0.0,28.9,0.0,21.0,28.999999999999996,0.0,6,21,4,1,0,27.8,0.0,34.86666666666667,0.0,0
Bahawalpur,2026-04-21 07:00:00,30.0,20,7.2,1006.0,0.0,28.1,0.0,22.0,28.999999999999996,0.0,7,21,4,1,0,29.7,0.0,34.87916666666667,0.0,0
Bahawalpur,2026-04-21 08:00:00,32.8,17,4.7,1006.0,0.0,30.0,0.0,20.0,30.299999999999997,0.0,8,21,4,1,0,32.5,0.0,34.89166666666667,0.0,0
Bahawalpur,2026-04-21 09:00:00,35.0,14,3.6,1006.0,0.0,32.8,0.0,17.0,32.599999999999994,0.0,9,21,4,1,0,34.9,0.0,34.895833333333336,0.0,0
Bahawalpur,2026-04-21 10:00:00,36.8,13,4.7,1006.0,0.0,35.0,0.0,14.0,34.86666666666666,0.0,10,21,4,1,0,36.7,0.0,34.9,0.0,0
Bahawalpur,2026-04-21 11:00:00,38.8,11,10.1,1006.0,0.0,36.8,0.0,13.0,36.86666666666666,0.0,11,21,4,1,0,37.9,0.0,34.9375,0.0,0
Bahawalpur,2026-04-21 12:00:00,40.3,10,14.4,1005.0,0.0,38.8,0.0,11.0,38.633333333333326,0.0,12,21,4,1,0,38.9,0.0,34.99583333333333,0.0,1
Bahawalpur,2026-04-21 13:00:00,41.2,9,16.9,1004.0,0.0,40.3,0.0,10.0,40.099999999999994,0.0,13,21,4,1,0,39.6,0.0,35.0625,0.0,1
Bahawalpur,2026-04-21 14:00:00,41.6,8,15.8,1003.0,0.0,41.2,0.0,9.0,41.03333333333333,0.0,14,21,4,1,0,40.0,0.0,35.12916666666667,0.0,1
Bahawalpur,2026-04-21 15:00:00,41.7,8,15.5,1002.0,0.0,41.6,0.0,8.0,41.5,0.0,15,21,4,1,0,40.2,0.0,35.19166666666667,0.0,1
Bahawalpur,2026-04-21 16:00:00,41.6,8,15.8,1002.0,0.0,41.7,0.0,8.0,41.63333333333333,0.0,16,21,4,1,0,40.1,0.0,35.25416666666667,0.0,1
Bahawalpur,2026-04-21 17:00:00,41.1,8,15.1,1002.0,0.0,41.6,0.0,8.0,41.46666666666666,0.0,17,21,4,1,0,39.9,0.0,35.30416666666667,0.0,0
Bahawalpur,2026-04-21 18:00:00,39.9,8,13.3,1002.0,0.0,41.1,0.0,8.0,40.86666666666667,0.0,18,21,4,1,0,39.2,0.0,35.333333333333336,0.0,0
Bahawalpur,2026-04-21 19:00:00,36.9,10,12.6,1002.0,0.0,39.9,0.0,8.0,39.29999999999999,0.0,19,21,4,1,0,36.8,0.0,35.3375,0.0,0
Bahawalpur,2026-04-21 20:00:00,35.6,11,12.2,1003.0,0.0,36.9,0.0,10.0,37.46666666666666,0.0,20,21,4,1,0,35.9,0.0,35.325,0.0,0
Bahawalpur,2026-04-21 21:00:00,34.8,12,11.9,1003.0,0.0,35.6,0.0,11.0,35.76666666666666,0.0,21,21,4,1,0,35.1,0.0,35.3125,0.0,0
Bahawalpur,2026-04-21 22:00:00,33.9,13,11.2,1004.0,0.0,34.8,0.0,12.0,34.76666666666666,0.0,22,21,4,1,0,34.4,0.0,35.291666666666664,0.0,0
Bahawalpur,2026-04-21 23:00:00,33.1,14,10.1,1004.0,0.0,33.9,0.0,13.0,33.93333333333333,0.0,23,21,4,1,0,33.9,0.0,35.25833333333333,0.0,0
Bahawalpur,2026-04-22 00:00:00,33.0,14,9.7,1004.0,0.0,33.1,0.0,14.0,33.33333333333333,0.0,0,22,4,2,0,31.6,0.0,35.31666666666667,0.0,0
Bahawalpur,2026-04-22 01:00:00,32.4,15,10.1,1003.0,0.0,33.0,0.0,14.0,32.833333333333336,0.0,1,22,4,2,0,31.1,0.0,35.37083333333333,0.0,0
Bahawalpur,2026-04-22 02:00:00,31.9,16,10.8,1003.0,0.0,32.4,0.0,15.0,32.43333333333333,0.0,2,22,4,2,0,30.8,0.0,35.416666666666664,0.0,0
Bahawalpur,2026-04-22 03:00:00,31.3,17,13.0,1003.0,0.0,31.9,0.0,16.0,31.86666666666666,0.0,3,22,4,2,0,30.6,0.0,35.44583333333333,0.0,0
Bahawalpur,2026-04-22 04:00:00,30.5,18,12.2,1003.0,0.0,31.3,0.0,17.0,31.23333333333333,0.0,4,22,4,2,0,30.0,0.0,35.46666666666667,0.0,0
Bahawalpur,2026-04-22 05:00:00,30.1,18,13.7,1004.0,0.0,30.5,0.0,18.0,30.63333333333333,0.0,5,22,4,2,0,28.9,0.0,35.51666666666667,0.0,0
Bahawalpur,2026-04-22 06:00:00,29.8,18,14.8,1004.0,0.0,30.1,0.0,18.0,30.13333333333333,0.0,6,22,4,2,0,28.1,0.0,35.5875,0.0,0
Bahawalpur,2026-04-22 07:00:00,31.4,16,18.0,1005.0,0.0,29.8,0.0,18.0,30.433333333333326,0.0,7,22,4,2,0,30.0,0.0,35.645833333333336,0.0,0
Bahawalpur,2026-04-22 08:00:00,33.7,17,23.8,1005.0,0.0,31.4,0.0,16.0,31.633333333333326,0.0,8,22,4,2,0,32.8,0.0,35.68333333333333,0.0,0
Bahawalpur,2026-04-22 09:00:00,36.4,16,24.8,1005.0,0.0,33.7,0.0,17.0,33.83333333333333,0.0,9,22,4,2,0,35.0,0.0,35.74166666666667,0.0,0
Bahawalpur,2026-04-22 10:00:00,38.8,14,24.8,1005.0,0.0,36.4,0.0,16.0,36.3,0.0,10,22,4,2,0,36.8,0.0,35.824999999999996,0.0,0
Bahawalpur,2026-04-22 11:00:00,40.5,12,23.8,1005.0,0.0,38.8,0.0,14.0,38.56666666666666,0.0,11,22,4,2,0,38.8,0.0,35.895833333333336,0.0,0
Bahawalpur,2026-04-22 12:00:00,41.5,10,23.8,1004.0,0.0,40.5,0.0,12.0,40.26666666666666,0.0,12,22,4,2,0,40.3,0.0,35.94583333333333,0.0,1
Bahawalpur,2026-04-22 13:00:00,42.1,9,23.8,1003.0,0.0,41.5,0.0,10.0,41.36666666666667,0.0,13,22,4,2,0,41.2,0.0,35.983333333333334,0.0,1
Bahawalpur,2026-04-22 14:00:00,42.3,9,23.0,1002.0,0.0,42.1,0.0,9.0,41.96666666666666,0.0,14,22,4,2,0,41.6,0.0,36.0125,0.0,1
Bahawalpur,2026-04-22 15:00:00,42.2,9,22.0,1001.0,0.0,42.3,0.0,9.0,42.199999999999996,0.0,15,22,4,2,0,41.7,0.0,36.03333333333333,0.0,1
Bahawalpur,2026-04-22 16:00:00,41.9,9,21.2,1001.0,0.0,42.2,0.0,9.0,42.13333333333333,0.0,16,22,4,2,0,41.6,0.0,36.04583333333333,0.0,1
Bahawalpur,2026-04-22 17:00:00,41.3,9,20.5,1000.0,0.0,41.9,0.0,9.0,41.8,0.0,17,22,4,2,0,41.1,0.0,36.05416666666667,0.0,0
Bahawalpur,2026-04-22 18:00:00,40.2,10,19.4,1001.0,0.0,41.3,0.0,9.0,41.13333333333333,0.0,18,22,4,2,0,39.9,0.0,36.06666666666666,0.0,0
Bahawalpur,2026-04-22 19:00:00,37.3,12,16.6,1001.0,0.0,40.2,0.0,10.0,39.599999999999994,0.0,19,22,4,2,0,36.9,0.0,36.083333333333336,0.0,0
Bahawalpur,2026-04-22 20:00:00,36.1,12,16.6,1002.0,0.0,37.3,0.0,12.0,37.86666666666667,0.0,20,22,4,2,0,35.6,0.0,36.104166666666664,0.0,0
Bahawalpur,2026-04-22 21:00:00,35.2,13,18.0,1002.0,0.0,36.1,0.0,12.0,36.199999999999996,0.0,21,22,4,2,0,34.8,0.0,36.12083333333333,0.0,0
Bahawalpur,2026-04-22 22:00:00,34.7,13,20.2,1003.0,0.0,35.2,0.0,13.0,35.333333333333336,0.0,22,22,4,2,0,33.9,0.0,36.15416666666667,0.0,0
Bahawalpur,2026-04-22 23:00:00,34.0,13,21.6,1003.0,0.0,34.7,0.0,13.0,34.63333333333333,0.0,23,22,4,2,0,33.1,0.0,36.19166666666667,0.0,0
Bahawalpur,2026-04-23 00:00:00,33.3,14,17.6,1003.0,0.0,34.0,0.0,13.0,33.99999999999999,0.0,0,23,4,3,0,33.0,0.0,36.204166666666666,0.0,0
Bahawalpur,2026-04-23 01:00:00,32.4,13,17.6,1002.0,0.0,33.3,0.0,14.0,33.23333333333333,0.0,1,23,4,3,0,32.4,0.0,36.204166666666666,0.0,0
Bahawalpur,2026-04-23 02:00:00,31.4,13,16.6,1002.0,0.0,32.4,0.0,13.0,32.36666666666667,0.0,2,23,4,3,0,31.9,0.0,36.18333333333334,0.0,0
Bahawalpur,2026-04-23 03:00:00,30.7,12,15.8,1002.0,0.0,31.4,0.0,13.0,31.499999999999996,0.0,3,23,4,3,0,31.3,0.0,36.15833333333333,0.0,0
Bahawalpur,2026-04-23 04:00:00,30.2,12,15.1,1002.0,0.0,30.7,0.0,12.0,30.766666666666662,0.0,4,23,4,3,0,30.5,0.0,36.145833333333336,0.0,0
Bahawalpur,2026-04-23 05:00:00,29.7,13,15.1,1003.0,0.0,30.2,0.0,12.0,30.199999999999992,0.0,5,23,4,3,0,30.1,0.0,36.12916666666666,0.0,0
Bahawalpur,2026-04-23 06:00:00,29.3,14,14.8,1003.0,0.0,29.7,0.0,13.0,29.73333333333333,0.0,6,23,4,3,0,29.8,0.0,36.108333333333334,0.0,0
Bahawalpur,2026-04-23 07:00:00,31.1,15,18.7,1004.0,0.0,29.3,0.0,14.0,30.03333333333333,0.0,7,23,4,3,0,31.4,0.0,36.09583333333334,0.0,0
Bahawalpur,2026-04-23 08:00:00,33.4,18,22.7,1005.0,0.0,31.1,0.0,15.0,31.266666666666662,0.0,8,23,4,3,0,33.7,0.0,36.083333333333336,0.0,0
Bahawalpur,2026-04-23 09:00:00,36.2,17,21.6,1005.0,0.0,33.4,0.0,18.0,33.56666666666666,0.0,9,23,4,3,0,36.4,0.0,36.074999999999996,0.0,0
Bahawalpur,2026-04-23 10:00:00,38.9,13,19.1,1005.0,0.0,36.2,0.0,17.0,36.166666666666664,0.0,10,23,4,3,0,38.8,0.0,36.07916666666667,0.0,0
Bahawalpur,2026-04-23 11:00:00,40.7,11,18.0,1004.0,0.0,38.9,0.0,13.0,38.599999999999994,0.0,11,23,4,3,0,40.5,0.0,36.0875,0.0,0
Bahawalpur,2026-04-23 12:00:00,41.7,11,17.3,1004.0,0.0,40.7,0.0,11.0,40.43333333333333,0.0,12,23,4,3,0,41.5,0.0,36.09583333333334,0.0,1
Bahawalpur,2026-04-23 13:00:00,42.3,10,16.6,1003.0,0.0,41.7,0.0,11.0,41.56666666666666,0.0,13,23,4,3,0,42.1,0.0,36.104166666666664,0.0,1
Bahawalpur,2026-04-23 14:00:00,42.6,10,15.8,1002.0,0.0,42.3,0.0,10.0,42.199999999999996,0.0,14,23,4,3,0,42.3,0.0,36.11666666666667,0.0,1
Bahawalpur,2026-04-23 15:00:00,42.8,10,15.5,1001.0,0.0,42.6,0.0,10.0,42.566666666666656,0.0,15,23,4,3,0,42.2,0.0,36.141666666666666,0.0,1
Bahawalpur,2026-04-23 16:00:00,42.6,10,16.2,1001.0,0.0,42.8,0.0,10.0,42.66666666666666,0.0,16,23,4,3,0,41.9,0.0,36.170833333333334,0.0,1
Bahawalpur,2026-04-23 17:00:00,42.0,10,18.4,1000.0,0.0,42.6,0.0,10.0,42.46666666666666,0.0,17,23,4,3,0,41.3,0.0,36.199999999999996,0.0,0
Bahawalpur,2026-04-23 18:00:00,40.7,11,18.4,1001.0,0.0,42.0,0.0,10.0,41.76666666666666,0.0,18,23,4,3,0,40.2,0.0,36.22083333333334,0.0,0
Bahawalpur,2026-04-23 19:00:00,38.5,12,15.5,1001.0,0.0,40.7,0.0,11.0,40.4,0.0,19,23,4,3,0,37.3,0.0,36.270833333333336,0.0,0
Bahawalpur,2026-04-23 20:00:00,36.9,14,15.8,1002.0,0.0,38.5,0.0,12.0,38.699999999999996,0.0,20,23,4,3,0,36.1,0.0,36.30416666666667,0.0,0
Bahawalpur,2026-04-23 21:00:00,35.8,15,16.2,1002.0,0.0,36.9,0.0,14.0,37.066666666666656,0.0,21,23,4,3,0,35.2,0.0,36.329166666666666,0.0,0
Bahawalpur,2026-04-23 22:00:00,34.9,16,15.1,1003.0,0.0,35.8,0.0,15.0,35.86666666666667,0.0,22,23,4,3,0,34.7,0.0,36.3375,0.0,0
Bahawalpur,2026-04-23 23:00:00,34.1,16,14.0,1003.0,0.0,34.9,0.0,16.0,34.93333333333333,0.0,23,23,4,3,0,34.0,0.0,36.34166666666666,0.0,0
Bahawalpur,2026-04-24 00:00:00,32.5,22,11.2,1004.0,0.0,34.1,0.0,16.0,33.83333333333333,0.0,0,24,4,4,0,33.3,0.0,36.30833333333333,0.0,0
Bahawalpur,2026-04-24 01:00:00,32.0,23,13.0,1003.0,0.0,32.5,0.0,22.0,32.86666666666667,0.0,1,24,4,4,0,32.4,0.0,36.291666666666664,0.0,0
Bahawalpur,2026-04-24 02:00:00,31.6,24,13.3,1003.0,0.0,32.0,0.0,23.0,32.03333333333333,0.0,2,24,4,4,0,31.4,0.0,36.3,0.0,0
Bahawalpur,2026-04-24 03:00:00,31.0,26,11.9,1003.0,0.0,31.6,0.0,24.0,31.53333333333333,0.0,3,24,4,4,0,30.7,0.0,36.3125,0.0,0
Bahawalpur,2026-04-24 04:00:00,30.5,27,11.5,1004.0,0.0,31.0,0.0,26.0,31.03333333333333,0.0,4,24,4,4,0,30.2,0.0,36.324999999999996,0.0,0
Bahawalpur,2026-04-24 05:00:00,30.0,29,10.4,1004.0,0.0,30.5,0.0,27.0,30.499999999999996,0.0,5,24,4,4,0,29.7,0.0,36.3375,0.0,0
Bahawalpur,2026-04-24 06:00:00,29.9,30,7.9,1004.0,0.0,30.0,0.0,29.0,30.133333333333326,0.0,6,24,4,4,0,29.3,0.0,36.3625,0.0,0
Bahawalpur,2026-04-24 07:00:00,31.8,27,5.4,1005.0,0.0,29.9,0.0,30.0,30.566666666666663,0.0,7,24,4,4,0,31.1,0.0,36.391666666666666,0.0,0
Bahawalpur,2026-04-24 08:00:00,34.2,23,9.0,1006.0,0.0,31.8,0.0,27.0,31.966666666666665,0.0,8,24,4,4,0,33.4,0.0,36.425,0.0,0
Bahawalpur,2026-04-24 09:00:00,36.6,20,7.9,1006.0,0.0,34.2,0.0,23.0,34.199999999999996,0.0,9,24,4,4,0,36.2,0.0,36.44166666666667,0.0,0
Bahawalpur,2026-04-24 10:00:00,38.8,16,6.1,1005.0,0.0,36.6,0.0,20.0,36.53333333333333,0.0,10,24,4,4,0,38.9,0.0,36.4375,0.0,0
Bahawalpur,2026-04-24 11:00:00,40.5,14,6.8,1005.0,0.0,38.8,0.0,16.0,38.633333333333326,0.0,11,24,4,4,0,40.7,0.0,36.42916666666667,0.0,0
Bahawalpur,2026-04-24 12:00:00,42.0,12,10.4,1004.0,0.0,40.5,0.0,14.0,40.43333333333333,0.0,12,24,4,4,0,41.7,0.0,36.44166666666667,0.0,1
Bahawalpur,2026-04-24 13:00:00,43.1,11,11.9,1003.0,0.0,42.0,0.0,12.0,41.86666666666666,0.0,13,24,4,4,0,42.3,0.0,36.475,0.0,1
Bahawalpur,2026-04-24 14:00:00,43.8,11,11.5,1002.0,0.0,43.1,0.0,11.0,42.96666666666666,0.0,14,24,4,4,0,42.6,0.0,36.525,0.0,1
Bahawalpur,2026-04-24 15:00:00,44.1,10,12.2,1001.0,0.0,43.8,0.0,11.0,43.666666666666664,0.0,15,24,4,4,0,42.8,0.0,36.57916666666667,0.0,1
Bahawalpur,2026-04-24 16:00:00,44.1,10,11.9,1000.0,0.0,44.1,0.0,10.0,44.0,0.0,16,24,4,4,0,42.6,0.0,36.641666666666666,0.0,1
Bahawalpur,2026-04-24 17:00:00,43.6,10,12.6,1000.0,0.0,44.1,0.0,10.0,43.93333333333333,0.0,17,24,4,4,0,42.0,0.0,36.708333333333336,0.0,0
Bahawalpur,2026-04-24 18:00:00,42.2,11,13.0,1000.0,0.0,43.6,0.0,10.0,43.300000000000004,0.0,18,24,4,4,0,40.7,0.0,36.770833333333336,0.0,0
Bahawalpur,2026-04-24 19:00:00,39.9,13,13.0,1001.0,0.0,42.2,0.0,11.0,41.9,0.0,19,24,4,4,0,38.5,0.0,36.829166666666666,0.0,0
Bahawalpur,2026-04-24 20:00:00,38.3,16,16.9,1002.0,0.0,39.9,0.0,13.0,40.13333333333333,0.0,20,24,4,4,0,36.9,0.0,36.887499999999996,0.0,0
Bahawalpur,2026-04-24 21:00:00,37.6,17,24.5,1003.0,0.0,38.3,0.0,16.0,38.599999999999994,0.0,21,24,4,4,0,35.8,0.0,36.9625,0.0,0
Bahawalpur,2026-04-24 22:00:00,34.7,22,17.6,1003.0,0.0,37.6,0.0,17.0,36.86666666666667,0.0,22,24,4,4,0,34.9,0.0,36.954166666666666,0.0,0
Bahawalpur,2026-04-24 23:00:00,33.4,25,10.1,1003.0,0.0,34.7,0.0,22.0,35.23333333333333,0.0,23,24,4,4,0,34.1,0.0,36.925000000000004,0.0,0
Faisalabad,2026-04-21 01:00:00,27.0,27,8.6,1005.0,0.0,27.4,0.0,26.0,27.599999999999998,0.0,1,21,4,1,0,26.8,0.0,31.625,0.1,0
Faisalabad,2026-04-21 02:00:00,26.5,28,10.8,1005.0,0.0,27.0,0.0,27.0,26.96666666666667,0.0,2,21,4,1,0,26.0,0.0,31.645833333333332,0.1,0
Faisalabad,2026-04-21 03:00:00,26.0,29,11.2,1005.0,0.0,26.5,0.0,28.0,26.5,0.0,3,21,4,1,0,25.1,0.0,31.683333333333334,0.1,0
Faisalabad,2026-04-21 04:00:00,25.7,30,12.2,1004.0,0.0,26.0,0.0,29.0,26.066666666666666,0.0,4,21,4,1,0,24.4,0.0,31.7375,0.1,0
Faisalabad,2026-04-21 05:00:00,25.3,31,9.4,1004.0,0.0,25.7,0.0,30.0,25.666666666666668,0.0,5,21,4,1,0,23.9,0.0,31.79583333333333,0.1,0
Faisalabad,2026-04-21 06:00:00,25.2,31,4.7,1005.0,0.0,25.3,0.0,31.0,25.400000000000002,0.0,6,21,4,1,0,23.8,0.0,31.854166666666668,0.1,0
Faisalabad,2026-04-21 07:00:00,27.9,27,1.8,1006.0,0.0,25.2,0.0,31.0,26.13333333333333,0.0,7,21,4,1,0,26.3,0.0,31.920833333333334,0.1,0
Faisalabad,2026-04-21 08:00:00,31.0,22,3.6,1006.0,0.0,27.9,0.0,27.0,28.03333333333333,0.0,8,21,4,1,0,29.5,0.0,31.983333333333334,0.1,0
Faisalabad,2026-04-21 09:00:00,33.9,18,7.6,1007.0,0.0,31.0,0.0,22.0,30.933333333333334,0.0,9,21,4,1,0,32.5,0.0,32.041666666666664,0.1,0
Faisalabad,2026-04-21 10:00:00,35.9,15,10.8,1006.0,0.0,33.9,0.0,18.0,33.6,0.0,10,21,4,1,0,34.8,0.0,32.0875,0.1,0
Faisalabad,2026-04-21 11:00:00,37.6,13,12.6,1006.0,0.0,35.9,0.0,15.0,35.800000000000004,0.0,11,21,4,1,0,36.4,0.0,32.137499999999996,0.1,0
Faisalabad,2026-04-21 12:00:00,39.0,12,14.8,1005.0,0.0,37.6,0.0,13.0,37.5,0.0,12,21,4,1,0,37.7,0.0,32.19166666666666,0.1,1
Faisalabad,2026-04-21 13:00:00,39.8,11,15.5,1004.0,0.0,39.0,0.0,12.0,38.8,0.0,13,21,4,1,0,38.5,0.0,32.24583333333333,0.1,1
Faisalabad,2026-04-21 14:00:00,40.3,10,16.6,1003.0,0.0,39.8,0.0,11.0,39.699999999999996,0.0,14,21,4,1,0,39.2,0.0,32.291666666666664,0.1,1
Faisalabad,2026-04-21 15:00:00,40.3,10,17.6,1002.0,0.0,40.3,0.0,10.0,40.13333333333333,0.0,15,21,4,1,0,39.4,0.0,32.329166666666666,0.1,1
Faisalabad,2026-04-21 16:00:00,40.0,10,18.7,1002.0,0.0,40.3,0.0,10.0,40.199999999999996,0.0,16,21,4,1,0,39.0,0.0,32.37083333333333,0.1,1
Faisalabad,2026-04-21 17:00:00,39.3,10,16.9,1002.0,0.0,40.0,0.0,10.0,39.86666666666667,0.0,17,21,4,1,0,38.0,0.0,32.425000000000004,0.1,0
Faisalabad,2026-04-21 18:00:00,37.6,11,12.2,1002.0,0.0,39.3,0.0,10.0,38.96666666666667,0.0,18,21,4,1,0,36.5,0.0,32.47083333333334,0.1,0
Faisalabad,2026-04-21 19:00:00,33.9,14,12.2,1003.0,0.0,37.6,0.0,11.0,36.93333333333333,0.0,19,21,4,1,0,33.8,0.0,32.475,0.0,0
Faisalabad,2026-04-21 20:00:00,32.2,16,10.8,1004.0,0.0,33.9,0.0,14.0,34.56666666666667,0.0,20,21,4,1,0,31.7,0.0,32.49583333333333,0.0,0
Faisalabad,2026-04-21 21:00:00,31.0,17,9.7,1004.0,0.0,32.2,0.0,16.0,32.36666666666667,0.0,21,21,4,1,0,30.4,0.0,32.52083333333333,0.0,0
Faisalabad,2026-04-21 22:00:00,30.1,18,9.7,1004.0,0.0,31.0,0.0,17.0,31.100000000000005,0.0,22,21,4,1,0,29.3,0.0,32.55416666666667,0.0,0
Faisalabad,2026-04-21 23:00:00,29.3,19,10.4,1004.0,0.0,30.1,0.0,18.0,30.133333333333336,0.0,23,21,4,1,0,28.4,0.0,32.59166666666667,0.0,0
Faisalabad,2026-04-22 00:00:00,28.5,22,9.4,1004.0,0.0,29.3,0.0,19.0,29.3,0.0,0,22,4,2,0,27.4,0.0,32.6375,0.0,0
Faisalabad,2026-04-22 01:00:00,28.1,22,7.9,1004.0,0.0,28.5,0.0,22.0,28.633333333333336,0.0,1,22,4,2,0,27.0,0.0,32.68333333333333,0.0,0
Faisalabad,2026-04-22 02:00:00,27.7,22,9.0,1003.0,0.0,28.1,0.0,22.0,28.100000000000005,0.0,2,22,4,2,0,26.5,0.0,32.733333333333334,0.0,0
Faisalabad,2026-04-22 03:00:00,27.4,22,9.7,1003.0,0.0,27.7,0.0,22.0,27.733333333333334,0.0,3,22,4,2,0,26.0,0.0,32.791666666666664,0.0,0
Faisalabad,2026-04-22 04:00:00,26.9,23,6.8,1003.0,0.0,27.4,0.0,22.0,27.333333333333332,0.0,4,22,4,2,0,25.7,0.0,32.84166666666666,0.0,0
Faisalabad,2026-04-22 05:00:00,26.3,24,1.4,1004.0,0.0,26.9,0.0,23.0,26.866666666666664,0.0,5,22,4,2,0,25.3,0.0,32.88333333333333,0.0,0
Faisalabad,2026-04-22 06:00:00,26.5,23,5.0,1004.0,0.0,26.3,0.0,24.0,26.566666666666666,0.0,6,22,4,2,0,25.2,0.0,32.9375,0.0,0
Faisalabad,2026-04-22 07:00:00,29.1,20,3.6,1005.0,0.0,26.5,0.0,23.0,27.3,0.0,7,22,4,2,0,27.9,0.0,32.987500000000004,0.0,0
Faisalabad,2026-04-22 08:00:00,32.3,17,4.3,1005.0,0.0,29.1,0.0,20.0,29.3,0.0,8,22,4,2,0,31.0,0.0,33.041666666666664,0.0,0
Faisalabad,2026-04-22 09:00:00,35.7,14,6.5,1005.0,0.0,32.3,0.0,17.0,32.36666666666667,0.0,9,22,4,2,0,33.9,0.0,33.11666666666667,0.0,0
Faisalabad,2026-04-22 10:00:00,38.0,12,6.8,1005.0,0.0,35.7,0.0,14.0,35.333333333333336,0.0,10,22,4,2,0,35.9,0.0,33.20416666666667,0.0,0
Faisalabad,2026-04-22 11:00:00,39.5,11,7.6,1004.0,0.0,38.0,0.0,12.0,37.733333333333334,0.0,11,22,4,2,0,37.6,0.0,33.28333333333334,0.0,0
Faisalabad,2026-04-22 12:00:00,40.5,10,7.9,1003.0,0.0,39.5,0.0,11.0,39.333333333333336,0.0,12,22,4,2,0,39.0,0.0,33.34583333333334,0.0,1
Faisalabad,2026-04-22 13:00:00,41.1,9,9.4,1002.0,0.0,40.5,0.0,10.0,40.36666666666667,0.0,13,22,4,2,0,39.8,0.0,33.4,0.0,1
Faisalabad,2026-04-22 14:00:00,41.2,9,11.2,1002.0,0.0,41.1,0.0,9.0,40.93333333333334,0.0,14,22,4,2,0,40.3,0.0,33.4375,0.0,1
Faisalabad,2026-04-22 15:00:00,41.0,8,11.5,1001.0,0.0,41.2,0.0,9.0,41.1,0.0,15,22,4,2,0,40.3,0.0,33.46666666666667,0.0,1
Faisalabad,2026-04-22 16:00:00,41.0,8,10.1,1000.0,0.0,41.0,0.0,8.0,41.06666666666667,0.0,16,22,4,2,0,40.0,0.0,33.50833333333333,0.0,1
Faisalabad,2026-04-22 17:00:00,40.6,8,8.6,1000.0,0.0,41.0,0.0,8.0,40.86666666666667,0.0,17,22,4,2,0,39.3,0.0,33.5625,0.0,0
Faisalabad,2026-04-22 18:00:00,38.5,10,6.8,1000.0,0.0,40.6,0.0,8.0,40.03333333333333,0.0,18,22,4,2,0,37.6,0.0,33.6,0.0,0
Faisalabad,2026-04-22 19:00:00,35.2,11,6.1,1001.0,0.0,38.5,0.0,10.0,38.1,0.0,19,22,4,2,0,33.9,0.0,33.65416666666667,0.0,0
Faisalabad,2026-04-22 20:00:00,33.9,13,7.9,1001.0,0.0,35.2,0.0,11.0,35.86666666666667,0.0,20,22,4,2,0,32.2,0.0,33.725,0.0,0
Faisalabad,2026-04-22 21:00:00,32.7,14,9.4,1002.0,0.0,33.9,0.0,13.0,33.93333333333334,0.0,21,22,4,2,0,31.0,0.0,33.795833333333334,0.0,0
Faisalabad,2026-04-22 22:00:00,31.6,16,9.0,1002.0,0.0,32.7,0.0,14.0,32.733333333333334,0.0,22,22,4,2,0,30.1,0.0,33.858333333333334,0.0,0
Faisalabad,2026-04-22 23:00:00,30.8,18,5.8,1002.0,0.0,31.6,0.0,16.0,31.700000000000003,0.0,23,22,4,2,0,29.3,0.0,33.920833333333334,0.0,0
Faisalabad,2026-04-23 00:00:00,30.2,21,9.7,1003.0,0.0,30.8,0.0,18.0,30.866666666666664,0.0,0,23,4,3,0,28.5,0.0,33.99166666666667,0.0,0
Faisalabad,2026-04-23 01:00:00,29.2,23,4.7,1003.0,0.0,30.2,0.0,21.0,30.066666666666666,0.0,1,23,4,3,0,28.1,0.0,34.0375,0.0,0
Faisalabad,2026-04-23 02:00:00,28.8,24,6.8,1003.0,0.0,29.2,0.0,23.0,29.400000000000002,0.0,2,23,4,3,0,27.7,0.0,34.083333333333336,0.0,0
Faisalabad,2026-04-23 03:00:00,28.3,25,6.8,1003.0,0.0,28.8,0.0,24.0,28.766666666666666,0.0,3,23,4,3,0,27.4,0.0,34.12083333333334,0.0,0
Faisalabad,2026-04-23 04:00:00,28.2,25,7.6,1003.0,0.0,28.3,0.0,25.0,28.433333333333334,0.0,4,23,4,3,0,26.9,0.0,34.175000000000004,0.0,0
Faisalabad,2026-04-23 05:00:00,28.0,26,8.6,1002.0,0.0,28.2,0.0,25.0,28.166666666666668,0.0,5,23,4,3,0,26.3,0.0,34.24583333333333,0.0,0
Faisalabad,2026-04-23 06:00:00,28.2,26,7.6,1003.0,0.0,28.0,0.0,26.0,28.133333333333336,0.0,6,23,4,3,0,26.5,0.0,34.31666666666667,0.0,0
Faisalabad,2026-04-23 07:00:00,31.0,22,8.3,1003.0,0.0,28.2,0.0,26.0,29.066666666666666,0.0,7,23,4,3,0,29.1,0.0,34.395833333333336,0.0,0
Faisalabad,2026-04-23 08:00:00,34.6,17,8.6,1004.0,0.0,31.0,0.0,22.0,31.266666666666666,0.0,8,23,4,3,0,32.3,0.0,34.49166666666667,0.0,0
Faisalabad,2026-04-23 09:00:00,37.4,14,7.6,1004.0,0.0,34.6,0.0,17.0,34.333333333333336,0.0,9,23,4,3,0,35.7,0.0,34.5625,0.0,0
Faisalabad,2026-04-23 10:00:00,39.3,12,6.8,1004.0,0.0,37.4,0.0,14.0,37.099999999999994,0.0,10,23,4,3,0,38.0,0.0,34.61666666666667,0.0,0
Faisalabad,2026-04-23 11:00:00,40.6,11,7.6,1004.0,0.0,39.3,0.0,12.0,39.1,0.0,11,23,4,3,0,39.5,0.0,34.6625,0.0,0
Faisalabad,2026-04-23 12:00:00,41.9,10,7.2,1003.0,0.0,40.6,0.0,11.0,40.6,0.0,12,23,4,3,0,40.5,0.0,34.72083333333333,0.0,1
Faisalabad,2026-04-23 13:00:00,42.8,9,6.5,1002.0,0.0,41.9,0.0,10.0,41.76666666666666,0.0,13,23,4,3,0,41.1,0.0,34.791666666666664,0.0,1
Faisalabad,2026-04-23 14:00:00,43.3,9,7.6,1001.0,0.0,42.8,0.0,9.0,42.666666666666664,0.0,14,23,4,3,0,41.2,0.0,34.87916666666667,0.0,1
Faisalabad,2026-04-23 15:00:00,43.4,9,9.7,1000.0,0.0,43.3,0.0,9.0,43.166666666666664,0.0,15,23,4,3,0,41.0,0.0,34.979166666666664,0.0,1
Faisalabad,2026-04-23 16:00:00,42.9,9,11.5,1000.0,0.0,43.4,0.0,9.0,43.199999999999996,0.0,16,23,4,3,0,41.0,0.0,35.05833333333333,0.0,1
Faisalabad,2026-04-23 17:00:00,42.3,10,14.0,1000.0,0.0,42.9,0.0,9.0,42.86666666666667,0.0,17,23,4,3,0,40.6,0.0,35.12916666666667,0.0,0
Faisalabad,2026-04-23 18:00:00,40.5,11,14.4,1000.0,0.0,42.3,0.0,10.0,41.9,0.0,18,23,4,3,0,38.5,0.0,35.2125,0.0,0
Faisalabad,2026-04-23 19:00:00,36.8,15,11.9,1000.0,0.0,40.5,0.0,11.0,39.86666666666667,0.0,19,23,4,3,0,35.2,0.0,35.27916666666667,0.0,0
Faisalabad,2026-04-23 20:00:00,35.0,18,10.4,1001.0,0.0,36.8,0.0,15.0,37.43333333333334,0.0,20,23,4,3,0,33.9,0.0,35.324999999999996,0.0,0
Faisalabad,2026-04-23 21:00:00,33.8,21,7.9,1002.0,0.0,35.0,0.0,18.0,35.199999999999996,0.0,21,23,4,3,0,32.7,0.0,35.37083333333333,0.0,0
Faisalabad,2026-04-23 22:00:00,32.9,23,9.7,1003.0,0.0,33.8,0.0,21.0,33.9,0.0,22,23,4,3,0,31.6,0.0,35.425000000000004,0.0,0
Faisalabad,2026-04-23 23:00:00,32.7,24,8.6,1003.0,0.0,32.9,0.0,23.0,33.13333333333333,0.0,23,23,4,3,0,30.8,0.0,35.50416666666666,0.0,0
Faisalabad,2026-04-24 00:00:00,31.3,28,16.6,1004.0,0.0,32.7,0.0,24.0,32.3,0.0,0,24,4,4,0,30.2,0.0,35.550000000000004,0.0,0
Faisalabad,2026-04-24 01:00:00,30.2,30,12.6,1003.0,0.0,31.3,0.0,28.0,31.400000000000002,0.0,1,24,4,4,0,29.2,0.0,35.59166666666666,0.0,0
Faisalabad,2026-04-24 02:00:00,29.9,31,11.5,1003.0,0.0,30.2,0.0,30.0,30.46666666666667,0.0,2,24,4,4,0,28.8,0.0,35.637499999999996,0.0,0
Faisalabad,2026-04-24 03:00:00,29.3,31,9.4,1003.0,0.0,29.9,0.0,31.0,29.8,0.0,3,24,4,4,0,28.3,0.0,35.67916666666667,0.0,0
Faisalabad,2026-04-24 04:00:00,29.2,31,9.4,1003.0,0.0,29.3,0.0,31.0,29.46666666666667,0.0,4,24,4,4,0,28.2,0.0,35.72083333333333,0.0,0
Faisalabad,2026-04-24 05:00:00,28.7,32,8.6,1003.0,0.0,29.2,0.0,31.0,29.066666666666666,0.0,5,24,4,4,0,28.0,0.0,35.75,0.0,0
Faisalabad,2026-04-24 06:00:00,28.7,32,9.4,1004.0,0.0,28.7,0.0,32.0,28.866666666666664,0.0,6,24,4,4,0,28.2,0.0,35.770833333333336,0.0,0
Faisalabad,2026-04-24 07:00:00,31.2,27,9.0,1004.0,0.0,28.7,0.0,32.0,29.53333333333333,0.0,7,24,4,4,0,31.0,0.0,35.77916666666666,0.0,0
Faisalabad,2026-04-24 08:00:00,33.8,23,10.8,1005.0,0.0,31.2,0.0,27.0,31.23333333333333,0.0,8,24,4,4,0,34.6,0.0,35.74583333333333,0.0,0
Faisalabad,2026-04-24 09:00:00,35.9,21,10.8,1005.0,0.0,33.8,0.0,23.0,33.63333333333333,0.0,9,24,4,4,0,37.4,0.0,35.68333333333333,0.0,0
Faisalabad,2026-04-24 10:00:00,38.0,18,9.4,1005.0,0.0,35.9,0.0,21.0,35.9,0.0,10,24,4,4,0,39.3,0.0,35.62916666666667,0.0,0
Faisalabad,2026-04-24 11:00:00,39.9,16,10.8,1004.0,0.0,38.0,0.0,18.0,37.93333333333333,0.0,11,24,4,4,0,40.6,0.0,35.6,0.0,0
Faisalabad,2026-04-24 12:00:00,41.2,14,12.6,1004.0,0.0,39.9,0.0,16.0,39.7,0.0,12,24,4,4,0,41.9,0.0,35.57083333333333,0.0,1
Faisalabad,2026-04-24 13:00:00,42.1,13,13.3,1003.0,0.0,41.2,0.0,14.0,41.06666666666666,0.0,13,24,4,4,0,42.8,0.0,35.541666666666664,0.0,1
Faisalabad,2026-04-24 14:00:00,42.7,12,14.4,1002.0,0.0,42.1,0.0,13.0,42.0,0.0,14,24,4,4,0,43.3,0.0,35.516666666666666,0.0,1
Faisalabad,2026-04-24 15:00:00,42.9,11,15.5,1001.0,0.0,42.7,0.0,12.0,42.56666666666667,0.0,15,24,4,4,0,43.4,0.0,35.49583333333333,0.0,1
Faisalabad,2026-04-24 16:00:00,42.5,12,15.8,1000.0,0.0,42.9,0.0,11.0,42.699999999999996,0.0,16,24,4,4,0,42.9,0.0,35.479166666666664,0.0,1
Faisalabad,2026-04-24 17:00:00,41.9,12,14.0,1000.0,0.0,42.5,0.0,12.0,42.43333333333334,0.0,17,24,4,4,0,42.3,0.0,35.4625,0.0,0
Faisalabad,2026-04-24 18:00:00,40.4,13,10.8,1000.0,0.0,41.9,0.0,12.0,41.6,0.0,18,24,4,4,0,40.5,0.0,35.458333333333336,0.0,0
Faisalabad,2026-04-24 19:00:00,37.1,15,10.4,1001.0,0.0,40.4,0.0,13.0,39.800000000000004,0.0,19,24,4,4,0,36.8,0.0,35.47083333333333,0.0,0
Faisalabad,2026-04-24 20:00:00,36.1,17,7.9,1002.0,0.0,37.1,0.0,15.0,37.86666666666667,0.0,20,24,4,4,0,35.0,0.0,35.516666666666666,0.0,0
Faisalabad,2026-04-24 21:00:00,34.7,18,8.6,1003.0,0.0,36.1,0.0,17.0,35.96666666666667,0.0,21,24,4,4,0,33.8,0.0,35.55416666666667,0.0,0
Faisalabad,2026-04-24 22:00:00,33.5,20,12.2,1004.0,0.0,34.7,0.0,18.0,34.76666666666667,0.0,22,24,4,4,0,32.9,0.0,35.57916666666667,0.0,0
Faisalabad,2026-04-24 23:00:00,33.2,25,22.0,1004.0,0.0,33.5,0.0,20.0,33.800000000000004,0.0,23,24,4,4,0,32.7,0.0,35.6,0.0,0
Gilgit,2026-04-21 01:00:00,-14.6,85,10.4,1030.0,0.0,-14.4,0.0,84.0,-14.0,0.0,1,21,4,1,0,-17.6,0.0,-8.9,22.0,0
Gilgit,2026-04-21 02:00:00,-14.9,85,10.4,1031.0,0.0,-14.6,0.0,85.0,-14.633333333333335,0.0,2,21,4,1,0,-18.3,0.0,-8.758333333333335,22.0,0
Gilgit,2026-04-21 03:00:00,-15.3,84,10.1,1032.0,0.0,-14.9,0.0,85.0,-14.933333333333332,0.0,3,21,4,1,0,-18.5,0.0,-8.625,21.9,0
Gilgit,2026-04-21 04:00:00,-15.9,84,10.1,1033.0,0.0,-15.3,0.0,84.0,-15.366666666666667,0.0,4,21,4,1,0,-18.6,0.0,-8.5125,21.8,0
Gilgit,2026-04-21 05:00:00,-16.3,83,10.4,1034.0,0.0,-15.9,0.0,84.0,-15.833333333333334,0.0,5,21,4,1,0,-18.9,0.0,-8.404166666666667,21.4,0
Gilgit,2026-04-21 06:00:00,-16.0,80,9.0,1034.0,0.0,-16.3,0.0,83.0,-16.066666666666666,0.0,6,21,4,1,0,-18.2,0.0,-8.3125,21.0,0
Gilgit,2026-04-21 07:00:00,-13.9,71,6.5,1031.0,0.0,-16.0,0.0,80.0,-15.399999999999999,0.0,7,21,4,1,0,-14.2,0.0,-8.3,20.6,0
Gilgit,2026-04-21 08:00:00,-7.9,61,5.4,1030.0,0.0,-13.9,0.0,71.0,-12.6,0.0,8,21,4,1,0,-7.2,0.0,-8.329166666666666,19.6,0
Gilgit,2026-04-21 09:00:00,-5.8,53,5.8,1028.0,0.0,-7.9,0.0,61.0,-9.200000000000001,0.0,9,21,4,1,0,-5.2,0.0,-8.354166666666666,19.3,0
Gilgit,2026-04-21 10:00:00,-4.3,45,4.7,1026.0,0.0,-5.8,0.0,53.0,-6.0,0.0,10,21,4,1,0,-3.4,0.0,-8.391666666666667,19.1,0
Gilgit,2026-04-21 11:00:00,-3.0,51,6.5,1026.0,0.0,-4.3,0.0,45.0,-4.366666666666666,0.0,11,21,4,1,0,-1.8,0.0,-8.441666666666668,19.0,0
Gilgit,2026-04-21 12:00:00,-2.6,45,3.6,1024.0,0.0,-3.0,0.0,51.0,-3.3000000000000003,0.0,12,21,4,1,0,-0.4,0.0,-8.533333333333333,18.9,1
Gilgit,2026-04-21 13:00:00,-1.5,49,3.2,1023.0,0.0,-2.6,0.0,45.0,-2.3666666666666667,0.0,13,21,4,1,0,0.5,0.0,-8.616666666666667,18.8,1
Gilgit,2026-04-21 14:00:00,-0.9,49,1.4,1022.0,0.0,-1.5,0.0,49.0,-1.6666666666666667,0.0,14,21,4,1,0,0.9,0.0,-8.691666666666668,18.5,1
Gilgit,2026-04-21 15:00:00,-0.5,46,1.8,1021.0,0.0,-0.9,0.0,49.0,-0.9666666666666667,0.0,15,21,4,1,0,1.3,0.0,-8.766666666666667,18.1,1
Gilgit,2026-04-21 16:00:00,0.2,52,2.9,1021.0,0.0,-0.5,0.0,46.0,-0.39999999999999997,0.0,16,21,4,1,0,1.2,0.0,-8.808333333333334,17.8,1
Gilgit,2026-04-21 17:00:00,-0.3,60,4.0,1021.0,0.0,0.2,0.0,52.0,-0.19999999999999998,0.0,17,21,4,1,0,0.4,0.0,-8.8375,17.6,0
Gilgit,2026-04-21 18:00:00,-6.8,65,10.1,1022.0,0.0,-0.3,0.0,60.0,-2.3,0.0,18,21,4,1,0,-6.5,0.0,-8.85,17.2,0
Gilgit,2026-04-21 19:00:00,-8.7,66,10.1,1024.0,0.0,-6.8,0.0,65.0,-5.266666666666667,0.0,19,21,4,1,0,-9.1,0.0,-8.833333333333334,16.8,0
Gilgit,2026-04-21 20:00:00,-9.9,66,9.4,1026.0,0.0,-8.7,0.0,66.0,-8.466666666666667,0.0,20,21,4,1,0,-10.8,0.0,-8.795833333333334,16.6,0
Gilgit,2026-04-21 21:00:00,-10.6,67,10.8,1028.0,0.0,-9.9,0.0,66.0,-9.733333333333334,0.0,21,21,4,1,0,-12.1,0.0,-8.733333333333333,16.5,0
Gilgit,2026-04-21 22:00:00,-10.8,66,10.1,1028.0,0.0,-10.6,0.0,67.0,-10.433333333333332,0.0,22,21,4,1,0,-12.7,0.0,-8.654166666666667,16.5,0
Gilgit,2026-04-21 23:00:00,-11.3,67,9.7,1028.0,0.0,-10.8,0.0,66.0,-10.9,0.0,23,21,4,1,0,-13.0,0.0,-8.583333333333334,16.5,0
Gilgit,2026-04-22 00:00:00,-11.2,66,12.2,1026.0,0.0,-11.3,0.0,67.0,-11.1,0.0,0,22,4,2,0,-14.4,0.0,-8.45,16.4,0
Gilgit,2026-04-22 01:00:00,-12.2,68,11.9,1027.0,0.0,-11.2,0.0,66.0,-11.566666666666668,0.0,1,22,4,2,0,-14.6,0.0,-8.35,16.3,0
Gilgit,2026-04-22 02:00:00,-12.6,69,10.8,1026.0,0.0,-12.2,0.0,68.0,-12.0,0.0,2,22,4,2,0,-14.9,0.0,-8.254166666666666,16.2,0
Gilgit,2026-04-22 03:00:00,-12.9,69,10.4,1027.0,0.0,-12.6,0.0,69.0,-12.566666666666668,0.0,3,22,4,2,0,-15.3,0.0,-8.154166666666667,16.0,0
Gilgit,2026-04-22 04:00:00,-13.4,68,13.3,1027.0,0.0,-12.9,0.0,69.0,-12.966666666666667,0.0,4,22,4,2,0,-15.9,0.0,-8.05,15.9,0
Gilgit,2026-04-22 05:00:00,-13.4,67,7.6,1028.0,0.0,-13.4,0.0,68.0,-13.233333333333334,0.0,5,22,4,2,0,-16.3,0.0,-7.929166666666666,15.7,0
Gilgit,2026-04-22 06:00:00,-13.5,66,11.9,1029.0,0.0,-13.4,0.0,67.0,-13.433333333333335,0.0,6,22,4,2,0,-16.0,0.0,-7.824999999999999,15.299999999999999,0
Gilgit,2026-04-22 07:00:00,-11.2,61,9.0,1026.0,0.0,-13.5,0.0,66.0,-12.700000000000001,0.0,7,22,4,2,0,-13.9,0.0,-7.7124999999999995,14.9,0
Gilgit,2026-04-22 08:00:00,-4.7,55,7.6,1024.0,0.0,-11.2,0.0,61.0,-9.8,0.0,8,22,4,2,0,-7.9,0.0,-7.579166666666667,14.6,0
Gilgit,2026-04-22 09:00:00,-2.2,51,7.9,1022.0,0.0,-4.7,0.0,55.0,-6.033333333333334,0.0,9,22,4,2,0,-5.8,0.0,-7.429166666666667,13.799999999999999,0
Gilgit,2026-04-22 10:00:00,-0.4,48,6.8,1020.0,0.0,-2.2,0.0,51.0,-2.4333333333333336,0.0,10,22,4,2,0,-4.3,0.0,-7.266666666666666,12.6,0
Gilgit,2026-04-22 11:00:00,0.9,48,5.4,1019.0,0.0,-0.4,0.0,48.0,-0.5666666666666668,0.0,11,22,4,2,0,-3.0,0.0,-7.104166666666667,11.2,0
Gilgit,2026-04-22 12:00:00,2.0,50,5.0,1017.0,0.0,0.9,0.0,48.0,0.8333333333333334,0.0,12,22,4,2,0,-2.6,0.0,-6.9125000000000005,9.9,1
Gilgit,2026-04-22 13:00:00,2.8,56,5.4,1016.0,0.0,2.0,0.0,50.0,1.8999999999999997,0.0,13,22,4,2,0,-1.5,0.0,-6.733333333333333,8.9,1
Gilgit,2026-04-22 14:00:00,3.3,56,6.1,1015.0,0.0,2.8,0.0,56.0,2.6999999999999997,0.0,14,22,4,2,0,-0.9,0.0,-6.558333333333333,8.0,1
Gilgit,2026-04-22 15:00:00,3.5,55,7.2,1015.0,0.0,3.3,0.0,56.0,3.1999999999999997,0.0,15,22,4,2,0,-0.5,0.0,-6.391666666666666,7.1000000000000005,1
Gilgit,2026-04-22 16:00:00,3.4,55,7.9,1015.0,0.0,3.5,0.0,55.0,3.4,0.0,16,22,4,2,0,0.2,0.0,-6.258333333333334,6.500000000000001,1
Gilgit,2026-04-22 17:00:00,2.5,59,9.4,1015.0,0.0,3.4,0.0,55.0,3.133333333333333,0.0,17,22,4,2,0,-0.3,0.0,-6.141666666666667,5.4,0
Gilgit,2026-04-22 18:00:00,-3.1,65,10.4,1017.0,0.0,2.5,0.0,59.0,0.9333333333333331,0.0,18,22,4,2,0,-6.8,0.0,-5.987500000000001,3.9,0
Gilgit,2026-04-22 19:00:00,-7.0,67,11.5,1020.0,0.0,-3.1,0.0,65.0,-2.533333333333333,0.0,19,22,4,2,0,-8.7,0.0,-5.916666666666667,2.3,0
Gilgit,2026-04-22 20:00:00,-7.3,67,13.7,1021.0,0.0,-7.0,0.0,67.0,-5.8,0.0,20,22,4,2,0,-9.9,0.0,-5.808333333333333,1.1,0
Gilgit,2026-04-22 21:00:00,-8.1,66,11.9,1022.0,0.0,-7.3,0.0,67.0,-7.466666666666666,0.0,21,22,4,2,0,-10.6,0.0,-5.704166666666667,0.5,0
Gilgit,2026-04-22 22:00:00,-8.5,66,11.2,1023.0,0.0,-8.1,0.0,66.0,-7.966666666666666,0.0,22,22,4,2,0,-10.8,0.0,-5.608333333333333,0.1,0
Gilgit,2026-04-22 23:00:00,-9.1,67,11.5,1023.0,0.0,-8.5,0.0,66.0,-8.566666666666666,0.0,23,22,4,2,0,-11.3,0.0,-5.516666666666667,0.0,0
Gilgit,2026-04-23 00:00:00,-10.2,66,13.3,1022.0,0.0,-9.1,0.0,67.0,-9.266666666666667,0.0,0,23,4,3,0,-11.2,0.0,-5.4750000000000005,0.0,0
Gilgit,2026-04-23 01:00:00,-10.5,67,11.2,1023.0,0.0,-10.2,0.0,66.0,-9.933333333333334,0.0,1,23,4,3,0,-12.2,0.0,-5.404166666666668,0.0,0
Gilgit,2026-04-23 02:00:00,-11.3,68,9.0,1024.0,0.0,-10.5,0.0,67.0,-10.666666666666666,0.0,2,23,4,3,0,-12.6,0.0,-5.3500000000000005,0.0,0
Gilgit,2026-04-23 03:00:00,-11.6,69,9.7,1025.0,0.0,-11.3,0.0,68.0,-11.133333333333333,0.0,3,23,4,3,0,-12.9,0.0,-5.295833333333333,0.0,0
Gilgit,2026-04-23 04:00:00,-11.9,70,11.2,1026.0,0.0,-11.6,0.0,69.0,-11.6,0.0,4,23,4,3,0,-13.4,0.0,-5.233333333333333,0.0,0
Gilgit,2026-04-23 05:00:00,-11.6,69,9.7,1026.0,0.0,-11.9,0.0,70.0,-11.700000000000001,0.0,5,23,4,3,0,-13.4,0.0,-5.158333333333333,0.0,0
Gilgit,2026-04-23 06:00:00,-11.3,70,12.2,1026.0,0.0,-11.6,0.0,69.0,-11.600000000000001,0.0,6,23,4,3,0,-13.5,0.0,-5.066666666666666,0.0,0
Gilgit,2026-04-23 07:00:00,-9.2,67,14.0,1024.0,0.0,-11.3,0.0,70.0,-10.700000000000001,0.0,7,23,4,3,0,-11.2,0.0,-4.983333333333333,0.0,0
Gilgit,2026-04-23 08:00:00,-2.1,64,9.4,1022.0,0.0,-9.2,0.0,67.0,-7.533333333333334,0.0,8,23,4,3,0,-4.7,0.0,-4.875,0.0,0
Gilgit,2026-04-23 09:00:00,-0.2,62,5.8,1021.0,0.0,-2.1,0.0,64.0,-3.833333333333334,0.0,9,23,4,3,0,-2.2,0.0,-4.791666666666667,0.0,0
Gilgit,2026-04-23 10:00:00,1.2,62,6.5,1020.0,0.0,-0.2,0.0,62.0,-0.3666666666666673,0.0,10,23,4,3,0,-0.4,0.0,-4.725,0.0,0
Gilgit,2026-04-23 11:00:00,2.2,67,5.4,1019.0,0.0,1.2,0.0,62.0,1.0666666666666662,0.0,11,23,4,3,0,0.9,0.0,-4.670833333333333,0.0,0
Gilgit,2026-04-23 12:00:00,3.0,67,6.8,1018.0,0.0,2.2,0.0,67.0,2.133333333333333,0.0,12,23,4,3,0,2.0,0.0,-4.629166666666666,0.0,1
Gilgit,2026-04-23 13:00:00,3.6,68,7.6,1017.0,0.0,3.0,0.0,67.0,2.933333333333333,0.0,13,23,4,3,0,2.8,0.0,-4.595833333333333,0.0,1
Gilgit,2026-04-23 14:00:00,3.8,68,6.8,1016.0,0.0,3.6,0.0,68.0,3.4666666666666663,0.0,14,23,4,3,0,3.3,0.0,-4.575,0.0,1
Gilgit,2026-04-23 15:00:00,4.0,68,6.5,1016.0,0.0,3.8,0.0,68.0,3.7999999999999994,0.0,15,23,4,3,0,3.5,0.0,-4.554166666666666,0.0,1
Gilgit,2026-04-23 16:00:00,3.9,65,7.9,1016.0,0.0,4.0,0.0,68.0,3.9,0.0,16,23,4,3,0,3.4,0.0,-4.533333333333333,0.0,1
Gilgit,2026-04-23 17:00:00,3.0,66,8.6,1016.0,0.0,3.9,0.0,65.0,3.633333333333333,0.0,17,23,4,3,0,2.5,0.0,-4.5125,0.0,0
Gilgit,2026-04-23 18:00:00,0.1,71,9.4,1018.0,0.0,3.0,0.0,66.0,2.3333333333333326,0.0,18,23,4,3,0,-3.1,0.0,-4.379166666666666,0.0,0
Gilgit,2026-04-23 19:00:00,-5.7,73,13.0,1020.0,0.0,0.1,0.0,71.0,-0.8666666666666675,0.0,19,23,4,3,0,-7.0,0.0,-4.325,0.0,0
Gilgit,2026-04-23 20:00:00,-6.4,73,13.0,1022.0,0.0,-5.7,0.0,73.0,-4.000000000000001,0.0,20,23,4,3,0,-7.3,0.0,-4.2875,0.0,0
Gilgit,2026-04-23 21:00:00,-6.7,73,12.6,1022.0,0.0,-6.4,0.0,73.0,-6.266666666666668,0.0,21,23,4,3,0,-8.1,0.0,-4.229166666666667,0.0,0
Gilgit,2026-04-23 22:00:00,-7.0,74,11.2,1022.0,0.0,-6.7,0.0,73.0,-6.7,0.0,22,23,4,3,0,-8.5,0.0,-4.166666666666667,0.0,0
Gilgit,2026-04-23 23:00:00,-6.6,76,8.6,1022.0,0.0,-7.0,0.0,74.0,-6.766666666666667,0.0,23,23,4,3,0,-9.1,0.0,-4.0625,0.0,0
Gilgit,2026-04-24 00:00:00,-8.9,71,10.8,1024.0,0.0,-6.6,0.0,76.0,-7.5,0.0,0,24,4,4,0,-10.2,0.0,-4.008333333333334,0.0,0
Gilgit,2026-04-24 01:00:00,-9.3,73,11.9,1024.0,0.0,-8.9,0.0,71.0,-8.266666666666667,0.0,1,24,4,4,0,-10.5,0.0,-3.9583333333333335,0.0,0
Gilgit,2026-04-24 02:00:00,-9.3,74,9.4,1022.0,0.0,-9.3,0.0,73.0,-9.166666666666666,0.0,2,24,4,4,0,-11.3,0.0,-3.875,0.0,0
Gilgit,2026-04-24 03:00:00,-10.0,75,9.0,1024.0,0.0,-9.3,0.0,74.0,-9.533333333333333,0.0,3,24,4,4,0,-11.6,0.0,-3.8083333333333336,0.0,0
Gilgit,2026-04-24 04:00:00,-10.3,77,12.6,1024.0,0.0,-10.0,0.0,75.0,-9.866666666666667,0.0,4,24,4,4,0,-11.9,0.0,-3.7416666666666667,0.0,0
Gilgit,2026-04-24 05:00:00,-10.5,77,10.1,1024.0,0.0,-10.3,0.0,77.0,-10.266666666666667,0.0,5,24,4,4,0,-11.6,0.0,-3.6958333333333333,0.0,0
Gilgit,2026-04-24 06:00:00,-10.4,77,9.4,1025.0,0.0,-10.5,0.0,77.0,-10.4,0.0,6,24,4,4,0,-11.3,0.0,-3.6583333333333337,0.0,0
Gilgit,2026-04-24 07:00:00,-5.2,74,8.6,1025.0,0.0,-10.4,0.0,77.0,-8.700000000000001,0.0,7,24,4,4,0,-9.2,0.0,-3.4916666666666667,0.0,0
Gilgit,2026-04-24 08:00:00,-2.2,70,6.8,1024.0,0.0,-5.2,0.0,74.0,-5.9333333333333345,0.0,8,24,4,4,0,-2.1,0.0,-3.4958333333333336,0.0,0
Gilgit,2026-04-24 09:00:00,-0.7,66,5.8,1023.0,0.0,-2.2,0.0,70.0,-2.7000000000000006,0.0,9,24,4,4,0,-0.2,0.0,-3.516666666666667,0.0,0
Gilgit,2026-04-24 10:00:00,0.5,65,6.1,1022.0,0.0,-0.7,0.0,66.0,-0.8000000000000007,0.0,10,24,4,4,0,1.2,0.0,-3.545833333333334,0.0,0
Gilgit,2026-04-24 11:00:00,1.7,66,7.9,1019.0,0.0,0.5,0.0,65.0,0.4999999999999994,0.0,11,24,4,4,0,2.2,0.0,-3.566666666666667,0.0,0
Gilgit,2026-04-24 12:00:00,2.6,65,4.3,1018.0,0.0,1.7,0.0,66.0,1.5999999999999996,0.0,12,24,4,4,0,3.0,0.0,-3.583333333333334,0.0,1
Gilgit,2026-04-24 13:00:00,3.2,64,3.2,1018.0,0.0,2.6,0.0,65.0,2.4999999999999996,0.0,13,24,4,4,0,3.6,0.0,-3.6,0.0,1
Gilgit,2026-04-24 14:00:00,3.8,65,6.1,1016.0,0.0,3.2,0.0,64.0,3.1999999999999993,0.0,14,24,4,4,0,3.8,0.0,-3.6,0.0,1
Gilgit,2026-04-24 15:00:00,4.1,66,5.4,1015.0,0.0,3.8,0.0,65.0,3.6999999999999993,0.0,15,24,4,4,0,4.0,0.0,-3.595833333333333,0.0,1
Gilgit,2026-04-24 16:00:00,4.2,66,6.5,1015.0,0.0,4.1,0.0,66.0,4.033333333333332,0.0,16,24,4,4,0,3.9,0.0,-3.583333333333334,0.0,1
Gilgit,2026-04-24 17:00:00,3.6,67,6.1,1016.0,0.0,4.2,0.0,66.0,3.9666666666666663,0.0,17,24,4,4,0,3.0,0.0,-3.5583333333333336,0.0,0
Gilgit,2026-04-24 18:00:00,1.5,72,8.6,1016.0,0.0,3.6,0.0,67.0,3.0999999999999996,0.0,18,24,4,4,0,0.1,0.0,-3.5,0.0,0
Gilgit,2026-04-24 19:00:00,-4.9,77,11.5,1018.0,0.0,1.5,0.0,72.0,0.06666666666666614,0.0,19,24,4,4,0,-5.7,0.0,-3.466666666666667,0.0,0
Gilgit,2026-04-24 20:00:00,-6.0,80,11.5,1020.0,0.0,-4.9,0.0,77.0,-3.133333333333334,0.0,20,24,4,4,0,-6.4,0.0,-3.4500000000000006,0.0,0
Gilgit,2026-04-24 21:00:00,-6.4,80,11.5,1021.0,0.0,-6.0,0.0,80.0,-5.766666666666668,0.0,21,24,4,4,0,-6.7,0.0,-3.4375,0.0,0
Gilgit,2026-04-24 22:00:00,-6.2,80,9.7,1021.0,0.0,-6.4,0.0,80.0,-6.2,0.0,22,24,4,4,0,-7.0,0.0,-3.404166666666667,0.0,0
Gilgit,2026-04-24 23:00:00,-6.5,80,10.4,1021.0,0.0,-6.2,0.0,80.0,-6.366666666666667,0.0,23,24,4,4,0,-6.6,0.0,-3.4,0.0,0
Gujranwala,2026-04-21 01:00:00,25.1,31,10.8,1005.0,0.0,26.0,0.0,29.0,25.866666666666664,0.0,1,21,4,1,0,22.9,0.0,30.320833333333336,0.2,0
Gujranwala,2026-04-21 02:00:00,24.6,33,10.8,1005.0,0.0,25.1,0.0,31.0,25.233333333333334,0.0,2,21,4,1,0,22.6,0.0,30.40416666666667,0.0,0
Gujranwala,2026-04-21 03:00:00,24.0,34,9.4,1005.0,0.0,24.6,0.0,33.0,24.566666666666666,0.0,3,21,4,1,0,22.2,0.0,30.479166666666668,0.0,0
Gujranwala,2026-04-21 04:00:00,23.5,35,7.6,1004.0,0.0,24.0,0.0,34.0,24.03333333333333,0.0,4,21,4,1,0,22.1,0.0,30.537500000000005,0.0,0
Gujranwala,2026-04-21 05:00:00,23.0,37,7.2,1004.0,0.0,23.5,0.0,35.0,23.5,0.0,5,21,4,1,0,22.0,0.0,30.57916666666667,0.0,0
Gujranwala,2026-04-21 06:00:00,23.2,37,7.2,1005.0,0.0,23.0,0.0,37.0,23.233333333333334,0.0,6,21,4,1,0,22.3,0.0,30.616666666666664,0.0,0
Gujranwala,2026-04-21 07:00:00,26.1,31,7.6,1005.0,0.0,23.2,0.0,37.0,24.099999999999998,0.0,7,21,4,1,0,25.3,0.0,30.650000000000002,0.0,0
Gujranwala,2026-04-21 08:00:00,29.4,26,8.3,1006.0,0.0,26.1,0.0,31.0,26.233333333333334,0.0,8,21,4,1,0,29.2,0.0,30.65833333333333,0.0,0
Gujranwala,2026-04-21 09:00:00,32.3,21,9.0,1006.0,0.0,29.4,0.0,26.0,29.266666666666666,0.0,9,21,4,1,0,32.5,0.0,30.649999999999995,0.0,0
Gujranwala,2026-04-21 10:00:00,34.7,17,9.0,1006.0,0.0,32.3,0.0,21.0,32.13333333333333,0.0,10,21,4,1,0,34.9,0.0,30.641666666666666,0.0,0
Gujranwala,2026-04-21 11:00:00,36.8,14,9.7,1005.0,0.0,34.7,0.0,17.0,34.6,0.0,11,21,4,1,0,36.8,0.0,30.64166666666667,0.0,0
Gujranwala,2026-04-21 12:00:00,38.1,11,10.8,1004.0,0.0,36.8,0.0,14.0,36.53333333333333,0.0,12,21,4,1,0,38.0,0.0,30.645833333333332,0.0,1
Gujranwala,2026-04-21 13:00:00,38.9,9,11.9,1004.0,0.0,38.1,0.0,11.0,37.93333333333333,0.0,13,21,4,1,0,38.5,0.0,30.662500000000005,0.0,1
Gujranwala,2026-04-21 14:00:00,39.4,9,13.0,1003.0,0.0,38.9,0.0,9.0,38.800000000000004,0.0,14,21,4,1,0,38.7,0.0,30.691666666666666,0.0,1
Gujranwala,2026-04-21 15:00:00,39.6,9,14.8,1002.0,0.0,39.4,0.0,9.0,39.300000000000004,0.0,15,21,4,1,0,38.3,0.0,30.745833333333337,0.0,1
Gujranwala,2026-04-21 16:00:00,39.0,9,16.2,1002.0,0.0,39.6,0.0,9.0,39.333333333333336,0.0,16,21,4,1,0,37.5,0.0,30.808333333333337,0.0,1
Gujranwala,2026-04-21 17:00:00,38.1,10,18.0,1002.0,0.0,39.0,0.0,9.0,38.9,0.0,17,21,4,1,0,36.9,0.0,30.85833333333333,0.0,0
Gujranwala,2026-04-21 18:00:00,35.8,12,14.4,1002.0,0.0,38.1,0.0,10.0,37.63333333333333,0.0,18,21,4,1,0,34.5,0.0,30.912499999999998,0.0,0
Gujranwala,2026-04-21 19:00:00,32.2,15,13.0,1003.0,0.0,35.8,0.0,12.0,35.36666666666667,0.0,19,21,4,1,0,31.3,0.0,30.95,0.0,0
Gujranwala,2026-04-21 20:00:00,30.7,16,13.3,1003.0,0.0,32.2,0.0,15.0,32.9,0.0,20,21,4,1,0,29.9,0.0,30.983333333333334,0.0,0
Gujranwala,2026-04-21 21:00:00,29.6,17,13.0,1004.0,0.0,30.7,0.0,16.0,30.833333333333332,0.0,21,21,4,1,0,28.9,0.0,31.012500000000003,0.0,0
Gujranwala,2026-04-21 22:00:00,28.6,18,13.0,1004.0,0.0,29.6,0.0,17.0,29.633333333333336,0.0,22,21,4,1,0,27.7,0.0,31.05,0.0,0
Gujranwala,2026-04-21 23:00:00,27.6,20,11.5,1004.0,0.0,28.6,0.0,18.0,28.599999999999998,0.0,23,21,4,1,0,26.5,0.0,31.09583333333333,0.0,0
Gujranwala,2026-04-22 00:00:00,27.2,22,10.1,1004.0,0.0,27.6,0.0,20.0,27.8,0.0,0,22,4,2,0,26.0,0.0,31.145833333333332,0.0,0
Gujranwala,2026-04-22 01:00:00,26.8,23,10.8,1004.0,0.0,27.2,0.0,22.0,27.2,0.0,1,22,4,2,0,25.1,0.0,31.216666666666665,0.0,0
Gujranwala,2026-04-22 02:00:00,26.4,24,10.1,1003.0,0.0,26.8,0.0,23.0,26.8,0.0,2,22,4,2,0,24.6,0.0,31.291666666666668,0.0,0
Gujranwala,2026-04-22 03:00:00,26.0,24,10.1,1003.0,0.0,26.4,0.0,24.0,26.400000000000002,0.0,3,22,4,2,0,24.0,0.0,31.375,0.0,0
Gujranwala,2026-04-22 04:00:00,25.1,26,9.7,1003.0,0.0,26.0,0.0,24.0,25.833333333333332,0.0,4,22,4,2,0,23.5,0.0,31.441666666666663,0.0,0
Gujranwala,2026-04-22 05:00:00,24.5,27,8.6,1003.0,0.0,25.1,0.0,26.0,25.2,0.0,5,22,4,2,0,23.0,0.0,31.504166666666663,0.0,0
Gujranwala,2026-04-22 06:00:00,24.7,28,7.2,1004.0,0.0,24.5,0.0,27.0,24.766666666666666,0.0,6,22,4,2,0,23.2,0.0,31.566666666666666,0.0,0
Gujranwala,2026-04-22 07:00:00,27.8,24,6.8,1004.0,0.0,24.7,0.0,28.0,25.666666666666668,0.0,7,22,4,2,0,26.1,0.0,31.6375,0.0,0
Gujranwala,2026-04-22 08:00:00,31.0,20,6.8,1005.0,0.0,27.8,0.0,24.0,27.833333333333332,0.0,8,22,4,2,0,29.4,0.0,31.704166666666666,0.0,0
Gujranwala,2026-04-22 09:00:00,33.7,17,7.2,1005.0,0.0,31.0,0.0,20.0,30.833333333333332,0.0,9,22,4,2,0,32.3,0.0,31.7625,0.0,0
Gujranwala,2026-04-22 10:00:00,35.9,14,8.3,1005.0,0.0,33.7,0.0,17.0,33.53333333333333,0.0,10,22,4,2,0,34.7,0.0,31.8125,0.0,0
Gujranwala,2026-04-22 11:00:00,37.9,12,9.4,1004.0,0.0,35.9,0.0,14.0,35.833333333333336,0.0,11,22,4,2,0,36.8,0.0,31.858333333333334,0.0,0
Gujranwala,2026-04-22 12:00:00,39.5,10,11.5,1004.0,0.0,37.9,0.0,12.0,37.766666666666666,0.0,12,22,4,2,0,38.1,0.0,31.916666666666668,0.0,1
Gujranwala,2026-04-22 13:00:00,40.6,10,12.6,1003.0,0.0,39.5,0.0,10.0,39.333333333333336,0.0,13,22,4,2,0,38.9,0.0,31.987499999999997,0.0,1
Gujranwala,2026-04-22 14:00:00,41.2,9,13.3,1002.0,0.0,40.6,0.0,10.0,40.43333333333334,0.0,14,22,4,2,0,39.4,0.0,32.0625,0.0,1
Gujranwala,2026-04-22 15:00:00,41.4,9,13.7,1001.0,0.0,41.2,0.0,9.0,41.06666666666667,0.0,15,22,4,2,0,39.6,0.0,32.1375,0.0,1
Gujranwala,2026-04-22 16:00:00,40.9,9,14.4,1000.0,0.0,41.4,0.0,9.0,41.166666666666664,0.0,16,22,4,2,0,39.0,0.0,32.21666666666666,0.0,1
Gujranwala,2026-04-22 17:00:00,40.1,10,15.1,1000.0,0.0,40.9,0.0,9.0,40.800000000000004,0.0,17,22,4,2,0,38.1,0.0,32.300000000000004,0.0,0
Gujranwala,2026-04-22 18:00:00,37.4,12,12.2,1000.0,0.0,40.1,0.0,10.0,39.46666666666667,0.0,18,22,4,2,0,35.8,0.0,32.36666666666667,0.0,0
Gujranwala,2026-04-22 19:00:00,33.6,15,11.9,1001.0,0.0,37.4,0.0,12.0,37.03333333333333,0.0,19,22,4,2,0,32.2,0.0,32.425000000000004,0.0,0
Gujranwala,2026-04-22 20:00:00,32.0,17,10.1,1002.0,0.0,33.6,0.0,15.0,34.333333333333336,0.0,20,22,4,2,0,30.7,0.0,32.479166666666664,0.0,0
Gujranwala,2026-04-22 21:00:00,30.8,18,8.6,1002.0,0.0,32.0,0.0,17.0,32.13333333333333,0.0,21,22,4,2,0,29.6,0.0,32.52916666666666,0.0,0
Gujranwala,2026-04-22 22:00:00,30.1,20,8.3,1002.0,0.0,30.8,0.0,18.0,30.96666666666667,0.0,22,22,4,2,0,28.6,0.0,32.59166666666666,0.0,0
Gujranwala,2026-04-22 23:00:00,29.3,21,7.9,1003.0,0.0,30.1,0.0,20.0,30.066666666666666,0.0,23,22,4,2,0,27.6,0.0,32.6625,0.0,0
Gujranwala,2026-04-23 00:00:00,28.6,26,10.4,1003.0,0.0,29.3,0.0,21.0,29.333333333333332,0.0,0,23,4,3,0,27.2,0.0,32.72083333333333,0.0,0
Gujranwala,2026-04-23 01:00:00,27.9,27,9.4,1003.0,0.0,28.6,0.0,26.0,28.599999999999998,0.0,1,23,4,3,0,26.8,0.0,32.76666666666667,0.0,0
Gujranwala,2026-04-23 02:00:00,27.2,28,6.8,1002.0,0.0,27.9,0.0,27.0,27.900000000000002,0.0,2,23,4,3,0,26.4,0.0,32.8,0.0,0
Gujranwala,2026-04-23 03:00:00,26.6,29,4.3,1003.0,0.0,27.2,0.0,28.0,27.233333333333334,0.0,3,23,4,3,0,26.0,0.0,32.824999999999996,0.0,0
Gujranwala,2026-04-23 04:00:00,26.2,30,2.9,1002.0,0.0,26.6,0.0,29.0,26.666666666666668,0.0,4,23,4,3,0,25.1,0.0,32.87083333333334,0.0,0
Gujranwala,2026-04-23 05:00:00,26.0,30,4.3,1002.0,0.0,26.2,0.0,30.0,26.266666666666666,0.0,5,23,4,3,0,24.5,0.0,32.93333333333334,0.0,0
Gujranwala,2026-04-23 06:00:00,26.5,30,1.8,1003.0,0.0,26.0,0.0,30.0,26.233333333333334,0.0,6,23,4,3,0,24.7,0.0,33.00833333333333,0.0,0
Gujranwala,2026-04-23 07:00:00,29.6,25,2.5,1003.0,0.0,26.5,0.0,30.0,27.366666666666664,0.0,7,23,4,3,0,27.8,0.0,33.083333333333336,0.0,0
Gujranwala,2026-04-23 08:00:00,32.7,21,7.9,1004.0,0.0,29.6,0.0,25.0,29.600000000000005,0.0,8,23,4,3,0,31.0,0.0,33.15416666666667,0.0,0
Gujranwala,2026-04-23 09:00:00,35.3,18,9.7,1004.0,0.0,32.7,0.0,21.0,32.53333333333333,0.0,9,23,4,3,0,33.7,0.0,33.22083333333333,0.0,0
Gujranwala,2026-04-23 10:00:00,37.6,16,10.4,1004.0,0.0,35.3,0.0,18.0,35.2,0.0,10,23,4,3,0,35.9,0.0,33.291666666666664,0.0,0
Gujranwala,2026-04-23 11:00:00,39.6,14,11.5,1004.0,0.0,37.6,0.0,16.0,37.5,0.0,11,23,4,3,0,37.9,0.0,33.362500000000004,0.0,0
Gujranwala,2026-04-23 12:00:00,41.0,12,11.5,1003.0,0.0,39.6,0.0,14.0,39.4,0.0,12,23,4,3,0,39.5,0.0,33.425000000000004,0.0,1
Gujranwala,2026-04-23 13:00:00,41.8,11,11.5,1002.0,0.0,41.0,0.0,12.0,40.800000000000004,0.0,13,23,4,3,0,40.6,0.0,33.475,0.0,1
Gujranwala,2026-04-23 14:00:00,42.3,11,12.2,1001.0,0.0,41.8,0.0,11.0,41.699999999999996,0.0,14,23,4,3,0,41.2,0.0,33.520833333333336,0.0,1
Gujranwala,2026-04-23 15:00:00,42.3,11,14.0,1001.0,0.0,42.3,0.0,11.0,42.13333333333333,0.0,15,23,4,3,0,41.4,0.0,33.55833333333333,0.0,1
Gujranwala,2026-04-23 16:00:00,41.8,11,16.9,1000.0,0.0,42.3,0.0,11.0,42.133333333333326,0.0,16,23,4,3,0,40.9,0.0,33.59583333333334,0.0,1
Gujranwala,2026-04-23 17:00:00,40.8,12,20.2,1000.0,0.0,41.8,0.0,11.0,41.63333333333333,0.0,17,23,4,3,0,40.1,0.0,33.625,0.0,0
Gujranwala,2026-04-23 18:00:00,38.4,15,18.4,1000.0,0.0,40.8,0.0,12.0,40.33333333333333,0.0,18,23,4,3,0,37.4,0.0,33.666666666666664,0.0,0
Gujranwala,2026-04-23 19:00:00,34.9,19,15.5,1001.0,0.0,38.4,0.0,15.0,38.03333333333333,0.0,19,23,4,3,0,33.6,0.0,33.72083333333333,0.0,0
Gujranwala,2026-04-23 20:00:00,33.1,22,14.4,1002.0,0.0,34.9,0.0,19.0,35.46666666666667,0.0,20,23,4,3,0,32.0,0.0,33.766666666666666,0.0,0
Gujranwala,2026-04-23 21:00:00,32.0,24,13.3,1002.0,0.0,33.1,0.0,22.0,33.333333333333336,0.0,21,23,4,3,0,30.8,0.0,33.81666666666667,0.0,0
Gujranwala,2026-04-23 22:00:00,31.4,26,12.6,1002.0,0.0,32.0,0.0,24.0,32.166666666666664,0.0,22,23,4,3,0,30.1,0.0,33.87083333333333,0.0,0
Gujranwala,2026-04-23 23:00:00,31.0,27,12.2,1002.0,0.0,31.4,0.0,26.0,31.46666666666667,0.0,23,23,4,3,0,29.3,0.0,33.94166666666666,0.0,0
Gujranwala,2026-04-24 00:00:00,30.6,27,9.7,1003.0,0.0,31.0,0.0,27.0,31.0,0.0,0,24,4,4,0,28.6,0.0,34.025,0.0,0
Gujranwala,2026-04-24 01:00:00,30.4,28,11.9,1003.0,0.0,30.6,0.0,27.0,30.666666666666668,0.0,1,24,4,4,0,27.9,0.0,34.12916666666666,0.0,0
Gujranwala,2026-04-24 02:00:00,30.1,30,15.1,1003.0,0.0,30.4,0.0,28.0,30.366666666666664,0.0,2,24,4,4,0,27.2,0.0,34.25,0.0,0
Gujranwala,2026-04-24 03:00:00,29.7,31,14.0,1003.0,0.0,30.1,0.0,30.0,30.066666666666666,0.0,3,24,4,4,0,26.6,0.0,34.37916666666667,0.0,0
Gujranwala,2026-04-24 04:00:00,29.3,32,14.4,1003.0,0.0,29.7,0.0,31.0,29.7,0.0,4,24,4,4,0,26.2,0.0,34.50833333333333,0.0,0
Gujranwala,2026-04-24 05:00:00,28.1,35,10.4,1003.0,0.0,29.3,0.0,32.0,29.03333333333333,0.0,5,24,4,4,0,26.0,0.0,34.59583333333333,0.0,0
Gujranwala,2026-04-24 06:00:00,28.3,35,8.3,1003.0,0.0,28.1,0.0,35.0,28.566666666666666,0.0,6,24,4,4,0,26.5,0.0,34.67083333333333,0.0,0
Gujranwala,2026-04-24 07:00:00,30.9,30,8.3,1004.0,0.0,28.3,0.0,35.0,29.099999999999998,0.0,7,24,4,4,0,29.6,0.0,34.725,0.0,0
Gujranwala,2026-04-24 08:00:00,33.5,25,7.6,1004.0,0.0,30.9,0.0,30.0,30.899999999999995,0.0,8,24,4,4,0,32.7,0.0,34.75833333333333,0.0,0
Gujranwala,2026-04-24 09:00:00,36.3,20,8.3,1005.0,0.0,33.5,0.0,25.0,33.56666666666666,0.0,9,24,4,4,0,35.3,0.0,34.800000000000004,0.0,0
Gujranwala,2026-04-24 10:00:00,38.5,17,11.9,1005.0,0.0,36.3,0.0,20.0,36.099999999999994,0.0,10,24,4,4,0,37.6,0.0,34.8375,0.0,0
Gujranwala,2026-04-24 11:00:00,40.1,15,13.7,1004.0,0.0,38.5,0.0,17.0,38.3,0.0,11,24,4,4,0,39.6,0.0,34.858333333333334,0.0,0
Gujranwala,2026-04-24 12:00:00,41.3,14,14.4,1003.0,0.0,40.1,0.0,15.0,39.96666666666666,0.0,12,24,4,4,0,41.0,0.0,34.87083333333333,0.0,1
Gujranwala,2026-04-24 13:00:00,42.0,12,15.1,1002.0,0.0,41.3,0.0,14.0,41.13333333333333,0.0,13,24,4,4,0,41.8,0.0,34.87916666666667,0.0,1
Gujranwala,2026-04-24 14:00:00,42.4,12,16.2,1001.0,0.0,42.0,0.0,12.0,41.9,0.0,14,24,4,4,0,42.3,0.0,34.88333333333333,0.0,1
Gujranwala,2026-04-24 15:00:00,42.4,11,18.4,1000.0,0.0,42.4,0.0,12.0,42.266666666666666,0.0,15,24,4,4,0,42.3,0.0,34.887499999999996,0.0,1
Gujranwala,2026-04-24 16:00:00,42.0,11,19.1,1000.0,0.0,42.4,0.0,11.0,42.26666666666666,0.0,16,24,4,4,0,41.8,0.0,34.89583333333333,0.0,1
Gujranwala,2026-04-24 17:00:00,41.2,11,19.1,1000.0,0.0,42.0,0.0,11.0,41.86666666666667,0.0,17,24,4,4,0,40.8,0.0,34.9125,0.0,0
Gujranwala,2026-04-24 18:00:00,39.1,14,16.6,1000.0,0.0,41.2,0.0,11.0,40.76666666666666,0.0,18,24,4,4,0,38.4,0.0,34.94166666666667,0.0,0
Gujranwala,2026-04-24 19:00:00,35.3,17,13.7,1001.0,0.0,39.1,0.0,14.0,38.53333333333333,0.0,19,24,4,4,0,34.9,0.0,34.958333333333336,0.0,0
Gujranwala,2026-04-24 20:00:00,33.9,20,13.3,1002.0,0.0,35.3,0.0,17.0,36.1,0.0,20,24,4,4,0,33.1,0.0,34.99166666666667,0.0,0
Gujranwala,2026-04-24 21:00:00,33.0,22,13.0,1003.0,0.0,33.9,0.0,20.0,34.06666666666666,0.0,21,24,4,4,0,32.0,0.0,35.03333333333333,0.0,0
Gujranwala,2026-04-24 22:00:00,32.4,23,13.0,1003.0,0.0,33.0,0.0,22.0,33.099999999999994,0.0,22,24,4,4,0,31.4,0.0,35.075,0.0,0
Gujranwala,2026-04-24 23:00:00,31.5,26,14.0,1004.0,0.0,32.4,0.0,23.0,32.29999999999999,0.0,23,24,4,4,0,31.0,0.0,35.09583333333334,0.0,0
Hyderabad,2026-04-22 01:00:00,30.2,36,11.2,1007.0,0.0,30.7,0.9,33.0,30.833333333333332,1.1,1,22,4,2,0,32.1,0.0,33.94583333333333,2.6,0
Hyderabad,2026-04-22 02:00:00,29.4,41,14.0,1007.0,0.0,30.2,0.0,36.0,30.099999999999998,0.9,2,22,4,2,0,32.8,0.0,33.80416666666667,2.6,0
Hyderabad,2026-04-22 03:00:00,28.0,46,13.3,1007.0,0.4,29.4,0.0,41.0,29.2,0.4,3,22,4,2,0,31.3,0.0,33.666666666666664,3.0,0
Hyderabad,2026-04-22 04:00:00,27.6,47,11.9,1007.0,0.0,28.0,0.4,46.0,28.333333333333332,0.4,4,22,4,2,0,32.9,0.0,33.44583333333333,3.0,0
Hyderabad,2026-04-22 05:00:00,28.1,44,12.2,1008.0,0.0,27.6,0.0,47.0,27.900000000000002,0.4,5,22,4,2,0,31.3,0.0,33.3125,3.0,0
Hyderabad,2026-04-22 06:00:00,29.1,41,13.7,1009.0,0.0,28.1,0.0,44.0,28.26666666666667,0.0,6,22,4,2,0,30.2,0.0,33.266666666666666,3.0,0
Hyderabad,2026-04-22 07:00:00,29.6,39,20.5,1010.0,0.0,29.1,0.0,41.0,28.933333333333337,0.0,7,22,4,2,0,31.3,0.0,33.19583333333333,3.0,0
Hyderabad,2026-04-22 08:00:00,30.3,36,20.5,1010.0,0.0,29.6,0.0,39.0,29.666666666666668,0.0,8,22,4,2,0,31.5,0.0,33.145833333333336,3.0,0
Hyderabad,2026-04-22 09:00:00,31.7,33,13.3,1010.0,0.0,30.3,0.0,36.0,30.53333333333333,0.0,9,22,4,2,0,32.8,0.0,33.1,3.0,0
Hyderabad,2026-04-22 10:00:00,34.0,26,7.9,1009.0,0.0,31.7,0.0,33.0,32.0,0.0,10,22,4,2,0,34.6,0.0,33.075,3.0,0
Hyderabad,2026-04-22 11:00:00,35.3,23,5.0,1008.0,0.0,34.0,0.0,26.0,33.666666666666664,0.0,11,22,4,2,0,36.3,0.0,33.03333333333333,3.0,0
Hyderabad,2026-04-22 12:00:00,36.5,20,2.9,1007.0,0.0,35.3,0.0,23.0,35.266666666666666,0.0,12,22,4,2,0,37.4,0.0,32.99583333333333,3.0,1
Hyderabad,2026-04-22 13:00:00,37.9,18,4.0,1006.0,0.0,36.5,0.0,20.0,36.56666666666666,0.0,13,22,4,2,0,38.4,0.0,32.975,3.0,1
Hyderabad,2026-04-22 14:00:00,38.6,16,6.8,1004.0,0.0,37.9,0.0,18.0,37.666666666666664,0.0,14,22,4,2,0,38.4,0.0,32.983333333333334,3.0,1
Hyderabad,2026-04-22 15:00:00,38.8,16,7.9,1004.0,0.0,38.6,0.0,16.0,38.43333333333333,0.0,15,22,4,2,0,38.5,0.0,32.99583333333333,3.0,1
Hyderabad,2026-04-22 16:00:00,38.6,16,7.9,1003.0,0.0,38.8,0.0,16.0,38.666666666666664,0.0,16,22,4,2,0,37.7,0.0,33.03333333333333,3.0,1
Hyderabad,2026-04-22 17:00:00,38.2,16,7.9,1004.0,0.0,38.6,0.0,16.0,38.53333333333333,0.0,17,22,4,2,0,36.7,0.0,33.09583333333334,3.0,0
Hyderabad,2026-04-22 18:00:00,36.9,18,6.1,1004.0,0.0,38.2,0.0,16.0,37.9,0.0,18,22,4,2,0,34.8,0.0,33.18333333333333,3.0,0
Hyderabad,2026-04-22 19:00:00,35.2,20,5.0,1005.0,0.1,36.9,0.0,18.0,36.766666666666666,0.1,19,22,4,2,0,34.1,0.2,33.229166666666664,3.1,0
Hyderabad,2026-04-22 20:00:00,33.5,23,2.2,1006.0,0.0,35.2,0.1,20.0,35.199999999999996,0.1,20,22,4,2,0,34.2,0.0,33.2,3.1,0
Hyderabad,2026-04-22 21:00:00,33.9,23,4.0,1007.0,0.0,33.5,0.0,23.0,34.199999999999996,0.1,21,22,4,2,0,33.7,0.4,33.208333333333336,3.1,0
Hyderabad,2026-04-22 22:00:00,33.8,23,6.8,1007.0,0.0,33.9,0.0,23.0,33.73333333333333,0.0,22,22,4,2,0,33.3,0.3,33.229166666666664,3.1,0
Hyderabad,2026-04-22 23:00:00,33.3,24,9.4,1006.0,0.0,33.8,0.0,23.0,33.666666666666664,0.0,23,22,4,2,0,31.6,0.2,33.300000000000004,3.1,0
Hyderabad,2026-04-23 00:00:00,31.8,30,8.3,1007.0,0.0,33.3,0.0,24.0,32.96666666666666,0.0,0,23,4,3,0,30.7,0.9,33.34583333333333,3.1,0
Hyderabad,2026-04-23 01:00:00,30.9,32,8.3,1007.0,0.0,31.8,0.0,30.0,31.999999999999996,0.0,1,23,4,3,0,30.2,0.0,33.375,3.1,0
Hyderabad,2026-04-23 02:00:00,31.1,32,10.1,1006.0,0.0,30.9,0.0,32.0,31.266666666666666,0.0,2,23,4,3,0,29.4,0.0,33.44583333333333,3.1,0
Hyderabad,2026-04-23 03:00:00,30.1,35,13.0,1006.0,0.0,31.1,0.0,32.0,30.700000000000003,0.0,3,23,4,3,0,28.0,0.4,33.53333333333334,3.1,0
Hyderabad,2026-04-23 04:00:00,29.2,40,10.1,1006.0,0.0,30.1,0.0,35.0,30.133333333333336,0.0,4,23,4,3,0,27.6,0.0,33.6,3.1,0
Hyderabad,2026-04-23 05:00:00,28.9,44,9.4,1006.0,0.0,29.2,0.0,40.0,29.400000000000002,0.0,5,23,4,3,0,28.1,0.0,33.63333333333333,3.1,0
Hyderabad,2026-04-23 06:00:00,29.4,42,7.6,1007.0,0.0,28.9,0.0,44.0,29.166666666666668,0.0,6,23,4,3,0,29.1,0.0,33.645833333333336,3.1,0
Hyderabad,2026-04-23 07:00:00,32.0,33,10.4,1007.0,0.0,29.4,0.0,42.0,30.099999999999998,0.0,7,23,4,3,0,29.6,0.0,33.74583333333333,3.1,0
Hyderabad,2026-04-23 08:00:00,34.3,26,9.7,1008.0,0.0,32.0,0.0,33.0,31.899999999999995,0.0,8,23,4,3,0,30.3,0.0,33.9125,3.1,0
Hyderabad,2026-04-23 09:00:00,36.1,23,10.8,1008.0,0.0,34.3,0.0,26.0,34.13333333333333,0.0,9,23,4,3,0,31.7,0.0,34.09583333333333,3.1,0
Hyderabad,2026-04-23 10:00:00,37.4,21,10.1,1008.0,0.0,36.1,0.0,23.0,35.93333333333334,0.0,10,23,4,3,0,34.0,0.0,34.2375,3.1,0
Hyderabad,2026-04-23 11:00:00,38.7,18,7.9,1006.0,0.0,37.4,0.0,21.0,37.4,0.0,11,23,4,3,0,35.3,0.0,34.37916666666667,3.1,0
Hyderabad,2026-04-23 12:00:00,38.4,17,7.6,1005.0,0.0,38.7,0.0,18.0,38.166666666666664,0.0,12,23,4,3,0,36.5,0.0,34.458333333333336,3.1,1
Hyderabad,2026-04-23 13:00:00,38.4,17,7.9,1004.0,0.0,38.4,0.0,17.0,38.5,0.0,13,23,4,3,0,37.9,0.0,34.479166666666664,3.1,1
Hyderabad,2026-04-23 14:00:00,38.0,18,7.2,1004.0,0.6,38.4,0.0,17.0,38.26666666666667,0.6,14,23,4,3,0,38.6,0.0,34.454166666666666,3.7,1
Hyderabad,2026-04-23 15:00:00,36.6,20,12.2,1004.0,0.8,38.0,0.6,18.0,37.666666666666664,1.4,15,23,4,3,0,38.8,0.0,34.362500000000004,4.5,1
Hyderabad,2026-04-23 16:00:00,34.3,24,9.7,1004.0,0.2,36.6,0.8,20.0,36.3,1.6,16,23,4,3,0,38.6,0.0,34.18333333333333,4.7,1
Hyderabad,2026-04-23 17:00:00,34.9,24,6.5,1004.0,0.0,34.3,0.2,24.0,35.26666666666667,1.0,17,23,4,3,0,38.2,0.0,34.04583333333333,4.7,0
Hyderabad,2026-04-23 18:00:00,34.6,24,12.2,1005.0,0.1,34.9,0.0,24.0,34.6,0.30000000000000004,18,23,4,3,0,36.9,0.0,33.949999999999996,4.7,0
Hyderabad,2026-04-23 19:00:00,34.5,25,14.4,1006.0,0.0,34.6,0.1,24.0,34.666666666666664,0.1,19,23,4,3,0,35.2,0.1,33.92083333333333,4.3999999999999995,0
Hyderabad,2026-04-23 20:00:00,33.0,26,13.3,1007.0,0.0,34.5,0.0,25.0,34.03333333333333,0.1,20,23,4,3,0,33.5,0.0,33.9,4.2,0
Hyderabad,2026-04-23 21:00:00,33.3,25,15.5,1006.0,0.0,33.0,0.0,26.0,33.6,0.0,21,23,4,3,0,33.9,0.0,33.875,4.2,0
Hyderabad,2026-04-23 22:00:00,32.6,27,13.0,1007.0,0.0,33.3,0.0,25.0,32.96666666666667,0.0,22,23,4,3,0,33.8,0.0,33.824999999999996,4.2,0
Hyderabad,2026-04-23 23:00:00,31.8,29,10.1,1007.0,0.0,32.6,0.0,27.0,32.56666666666667,0.0,23,23,4,3,0,33.3,0.0,33.762499999999996,4.2,0
Hyderabad,2026-04-24 00:00:00,31.5,27,2.9,1006.0,0.0,31.8,0.0,29.0,31.96666666666667,0.0,0,24,4,4,0,31.8,0.0,33.75,4.2,0
Hyderabad,2026-04-24 01:00:00,31.5,27,2.9,1006.0,0.0,31.5,0.0,27.0,31.599999999999998,0.0,1,24,4,4,0,30.9,0.0,33.775,4.2,0
Hyderabad,2026-04-24 02:00:00,31.0,28,6.1,1005.0,0.0,31.5,0.0,27.0,31.333333333333332,0.0,2,24,4,4,0,31.1,0.0,33.770833333333336,4.2,0
Hyderabad,2026-04-24 03:00:00,30.7,28,8.6,1005.0,0.0,31.0,0.0,28.0,31.066666666666666,0.0,3,24,4,4,0,30.1,0.0,33.79583333333333,4.2,0
Hyderabad,2026-04-24 04:00:00,30.1,29,7.9,1005.0,0.0,30.7,0.0,28.0,30.600000000000005,0.0,4,24,4,4,0,29.2,0.0,33.833333333333336,4.2,0
Hyderabad,2026-04-24 05:00:00,29.7,28,5.8,1006.0,0.0,30.1,0.0,29.0,30.166666666666668,0.0,5,24,4,4,0,28.9,0.0,33.86666666666667,4.2,0
Hyderabad,2026-04-24 06:00:00,29.8,28,2.5,1007.0,0.0,29.7,0.0,28.0,29.866666666666664,0.0,6,24,4,4,0,29.4,0.0,33.88333333333333,4.2,0
Hyderabad,2026-04-24 07:00:00,31.5,27,3.6,1008.0,0.0,29.8,0.0,28.0,30.333333333333332,0.0,7,24,4,4,0,32.0,0.0,33.8625,4.2,0
Hyderabad,2026-04-24 08:00:00,33.4,24,2.9,1009.0,0.0,31.5,0.0,27.0,31.566666666666663,0.0,8,24,4,4,0,34.3,0.0,33.824999999999996,4.2,0
Hyderabad,2026-04-24 09:00:00,35.2,21,6.1,1009.0,0.0,33.4,0.0,24.0,33.36666666666667,0.0,9,24,4,4,0,36.1,0.0,33.7875,4.2,0
Hyderabad,2026-04-24 10:00:00,37.0,19,10.4,1008.0,0.0,35.2,0.0,21.0,35.199999999999996,0.0,10,24,4,4,0,37.4,0.0,33.770833333333336,4.2,0
Hyderabad,2026-04-24 11:00:00,38.3,17,11.5,1007.0,0.0,37.0,0.0,19.0,36.833333333333336,0.0,11,24,4,4,0,38.7,0.0,33.75416666666666,4.2,0
Hyderabad,2026-04-24 12:00:00,39.2,16,9.7,1006.0,0.0,38.3,0.0,17.0,38.166666666666664,0.0,12,24,4,4,0,38.4,0.0,33.7875,4.2,1
Hyderabad,2026-04-24 13:00:00,39.9,14,5.0,1004.0,0.0,39.2,0.0,16.0,39.13333333333333,0.0,13,24,4,4,0,38.4,0.0,33.85,4.2,1
Hyderabad,2026-04-24 14:00:00,39.9,14,1.4,1004.0,0.0,39.9,0.0,14.0,39.666666666666664,0.0,14,24,4,4,0,38.0,0.6,33.92916666666667,4.2,1
Hyderabad,2026-04-24 15:00:00,39.5,14,4.7,1003.0,0.0,39.9,0.0,14.0,39.76666666666667,0.0,15,24,4,4,0,36.6,0.8,34.050000000000004,4.2,1
Hyderabad,2026-04-24 16:00:00,38.8,15,9.4,1003.0,0.0,39.5,0.0,14.0,39.4,0.0,16,24,4,4,0,34.3,0.2,34.237500000000004,4.2,1
Hyderabad,2026-04-24 17:00:00,37.8,16,17.3,1004.0,0.0,38.8,0.0,15.0,38.699999999999996,0.0,17,24,4,4,0,34.9,0.0,34.35833333333333,4.2,0
Hyderabad,2026-04-24 18:00:00,36.0,18,12.6,1005.0,0.0,37.8,0.0,16.0,37.53333333333333,0.0,18,24,4,4,0,34.6,0.1,34.416666666666664,4.2,0
Hyderabad,2026-04-24 19:00:00,35.5,18,9.0,1005.0,0.0,36.0,0.0,18.0,36.43333333333334,0.0,19,24,4,4,0,34.5,0.0,34.458333333333336,4.0,0
Hyderabad,2026-04-24 20:00:00,35.0,19,9.0,1006.0,0.0,35.5,0.0,18.0,35.5,0.0,20,24,4,4,0,33.0,0.0,34.541666666666664,4.0,0
Hyderabad,2026-04-24 21:00:00,34.3,20,9.4,1007.0,0.0,35.0,0.0,19.0,34.93333333333333,0.0,21,24,4,4,0,33.3,0.0,34.583333333333336,3.6,0
Hyderabad,2026-04-24 22:00:00,33.7,23,11.9,1007.0,0.0,34.3,0.0,20.0,34.333333333333336,0.0,22,24,4,4,0,32.6,0.0,34.62916666666667,3.3000000000000003,0
Hyderabad,2026-04-24 23:00:00,32.7,26,9.0,1007.0,0.0,33.7,0.0,23.0,33.56666666666666,0.0,23,24,4,4,0,31.8,0.0,34.666666666666664,3.1,0
Islamabad,2026-04-21 01:00:00,21.0,38,9.4,1007.0,0.0,21.5,0.0,38.0,21.399999999999995,0.0,1,21,4,1,0,20.1,0.0,25.370833333333334,3.0,0
Islamabad,2026-04-21 02:00:00,20.4,38,8.6,1007.0,0.0,21.0,0.0,38.0,20.966666666666665,0.0,2,21,4,1,0,19.6,0.0,25.40416666666667,2.9,0
Islamabad,2026-04-21 03:00:00,20.1,37,8.6,1006.0,0.0,20.4,0.0,38.0,20.5,0.0,3,21,4,1,0,19.4,0.0,25.433333333333334,2.9,0
Islamabad,2026-04-21 04:00:00,19.8,36,8.6,1006.0,0.0,20.1,0.0,37.0,20.099999999999998,0.0,4,21,4,1,0,19.1,0.0,25.462500000000002,2.8,0
Islamabad,2026-04-21 05:00:00,19.4,36,7.9,1006.0,0.0,19.8,0.0,36.0,19.766666666666666,0.0,5,21,4,1,0,18.8,0.0,25.4875,2.8,0
Islamabad,2026-04-21 06:00:00,19.4,37,7.2,1006.0,0.0,19.4,0.0,36.0,19.53333333333333,0.0,6,21,4,1,0,18.9,0.0,25.50833333333333,2.7,0
Islamabad,2026-04-21 07:00:00,22.5,34,6.1,1007.0,0.0,19.4,0.0,37.0,20.433333333333334,0.0,7,21,4,1,0,22.1,0.0,25.525000000000002,2.0,0
Islamabad,2026-04-21 08:00:00,26.4,28,7.6,1008.0,0.0,22.5,0.0,34.0,22.766666666666666,0.0,8,21,4,1,0,25.9,0.0,25.54583333333333,1.9,0
Islamabad,2026-04-21 09:00:00,28.9,23,9.0,1008.0,0.0,26.4,0.0,28.0,25.933333333333334,0.0,9,21,4,1,0,27.8,0.0,25.59166666666667,1.9,0
Islamabad,2026-04-21 10:00:00,31.0,20,7.2,1007.0,0.0,28.9,0.0,23.0,28.766666666666666,0.0,10,21,4,1,0,29.5,0.0,25.65416666666667,1.9,0
Islamabad,2026-04-21 11:00:00,32.6,18,7.6,1007.0,0.0,31.0,0.0,20.0,30.833333333333332,0.0,11,21,4,1,0,30.9,0.0,25.724999999999998,1.9,0
Islamabad,2026-04-21 12:00:00,33.9,16,10.1,1006.0,0.0,32.6,0.0,18.0,32.5,0.0,12,21,4,1,0,32.0,0.0,25.80416666666667,1.9,1
Islamabad,2026-04-21 13:00:00,34.5,15,11.5,1006.0,0.0,33.9,0.0,16.0,33.666666666666664,0.0,13,21,4,1,0,32.4,0.0,25.89166666666667,1.9,1
Islamabad,2026-04-21 14:00:00,34.8,15,13.3,1005.0,0.0,34.5,0.0,15.0,34.4,0.0,14,21,4,1,0,32.6,0.0,25.983333333333334,1.9,1
Islamabad,2026-04-21 15:00:00,34.6,15,16.2,1004.0,0.0,34.8,0.0,15.0,34.63333333333333,0.0,15,21,4,1,0,32.3,0.0,26.079166666666666,1.9,1
Islamabad,2026-04-21 16:00:00,34.1,16,18.4,1004.0,0.0,34.6,0.0,15.0,34.5,0.0,16,21,4,1,0,31.6,0.0,26.183333333333337,1.9,1
Islamabad,2026-04-21 17:00:00,33.0,18,19.1,1004.0,0.0,34.1,0.0,16.0,33.9,0.0,17,21,4,1,0,30.4,0.0,26.291666666666668,1.9,0
Islamabad,2026-04-21 18:00:00,29.7,24,11.9,1004.0,0.0,33.0,0.0,18.0,32.266666666666666,0.0,18,21,4,1,0,27.3,0.0,26.391666666666666,1.9,0
Islamabad,2026-04-21 19:00:00,26.2,25,9.7,1005.0,0.0,29.7,0.0,24.0,29.633333333333336,0.0,19,21,4,1,0,24.7,0.0,26.454166666666666,1.9,0
Islamabad,2026-04-21 20:00:00,25.3,26,8.3,1006.0,0.0,26.2,0.0,25.0,27.066666666666666,0.0,20,21,4,1,0,24.1,0.0,26.504166666666666,1.9,0
Islamabad,2026-04-21 21:00:00,24.7,26,8.6,1006.0,0.0,25.3,0.0,26.0,25.399999999999995,0.0,21,21,4,1,0,23.1,0.0,26.570833333333336,1.9,0
Islamabad,2026-04-21 22:00:00,24.1,27,9.0,1006.0,0.0,24.7,0.0,26.0,24.7,0.0,22,21,4,1,0,22.2,0.0,26.650000000000002,1.8,0
Islamabad,2026-04-21 23:00:00,23.5,28,9.0,1006.0,0.0,24.1,0.0,27.0,24.100000000000005,0.0,23,21,4,1,0,21.7,0.0,26.725000000000005,1.8,0
Islamabad,2026-04-22 00:00:00,23.8,30,8.3,1006.0,0.0,23.5,0.0,28.0,23.8,0.0,0,22,4,2,0,21.5,0.0,26.820833333333336,0.3,0
Islamabad,2026-04-22 01:00:00,23.4,30,8.3,1006.0,0.0,23.8,0.0,30.0,23.566666666666666,0.0,1,22,4,2,0,21.0,0.0,26.920833333333334,0.0,0
Islamabad,2026-04-22 02:00:00,23.3,30,8.3,1005.0,0.0,23.4,0.0,30.0,23.5,0.0,2,22,4,2,0,20.4,0.0,27.041666666666668,0.0,0
Islamabad,2026-04-22 03:00:00,22.6,31,7.9,1005.0,0.0,23.3,0.0,30.0,23.100000000000005,0.0,3,22,4,2,0,20.1,0.0,27.145833333333332,0.0,0
Islamabad,2026-04-22 04:00:00,21.8,32,6.8,1005.0,0.0,22.6,0.0,31.0,22.566666666666666,0.0,4,22,4,2,0,19.8,0.0,27.229166666666668,0.0,0
Islamabad,2026-04-22 05:00:00,21.2,33,6.5,1005.0,0.0,21.8,0.0,32.0,21.866666666666664,0.0,5,22,4,2,0,19.4,0.0,27.304166666666664,0.0,0
Islamabad,2026-04-22 06:00:00,21.2,35,6.5,1006.0,0.0,21.2,0.0,33.0,21.400000000000002,0.0,6,22,4,2,0,19.4,0.0,27.379166666666666,0.0,0
Islamabad,2026-04-22 07:00:00,24.5,33,6.5,1006.0,0.0,21.2,0.0,35.0,22.3,0.0,7,22,4,2,0,22.5,0.0,27.462500000000002,0.0,0
Islamabad,2026-04-22 08:00:00,28.5,26,5.4,1006.0,0.0,24.5,0.0,33.0,24.733333333333334,0.0,8,22,4,2,0,26.4,0.0,27.55,0.0,0
Islamabad,2026-04-22 09:00:00,30.8,23,4.7,1006.0,0.0,28.5,0.0,26.0,27.933333333333334,0.0,9,22,4,2,0,28.9,0.0,27.629166666666663,0.0,0
Islamabad,2026-04-22 10:00:00,32.6,21,8.3,1006.0,0.0,30.8,0.0,23.0,30.633333333333336,0.0,10,22,4,2,0,31.0,0.0,27.69583333333333,0.0,0
Islamabad,2026-04-22 11:00:00,33.9,19,9.4,1006.0,0.0,32.6,0.0,21.0,32.43333333333333,0.0,11,22,4,2,0,32.6,0.0,27.75,0.0,0
Islamabad,2026-04-22 12:00:00,34.8,17,9.4,1005.0,0.0,33.9,0.0,19.0,33.766666666666666,0.0,12,22,4,2,0,33.9,0.0,27.787499999999998,0.0,1
Islamabad,2026-04-22 13:00:00,35.6,16,12.2,1004.0,0.0,34.8,0.0,17.0,34.76666666666666,0.0,13,22,4,2,0,34.5,0.0,27.833333333333332,0.0,1
Islamabad,2026-04-22 14:00:00,35.7,16,14.4,1004.0,0.0,35.6,0.0,16.0,35.36666666666667,0.0,14,22,4,2,0,34.8,0.0,27.870833333333334,0.0,1
Islamabad,2026-04-22 15:00:00,35.4,17,13.7,1003.0,0.0,35.7,0.0,16.0,35.56666666666667,0.0,15,22,4,2,0,34.6,0.0,27.904166666666665,0.0,1
Islamabad,2026-04-22 16:00:00,35.0,17,13.0,1003.0,0.0,35.4,0.0,17.0,35.36666666666667,0.0,16,22,4,2,0,34.1,0.0,27.941666666666663,0.0,1
Islamabad,2026-04-22 17:00:00,34.2,19,10.4,1003.0,0.0,35.0,0.0,17.0,34.86666666666667,0.0,17,22,4,2,0,33.0,0.0,27.991666666666664,0.0,0
Islamabad,2026-04-22 18:00:00,31.0,25,9.0,1003.0,0.0,34.2,0.0,19.0,33.4,0.0,18,22,4,2,0,29.7,0.0,28.045833333333334,0.0,0
Islamabad,2026-04-22 19:00:00,27.5,26,6.5,1003.0,0.0,31.0,0.0,25.0,30.900000000000002,0.0,19,22,4,2,0,26.2,0.0,28.099999999999998,0.0,0
Islamabad,2026-04-22 20:00:00,26.7,27,6.1,1004.0,0.0,27.5,0.0,26.0,28.400000000000002,0.0,20,22,4,2,0,25.3,0.0,28.158333333333335,0.0,0
Islamabad,2026-04-22 21:00:00,26.0,28,7.6,1005.0,0.0,26.7,0.0,27.0,26.733333333333334,0.0,21,22,4,2,0,24.7,0.0,28.212500000000002,0.0,0
Islamabad,2026-04-22 22:00:00,25.5,29,8.6,1005.0,0.0,26.0,0.0,28.0,26.066666666666666,0.0,22,22,4,2,0,24.1,0.0,28.270833333333332,0.0,0
Islamabad,2026-04-22 23:00:00,25.0,30,9.0,1005.0,0.0,25.5,0.0,29.0,25.5,0.0,23,22,4,2,0,23.5,0.0,28.333333333333332,0.0,0
Islamabad,2026-04-23 00:00:00,24.5,33,9.7,1006.0,0.0,25.0,0.0,30.0,25.0,0.0,0,23,4,3,0,23.8,0.0,28.3625,0.0,0
Islamabad,2026-04-23 01:00:00,24.2,33,10.4,1005.0,0.0,24.5,0.0,33.0,24.566666666666663,0.0,1,23,4,3,0,23.4,0.0,28.395833333333332,0.0,0
Islamabad,2026-04-23 02:00:00,23.9,34,10.8,1005.0,0.0,24.2,0.0,33.0,24.2,0.0,2,23,4,3,0,23.3,0.0,28.42083333333333,0.0,0
Islamabad,2026-04-23 03:00:00,23.7,34,10.8,1004.0,0.0,23.9,0.0,34.0,23.933333333333334,0.0,3,23,4,3,0,22.6,0.0,28.46666666666667,0.0,0
Islamabad,2026-04-23 04:00:00,23.3,35,10.8,1004.0,0.0,23.7,0.0,34.0,23.633333333333336,0.0,4,23,4,3,0,21.8,0.0,28.529166666666665,0.0,0
Islamabad,2026-04-23 05:00:00,22.7,35,9.4,1004.0,0.0,23.3,0.0,35.0,23.233333333333334,0.0,5,23,4,3,0,21.2,0.0,28.59166666666667,0.0,0
Islamabad,2026-04-23 06:00:00,22.5,37,9.0,1005.0,0.0,22.7,0.0,35.0,22.833333333333332,0.0,6,23,4,3,0,21.2,0.0,28.645833333333332,0.0,0
Islamabad,2026-04-23 07:00:00,24.7,38,8.6,1005.0,0.0,22.5,0.0,37.0,23.3,0.0,7,23,4,3,0,24.5,0.0,28.65416666666667,0.0,0
Islamabad,2026-04-23 08:00:00,28.5,32,7.9,1006.0,0.0,24.7,0.0,38.0,25.23333333333333,0.0,8,23,4,3,0,28.5,0.0,28.65416666666667,0.0,0
Islamabad,2026-04-23 09:00:00,29.9,31,10.1,1006.0,0.0,28.5,0.0,32.0,27.7,0.0,9,23,4,3,0,30.8,0.0,28.61666666666667,0.0,0
Islamabad,2026-04-23 10:00:00,32.2,27,10.4,1006.0,0.0,29.9,0.0,31.0,30.2,0.0,10,23,4,3,0,32.6,0.0,28.599999999999998,0.0,0
Islamabad,2026-04-23 11:00:00,34.0,24,13.0,1006.0,0.0,32.2,0.0,27.0,32.03333333333333,0.0,11,23,4,3,0,33.9,0.0,28.604166666666668,0.0,0
Islamabad,2026-04-23 12:00:00,35.1,22,14.4,1006.0,0.0,34.0,0.0,24.0,33.766666666666666,0.0,12,23,4,3,0,34.8,0.0,28.616666666666664,0.0,1
Islamabad,2026-04-23 13:00:00,35.6,22,15.5,1005.0,0.0,35.1,0.0,22.0,34.9,0.0,13,23,4,3,0,35.6,0.0,28.616666666666664,0.0,1
Islamabad,2026-04-23 14:00:00,35.7,21,15.8,1005.0,0.0,35.6,0.0,22.0,35.46666666666667,0.0,14,23,4,3,0,35.7,0.0,28.61666666666667,0.0,1
Islamabad,2026-04-23 15:00:00,35.6,21,16.9,1004.0,0.0,35.7,0.0,21.0,35.63333333333333,0.0,15,23,4,3,0,35.4,0.0,28.625,0.0,1
Islamabad,2026-04-23 16:00:00,34.9,22,16.6,1004.0,0.0,35.6,0.0,21.0,35.400000000000006,0.0,16,23,4,3,0,35.0,0.0,28.620833333333337,0.0,1
Islamabad,2026-04-23 17:00:00,33.9,25,13.3,1004.0,0.0,34.9,0.0,22.0,34.8,0.0,17,23,4,3,0,34.2,0.0,28.608333333333334,0.0,0
Islamabad,2026-04-23 18:00:00,30.9,31,9.7,1004.0,0.0,33.9,0.0,25.0,33.23333333333333,0.0,18,23,4,3,0,31.0,0.0,28.604166666666668,0.0,0
Islamabad,2026-04-23 19:00:00,28.5,32,8.6,1004.0,0.0,30.9,0.0,31.0,31.099999999999994,0.0,19,23,4,3,0,27.5,0.0,28.645833333333332,0.0,0
Islamabad,2026-04-23 20:00:00,27.8,32,10.1,1005.0,0.0,28.5,0.0,32.0,29.066666666666666,0.0,20,23,4,3,0,26.7,0.0,28.691666666666663,0.0,0
Islamabad,2026-04-23 21:00:00,27.2,34,9.7,1005.0,0.0,27.8,0.0,32.0,27.833333333333332,0.0,21,23,4,3,0,26.0,0.0,28.741666666666664,0.0,0
Islamabad,2026-04-23 22:00:00,26.3,35,9.7,1005.0,0.0,27.2,0.0,34.0,27.099999999999998,0.0,22,23,4,3,0,25.5,0.0,28.774999999999995,0.0,0
Islamabad,2026-04-23 23:00:00,25.7,37,9.4,1006.0,0.0,26.3,0.0,35.0,26.400000000000002,0.0,23,23,4,3,0,25.0,0.0,28.804166666666664,0.0,0
Islamabad,2026-04-24 00:00:00,24.2,41,11.9,1006.0,0.0,25.7,0.0,37.0,25.400000000000002,0.0,0,24,4,4,0,24.5,0.0,28.791666666666668,0.0,0
Islamabad,2026-04-24 01:00:00,23.9,42,17.3,1006.0,0.0,24.2,0.0,41.0,24.599999999999998,0.0,1,24,4,4,0,24.2,0.0,28.77916666666667,0.0,0
Islamabad,2026-04-24 02:00:00,23.3,44,13.3,1006.0,0.0,23.9,0.0,42.0,23.8,0.0,2,24,4,4,0,23.9,0.0,28.754166666666666,0.0,0
Islamabad,2026-04-24 03:00:00,22.9,44,9.7,1005.0,0.0,23.3,0.0,44.0,23.366666666666664,0.0,3,24,4,4,0,23.7,0.0,28.72083333333333,0.0,0
Islamabad,2026-04-24 04:00:00,22.6,45,10.8,1005.0,0.0,22.9,0.0,44.0,22.933333333333337,0.0,4,24,4,4,0,23.3,0.0,28.691666666666666,0.0,0
Islamabad,2026-04-24 05:00:00,21.8,47,10.8,1006.0,0.0,22.6,0.0,45.0,22.433333333333334,0.0,5,24,4,4,0,22.7,0.0,28.65416666666667,0.0,0
Islamabad,2026-04-24 06:00:00,21.5,49,10.1,1006.0,0.0,21.8,0.0,47.0,21.96666666666667,0.0,6,24,4,4,0,22.5,0.0,28.6125,0.0,0
Islamabad,2026-04-24 07:00:00,24.5,45,11.2,1007.0,0.0,21.5,0.0,49.0,22.599999999999998,0.0,7,24,4,4,0,24.7,0.0,28.604166666666668,0.0,0
Islamabad,2026-04-24 08:00:00,27.8,38,11.2,1007.0,0.0,24.5,0.0,45.0,24.600000000000005,0.0,8,24,4,4,0,28.5,0.0,28.575,0.0,0
Islamabad,2026-04-24 09:00:00,29.7,33,9.4,1007.0,0.0,27.8,0.0,38.0,27.333333333333332,0.0,9,24,4,4,0,29.9,0.0,28.566666666666666,0.0,0
Islamabad,2026-04-24 10:00:00,32.1,28,8.3,1007.0,0.0,29.7,0.0,33.0,29.86666666666667,0.0,10,24,4,4,0,32.2,0.0,28.5625,0.0,0
Islamabad,2026-04-24 11:00:00,33.9,25,9.7,1006.0,0.0,32.1,0.0,28.0,31.900000000000002,0.0,11,24,4,4,0,34.0,0.0,28.558333333333337,0.0,0
Islamabad,2026-04-24 12:00:00,35.2,23,11.5,1006.0,0.0,33.9,0.0,25.0,33.733333333333334,0.0,12,24,4,4,0,35.1,0.0,28.5625,0.0,1
Islamabad,2026-04-24 13:00:00,36.0,21,14.4,1005.0,0.0,35.2,0.0,23.0,35.03333333333334,0.0,13,24,4,4,0,35.6,0.0,28.579166666666666,0.0,1
Islamabad,2026-04-24 14:00:00,36.3,20,14.8,1004.0,0.0,36.0,0.0,21.0,35.833333333333336,0.0,14,24,4,4,0,35.7,0.0,28.604166666666668,0.0,1
Islamabad,2026-04-24 15:00:00,36.4,20,14.8,1003.0,0.0,36.3,0.0,20.0,36.23333333333334,0.0,15,24,4,4,0,35.6,0.0,28.637500000000003,0.0,1
Islamabad,2026-04-24 16:00:00,35.7,21,16.2,1003.0,0.0,36.4,0.0,20.0,36.13333333333333,0.0,16,24,4,4,0,34.9,0.0,28.67083333333333,0.0,1
Islamabad,2026-04-24 17:00:00,34.3,25,14.4,1003.0,0.0,35.7,0.0,21.0,35.46666666666667,0.0,17,24,4,4,0,33.9,0.0,28.6875,0.0,0
Islamabad,2026-04-24 18:00:00,31.3,31,12.6,1003.0,0.0,34.3,0.0,25.0,33.76666666666667,0.0,18,24,4,4,0,30.9,0.0,28.704166666666666,0.0,0
Islamabad,2026-04-24 19:00:00,27.9,34,9.4,1004.0,0.0,31.3,0.0,31.0,31.166666666666668,0.0,19,24,4,4,0,28.5,0.0,28.679166666666664,0.0,0
Islamabad,2026-04-24 20:00:00,27.4,35,10.4,1005.0,0.0,27.9,0.0,34.0,28.86666666666667,0.0,20,24,4,4,0,27.8,0.0,28.662500000000005,0.0,0
Islamabad,2026-04-24 21:00:00,26.9,36,11.5,1007.0,0.0,27.4,0.0,35.0,27.400000000000002,0.0,21,24,4,4,0,27.2,0.0,28.650000000000002,0.0,0
Islamabad,2026-04-24 22:00:00,27.4,36,18.7,1007.0,0.0,26.9,0.0,36.0,27.233333333333334,0.0,22,24,4,4,0,26.3,0.0,28.695833333333336,0.0,0
Islamabad,2026-04-24 23:00:00,26.6,40,19.8,1007.0,0.0,27.4,0.0,36.0,26.96666666666667,0.0,23,24,4,4,0,25.7,0.0,28.733333333333334,0.0,0
Karachi,2026-04-21 01:00:00,26.0,65,16.6,1008.0,0.0,26.2,0.0,64.0,26.266666666666666,0.0,1,21,4,1,0,25.7,0.0,27.900000000000002,0.0,0
Karachi,2026-04-21 02:00:00,25.8,66,14.8,1007.0,0.0,26.0,0.0,65.0,26.0,0.0,2,21,4,1,0,25.5,0.0,27.912499999999998,0.0,0
Karachi,2026-04-21 03:00:00,25.5,68,15.8,1007.0,0.0,25.8,0.0,66.0,25.766666666666666,0.0,3,21,4,1,0,25.2,0.0,27.925,0.0,0
Karachi,2026-04-21 04:00:00,25.2,69,17.3,1007.0,0.0,25.5,0.0,68.0,25.5,0.0,4,21,4,1,0,25.0,0.0,27.933333333333337,0.0,0
Karachi,2026-04-21 05:00:00,25.1,70,18.7,1007.0,0.0,25.2,0.0,69.0,25.266666666666666,0.0,5,21,4,1,0,24.9,0.0,27.941666666666666,0.0,0
Karachi,2026-04-21 06:00:00,25.0,70,18.4,1008.0,0.0,25.1,0.0,70.0,25.099999999999998,0.0,6,21,4,1,0,24.7,0.0,27.954166666666666,0.0,0
Karachi,2026-04-21 07:00:00,25.4,68,18.4,1008.0,0.0,25.0,0.0,70.0,25.166666666666668,0.0,7,21,4,1,0,25.1,0.0,27.96666666666667,0.0,0
Karachi,2026-04-21 08:00:00,26.6,60,23.0,1009.0,0.0,25.4,0.0,68.0,25.666666666666668,0.0,8,21,4,1,0,26.5,0.0,27.97083333333333,0.0,0
Karachi,2026-04-21 09:00:00,27.9,53,23.4,1009.0,0.0,26.6,0.0,60.0,26.633333333333336,0.0,9,21,4,1,0,28.1,0.0,27.962500000000002,0.0,0
Karachi,2026-04-21 10:00:00,29.0,49,25.2,1009.0,0.0,27.9,0.0,53.0,27.833333333333332,0.0,10,21,4,1,0,29.4,0.0,27.945833333333336,0.0,0
Karachi,2026-04-21 11:00:00,29.9,46,27.7,1009.0,0.0,29.0,0.0,49.0,28.933333333333334,0.0,11,21,4,1,0,30.3,0.0,27.92916666666667,0.0,0
Karachi,2026-04-21 12:00:00,30.7,43,28.4,1008.0,0.0,29.9,0.0,46.0,29.866666666666664,0.0,12,21,4,1,0,31.1,0.0,27.912499999999998,0.0,1
Karachi,2026-04-21 13:00:00,31.0,42,30.6,1007.0,0.0,30.7,0.0,43.0,30.53333333333333,0.0,13,21,4,1,0,31.3,0.0,27.899999999999995,0.0,1
Karachi,2026-04-21 14:00:00,30.8,43,30.6,1007.0,0.0,31.0,0.0,42.0,30.833333333333332,0.0,14,21,4,1,0,31.6,0.0,27.86666666666667,0.0,1
Karachi,2026-04-21 15:00:00,30.6,44,31.0,1006.0,0.0,30.8,0.0,43.0,30.8,0.0,15,21,4,1,0,31.6,0.0,27.825000000000003,0.0,1
Karachi,2026-04-21 16:00:00,30.2,44,29.5,1006.0,0.0,30.6,0.0,44.0,30.53333333333333,0.0,16,21,4,1,0,31.1,0.0,27.787499999999998,0.0,1
Karachi,2026-04-21 17:00:00,29.6,46,28.1,1006.0,0.0,30.2,0.0,44.0,30.133333333333336,0.0,17,21,4,1,0,30.3,0.0,27.758333333333336,0.0,0
Karachi,2026-04-21 18:00:00,28.7,50,28.4,1006.0,0.0,29.6,0.0,46.0,29.5,0.0,18,21,4,1,0,29.3,0.0,27.733333333333334,0.0,0
Karachi,2026-04-21 19:00:00,27.8,55,27.4,1006.0,0.0,28.7,0.0,50.0,28.7,0.0,19,21,4,1,0,28.2,0.0,27.71666666666667,0.0,0
Karachi,2026-04-21 20:00:00,27.2,61,25.6,1007.0,0.0,27.8,0.0,55.0,27.900000000000002,0.0,20,21,4,1,0,27.5,0.0,27.70416666666667,0.0,0
Karachi,2026-04-21 21:00:00,27.0,65,23.4,1008.0,0.0,27.2,0.0,61.0,27.333333333333332,0.0,21,21,4,1,0,27.2,0.0,27.695833333333336,0.0,0
Karachi,2026-04-21 22:00:00,26.7,67,21.6,1008.0,0.0,27.0,0.0,65.0,26.96666666666667,0.0,22,21,4,1,0,26.9,0.0,27.6875,0.0,0
Karachi,2026-04-21 23:00:00,26.5,69,19.8,1008.0,0.0,26.7,0.0,67.0,26.73333333333333,0.0,23,21,4,1,0,26.6,0.0,27.683333333333334,0.0,0
Karachi,2026-04-22 00:00:00,26.2,71,18.0,1008.0,0.0,26.5,0.0,69.0,26.466666666666665,0.0,0,22,4,2,0,26.2,0.0,27.683333333333334,0.0,0
Karachi,2026-04-22 01:00:00,25.9,74,18.7,1008.0,0.0,26.2,0.0,71.0,26.2,0.0,1,22,4,2,0,26.0,0.0,27.679166666666664,0.0,0
Karachi,2026-04-22 02:00:00,25.7,76,18.4,1007.0,0.0,25.9,0.0,74.0,25.933333333333334,0.0,2,22,4,2,0,25.8,0.0,27.675,0.0,0
Karachi,2026-04-22 03:00:00,25.5,77,18.4,1007.0,0.0,25.7,0.0,76.0,25.7,0.0,3,22,4,2,0,25.5,0.0,27.675,0.0,0
Karachi,2026-04-22 04:00:00,25.3,78,19.4,1007.0,0.0,25.5,0.0,77.0,25.5,0.0,4,22,4,2,0,25.2,0.0,27.679166666666664,0.0,0
Karachi,2026-04-22 05:00:00,25.2,80,21.6,1007.0,0.0,25.3,0.0,78.0,25.333333333333332,0.0,5,22,4,2,0,25.1,0.0,27.683333333333337,0.0,0
Karachi,2026-04-22 06:00:00,25.1,81,22.7,1008.0,0.0,25.2,0.0,80.0,25.2,0.0,6,22,4,2,0,25.0,0.0,27.6875,0.0,0
Karachi,2026-04-22 07:00:00,25.4,79,24.1,1008.0,0.0,25.1,0.0,81.0,25.233333333333334,0.0,7,22,4,2,0,25.4,0.0,27.6875,0.0,0
Karachi,2026-04-22 08:00:00,26.5,72,28.8,1009.0,0.0,25.4,0.0,79.0,25.666666666666668,0.0,8,22,4,2,0,26.6,0.0,27.683333333333337,0.0,0
Karachi,2026-04-22 09:00:00,27.7,64,31.3,1009.0,0.0,26.5,0.0,72.0,26.53333333333333,0.0,9,22,4,2,0,27.9,0.0,27.674999999999997,0.0,0
Karachi,2026-04-22 10:00:00,28.8,59,32.0,1009.0,0.0,27.7,0.0,64.0,27.666666666666668,0.0,10,22,4,2,0,29.0,0.0,27.666666666666668,0.0,0
Karachi,2026-04-22 11:00:00,29.6,56,32.8,1008.0,0.0,28.8,0.0,59.0,28.7,0.0,11,22,4,2,0,29.9,0.0,27.654166666666665,0.0,0
Karachi,2026-04-22 12:00:00,30.1,55,34.6,1008.0,0.0,29.6,0.0,56.0,29.5,0.0,12,22,4,2,0,30.7,0.0,27.629166666666666,0.0,1
Karachi,2026-04-22 13:00:00,30.2,55,35.3,1007.0,0.0,30.1,0.0,55.0,29.96666666666667,0.0,13,22,4,2,0,31.0,0.0,27.595833333333335,0.0,1
Karachi,2026-04-22 14:00:00,30.3,55,34.9,1006.0,0.0,30.2,0.0,55.0,30.2,0.0,14,22,4,2,0,30.8,0.0,27.575,0.0,1
Karachi,2026-04-22 15:00:00,30.1,56,34.6,1006.0,0.0,30.3,0.0,55.0,30.2,0.0,15,22,4,2,0,30.6,0.0,27.554166666666664,0.0,1
Karachi,2026-04-22 16:00:00,29.7,58,33.5,1005.0,0.0,30.1,0.0,56.0,30.03333333333333,0.0,16,22,4,2,0,30.2,0.0,27.533333333333335,0.0,1
Karachi,2026-04-22 17:00:00,29.1,61,31.3,1005.0,0.0,29.7,0.0,58.0,29.633333333333336,0.0,17,22,4,2,0,29.6,0.0,27.5125,0.0,0
Karachi,2026-04-22 18:00:00,28.3,65,30.2,1005.0,0.0,29.1,0.0,61.0,29.03333333333333,0.0,18,22,4,2,0,28.7,0.0,27.495833333333334,0.0,0
Karachi,2026-04-22 19:00:00,27.3,72,30.6,1006.0,0.0,28.3,0.0,65.0,28.233333333333334,0.0,19,22,4,2,0,27.8,0.0,27.474999999999998,0.0,0
Karachi,2026-04-22 20:00:00,26.7,76,30.6,1006.0,0.0,27.3,0.0,72.0,27.433333333333337,0.0,20,22,4,2,0,27.2,0.0,27.454166666666666,0.0,0
Karachi,2026-04-22 21:00:00,26.6,78,29.5,1007.0,0.0,26.7,0.0,76.0,26.866666666666664,0.0,21,22,4,2,0,27.0,0.0,27.4375,0.0,0
Karachi,2026-04-22 22:00:00,26.4,80,29.2,1007.0,0.0,26.6,0.0,78.0,26.566666666666666,0.0,22,22,4,2,0,26.7,0.0,27.425,0.0,0
Karachi,2026-04-22 23:00:00,26.3,82,28.4,1007.0,0.0,26.4,0.0,80.0,26.433333333333334,0.0,23,22,4,2,0,26.5,0.0,27.416666666666668,0.0,0
Karachi,2026-04-23 00:00:00,26.3,80,25.6,1007.0,0.0,26.3,0.0,82.0,26.333333333333332,0.0,0,23,4,3,0,26.2,0.0,27.420833333333334,0.0,0
Karachi,2026-04-23 01:00:00,26.1,81,25.2,1007.0,0.0,26.3,0.0,80.0,26.233333333333334,0.0,1,23,4,3,0,25.9,0.0,27.429166666666664,0.0,0
Karachi,2026-04-23 02:00:00,25.9,83,25.9,1006.0,0.0,26.1,0.0,81.0,26.100000000000005,0.0,2,23,4,3,0,25.7,0.0,27.4375,0.0,0
Karachi,2026-04-23 03:00:00,25.6,84,25.9,1006.0,0.0,25.9,0.0,83.0,25.866666666666664,0.0,3,23,4,3,0,25.5,0.0,27.441666666666663,0.0,0
Karachi,2026-04-23 04:00:00,25.5,86,26.3,1006.0,0.0,25.6,0.0,84.0,25.666666666666668,0.0,4,23,4,3,0,25.3,0.0,27.45,0.0,0
Karachi,2026-04-23 05:00:00,25.4,86,26.3,1006.0,0.0,25.5,0.0,86.0,25.5,0.0,5,23,4,3,0,25.2,0.0,27.458333333333332,0.0,0
Karachi,2026-04-23 06:00:00,25.2,87,25.9,1006.0,0.0,25.4,0.0,86.0,25.366666666666664,0.0,6,23,4,3,0,25.1,0.0,27.462500000000002,0.0,0
Karachi,2026-04-23 07:00:00,25.6,86,26.6,1007.0,0.0,25.2,0.0,87.0,25.400000000000002,0.0,7,23,4,3,0,25.4,0.0,27.470833333333335,0.0,0
Karachi,2026-04-23 08:00:00,26.5,78,29.9,1008.0,0.0,25.6,0.0,86.0,25.766666666666666,0.0,8,23,4,3,0,26.5,0.0,27.47083333333333,0.0,0
Karachi,2026-04-23 09:00:00,27.7,71,30.6,1008.0,0.0,26.5,0.0,78.0,26.599999999999998,0.0,9,23,4,3,0,27.7,0.0,27.470833333333335,0.0,0
Karachi,2026-04-23 10:00:00,28.8,65,31.7,1008.0,0.0,27.7,0.0,71.0,27.666666666666668,0.0,10,23,4,3,0,28.8,0.0,27.47083333333333,0.0,0
Karachi,2026-04-23 11:00:00,29.7,62,32.0,1008.0,0.0,28.8,0.0,65.0,28.733333333333334,0.0,11,23,4,3,0,29.6,0.0,27.475000000000005,0.0,0
Karachi,2026-04-23 12:00:00,30.4,58,31.3,1007.0,0.0,29.7,0.0,62.0,29.633333333333336,0.0,12,23,4,3,0,30.1,0.0,27.4875,0.0,1
Karachi,2026-04-23 13:00:00,30.9,56,30.2,1006.0,0.0,30.4,0.0,58.0,30.333333333333332,0.0,13,23,4,3,0,30.2,0.0,27.516666666666666,0.0,1
Karachi,2026-04-23 14:00:00,30.9,56,31.3,1006.0,0.0,30.9,0.0,56.0,30.73333333333333,0.0,14,23,4,3,0,30.3,0.0,27.541666666666668,0.0,1
Karachi,2026-04-23 15:00:00,30.7,57,32.4,1005.0,0.0,30.9,0.0,56.0,30.833333333333332,0.0,15,23,4,3,0,30.1,0.0,27.566666666666666,0.0,1
Karachi,2026-04-23 16:00:00,30.4,57,32.0,1005.0,0.0,30.7,0.0,57.0,30.666666666666668,0.0,16,23,4,3,0,29.7,0.0,27.59583333333333,0.0,1
Karachi,2026-04-23 17:00:00,29.8,60,31.3,1005.0,0.0,30.4,0.0,57.0,30.3,0.0,17,23,4,3,0,29.1,0.0,27.625,0.0,0
Karachi,2026-04-23 18:00:00,28.7,65,29.9,1005.0,0.0,29.8,0.0,60.0,29.63333333333333,0.0,18,23,4,3,0,28.3,0.0,27.641666666666666,0.0,0
Karachi,2026-04-23 19:00:00,27.7,72,27.7,1006.0,0.0,28.7,0.0,65.0,28.733333333333334,0.0,19,23,4,3,0,27.3,0.0,27.65833333333333,0.0,0
Karachi,2026-04-23 20:00:00,27.1,77,26.3,1006.0,0.0,27.7,0.0,72.0,27.833333333333332,0.0,20,23,4,3,0,26.7,0.0,27.674999999999997,0.0,0
Karachi,2026-04-23 21:00:00,26.9,79,25.6,1006.0,0.0,27.1,0.0,77.0,27.23333333333333,0.0,21,23,4,3,0,26.6,0.0,27.6875,0.0,0
Karachi,2026-04-23 22:00:00,26.6,82,24.5,1007.0,0.0,26.9,0.0,79.0,26.866666666666664,0.0,22,23,4,3,0,26.4,0.0,27.69583333333333,0.0,0
Karachi,2026-04-23 23:00:00,26.4,84,24.8,1007.0,0.0,26.6,0.0,82.0,26.633333333333336,0.0,23,23,4,3,0,26.3,0.0,27.7,0.0,0
Karachi,2026-04-24 00:00:00,26.0,85,18.0,1007.0,0.0,26.4,0.0,84.0,26.333333333333332,0.0,0,24,4,4,0,26.3,0.0,27.6875,0.0,0
Karachi,2026-04-24 01:00:00,25.8,87,21.6,1006.0,0.0,26.0,0.0,85.0,26.066666666666666,0.0,1,24,4,4,0,26.1,0.0,27.675,0.0,0
Karachi,2026-04-24 02:00:00,25.6,89,23.0,1006.0,0.0,25.8,0.0,87.0,25.8,0.0,2,24,4,4,0,25.9,0.0,27.662499999999998,0.0,0
Karachi,2026-04-24 03:00:00,25.4,90,20.9,1006.0,0.0,25.6,0.0,89.0,25.599999999999998,0.0,3,24,4,4,0,25.6,0.0,27.65416666666667,0.0,0
Karachi,2026-04-24 04:00:00,25.3,90,18.0,1006.0,0.0,25.4,0.0,90.0,25.433333333333337,0.0,4,24,4,4,0,25.5,0.0,27.645833333333332,0.0,0
Karachi,2026-04-24 05:00:00,25.2,90,19.4,1006.0,0.0,25.3,0.0,90.0,25.299999999999997,0.0,5,24,4,4,0,25.4,0.0,27.6375,0.0,0
Karachi,2026-04-24 06:00:00,25.1,91,19.1,1007.0,0.0,25.2,0.0,90.0,25.200000000000003,0.0,6,24,4,4,0,25.2,0.0,27.633333333333336,0.0,0
Karachi,2026-04-24 07:00:00,25.4,89,19.4,1007.0,0.0,25.1,0.0,91.0,25.233333333333334,0.0,7,24,4,4,0,25.6,0.0,27.625,0.0,0
Karachi,2026-04-24 08:00:00,26.6,80,22.0,1008.0,0.0,25.4,0.0,89.0,25.7,0.0,8,24,4,4,0,26.5,0.0,27.629166666666666,0.0,0
Karachi,2026-04-24 09:00:00,28.0,71,24.1,1008.0,0.0,26.6,0.0,80.0,26.666666666666668,0.0,9,24,4,4,0,27.7,0.0,27.641666666666666,0.0,0
Karachi,2026-04-24 10:00:00,29.3,66,26.6,1008.0,0.0,28.0,0.0,71.0,27.96666666666667,0.0,10,24,4,4,0,28.8,0.0,27.662499999999998,0.0,0
Karachi,2026-04-24 11:00:00,30.4,60,27.7,1008.0,0.0,29.3,0.0,66.0,29.233333333333334,0.0,11,24,4,4,0,29.7,0.0,27.691666666666663,0.0,0
Karachi,2026-04-24 12:00:00,31.2,57,28.4,1007.0,0.0,30.4,0.0,60.0,30.3,0.0,12,24,4,4,0,30.4,0.0,27.724999999999998,0.0,1
Karachi,2026-04-24 13:00:00,31.6,55,29.9,1006.0,0.0,31.2,0.0,57.0,31.066666666666666,0.0,13,24,4,4,0,30.9,0.0,27.754166666666666,0.0,1
Karachi,2026-04-24 14:00:00,31.7,55,30.2,1006.0,0.0,31.6,0.0,55.0,31.5,0.0,14,24,4,4,0,30.9,0.0,27.787499999999998,0.0,1
Karachi,2026-04-24 15:00:00,31.4,56,29.2,1005.0,0.0,31.7,0.0,55.0,31.566666666666663,0.0,15,24,4,4,0,30.7,0.0,27.816666666666663,0.0,1
Karachi,2026-04-24 16:00:00,30.9,57,28.4,1005.0,0.0,31.4,0.0,56.0,31.333333333333332,0.0,16,24,4,4,0,30.4,0.0,27.837500000000002,0.0,1
Karachi,2026-04-24 17:00:00,30.1,60,27.7,1005.0,0.0,30.9,0.0,57.0,30.8,0.0,17,24,4,4,0,29.8,0.0,27.850000000000005,0.0,0
Karachi,2026-04-24 18:00:00,29.0,66,27.4,1005.0,0.0,30.1,0.0,60.0,30.0,0.0,18,24,4,4,0,28.7,0.0,27.8625,0.0,0
Karachi,2026-04-24 19:00:00,27.9,73,25.9,1006.0,0.0,29.0,0.0,66.0,29.0,0.0,19,24,4,4,0,27.7,0.0,27.870833333333334,0.0,0
Karachi,2026-04-24 20:00:00,27.2,78,24.1,1006.0,0.0,27.9,0.0,73.0,28.03333333333333,0.0,20,24,4,4,0,27.1,0.0,27.875,0.0,0
Karachi,2026-04-24 21:00:00,27.0,79,20.2,1007.0,0.0,27.2,0.0,78.0,27.366666666666664,0.0,21,24,4,4,0,26.9,0.0,27.879166666666663,0.0,0
Karachi,2026-04-24 22:00:00,26.8,81,20.5,1008.0,0.0,27.0,0.0,79.0,27.0,0.0,22,24,4,4,0,26.6,0.0,27.887500000000003,0.0,0
Karachi,2026-04-24 23:00:00,26.6,82,18.4,1008.0,0.0,26.8,0.0,81.0,26.8,0.0,23,24,4,4,0,26.4,0.0,27.895833333333332,0.0,0
Lahore,2026-04-21 01:00:00,26.3,25,9.0,1005.0,0.0,27.2,0.0,24.0,27.299999999999997,0.0,1,21,4,1,0,23.8,0.0,31.112499999999997,0.2,0
Lahore,2026-04-21 02:00:00,25.5,27,8.3,1004.0,0.0,26.3,0.0,25.0,26.33333333333333,0.0,2,21,4,1,0,23.6,0.0,31.191666666666666,0.2,0
Lahore,2026-04-21 03:00:00,25.0,29,10.8,1005.0,0.0,25.5,0.0,27.0,25.599999999999998,0.0,3,21,4,1,0,23.5,0.0,31.254166666666666,0.2,0
Lahore,2026-04-21 04:00:00,24.5,31,8.6,1004.0,0.0,25.0,0.0,29.0,25.0,0.0,4,21,4,1,0,23.2,0.0,31.308333333333334,0.2,0
Lahore,2026-04-21 05:00:00,24.2,32,8.6,1004.0,0.0,24.5,0.0,31.0,24.566666666666663,0.0,5,21,4,1,0,22.5,0.0,31.379166666666666,0.2,0
Lahore,2026-04-21 06:00:00,24.4,32,8.3,1005.0,0.0,24.2,0.0,32.0,24.366666666666664,0.0,6,21,4,1,0,22.4,0.0,31.462500000000002,0.2,0
Lahore,2026-04-21 07:00:00,27.8,26,6.5,1005.0,0.0,24.4,0.0,32.0,25.466666666666665,0.0,7,21,4,1,0,25.3,0.0,31.566666666666663,0.2,0
Lahore,2026-04-21 08:00:00,31.4,20,8.6,1006.0,0.0,27.8,0.0,26.0,27.866666666666664,0.0,8,21,4,1,0,28.7,0.0,31.67916666666667,0.2,0
Lahore,2026-04-21 09:00:00,34.3,16,10.8,1006.0,0.0,31.4,0.0,20.0,31.166666666666668,0.0,9,21,4,1,0,32.0,0.0,31.775000000000002,0.2,0
Lahore,2026-04-21 10:00:00,36.6,13,14.0,1006.0,0.0,34.3,0.0,16.0,34.1,0.0,10,21,4,1,0,34.7,0.0,31.854166666666668,0.2,0
Lahore,2026-04-21 11:00:00,38.0,11,16.9,1005.0,0.0,36.6,0.0,13.0,36.3,0.0,11,21,4,1,0,36.8,0.0,31.90416666666667,0.2,0
Lahore,2026-04-21 12:00:00,39.0,11,19.1,1004.0,0.0,38.0,0.0,11.0,37.86666666666667,0.0,12,21,4,1,0,38.1,0.0,31.941666666666666,0.2,1
Lahore,2026-04-21 13:00:00,39.8,10,20.9,1004.0,0.0,39.0,0.0,11.0,38.93333333333333,0.0,13,21,4,1,0,38.9,0.0,31.979166666666668,0.2,1
Lahore,2026-04-21 14:00:00,40.2,9,21.2,1002.0,0.0,39.8,0.0,10.0,39.666666666666664,0.0,14,21,4,1,0,39.3,0.0,32.01666666666667,0.2,1
Lahore,2026-04-21 15:00:00,40.2,9,21.2,1002.0,0.0,40.2,0.0,9.0,40.06666666666667,0.0,15,21,4,1,0,39.3,0.0,32.05416666666667,0.2,1
Lahore,2026-04-21 16:00:00,39.9,9,22.0,1001.0,0.0,40.2,0.0,9.0,40.1,0.0,16,21,4,1,0,38.6,0.0,32.10833333333333,0.2,1
Lahore,2026-04-21 17:00:00,38.9,9,20.9,1001.0,0.0,39.9,0.0,9.0,39.666666666666664,0.0,17,21,4,1,0,37.7,0.0,32.15833333333334,0.2,0
Lahore,2026-04-21 18:00:00,36.9,11,14.8,1002.0,0.0,38.9,0.0,9.0,38.56666666666666,0.0,18,21,4,1,0,35.7,0.0,32.208333333333336,0.2,0
Lahore,2026-04-21 19:00:00,33.4,13,13.3,1002.0,0.0,36.9,0.0,11.0,36.4,0.0,19,21,4,1,0,32.6,0.0,32.24166666666667,0.1,0
Lahore,2026-04-21 20:00:00,32.0,15,12.6,1003.0,0.0,33.4,0.0,13.0,34.099999999999994,0.0,20,21,4,1,0,31.6,0.0,32.25833333333333,0.0,0
Lahore,2026-04-21 21:00:00,30.8,16,12.6,1003.0,0.0,32.0,0.0,15.0,32.06666666666666,0.0,21,21,4,1,0,30.7,0.0,32.262499999999996,0.0,0
Lahore,2026-04-21 22:00:00,29.7,17,11.2,1004.0,0.0,30.8,0.0,16.0,30.833333333333332,0.0,22,21,4,1,0,29.6,0.0,32.266666666666666,0.0,0
Lahore,2026-04-21 23:00:00,28.9,18,9.0,1004.0,0.0,29.7,0.0,17.0,29.799999999999997,0.0,23,21,4,1,0,28.4,0.0,32.2875,0.0,0
Lahore,2026-04-22 00:00:00,28.0,20,10.1,1004.0,0.0,28.9,0.0,18.0,28.866666666666664,0.0,0,22,4,2,0,27.2,0.0,32.32083333333333,0.0,0
Lahore,2026-04-22 01:00:00,27.4,20,8.6,1003.0,0.0,28.0,0.0,20.0,28.099999999999994,0.0,1,22,4,2,0,26.3,0.0,32.36666666666667,0.0,0
Lahore,2026-04-22 02:00:00,26.8,21,8.3,1003.0,0.0,27.4,0.0,20.0,27.399999999999995,0.0,2,22,4,2,0,25.5,0.0,32.420833333333334,0.0,0
Lahore,2026-04-22 03:00:00,26.4,22,8.3,1003.0,0.0,26.8,0.0,21.0,26.866666666666664,0.0,3,22,4,2,0,25.0,0.0,32.479166666666664,0.0,0
Lahore,2026-04-22 04:00:00,26.0,23,7.2,1003.0,0.0,26.4,0.0,22.0,26.399999999999995,0.0,4,22,4,2,0,24.5,0.0,32.541666666666664,0.0,0
Lahore,2026-04-22 05:00:00,25.6,23,6.8,1003.0,0.0,26.0,0.0,23.0,26.0,0.0,5,22,4,2,0,24.2,0.0,32.6,0.0,0
Lahore,2026-04-22 06:00:00,26.0,23,6.5,1004.0,0.0,25.6,0.0,23.0,25.866666666666664,0.0,6,22,4,2,0,24.4,0.0,32.666666666666664,0.0,0
Lahore,2026-04-22 07:00:00,29.1,19,7.2,1005.0,0.0,26.0,0.0,23.0,26.899999999999995,0.0,7,22,4,2,0,27.8,0.0,32.72083333333334,0.0,0
Lahore,2026-04-22 08:00:00,32.0,15,8.6,1005.0,0.0,29.1,0.0,19.0,29.03333333333333,0.0,8,22,4,2,0,31.4,0.0,32.74583333333333,0.0,0
Lahore,2026-04-22 09:00:00,34.8,13,9.7,1005.0,0.0,32.0,0.0,15.0,31.966666666666665,0.0,9,22,4,2,0,34.3,0.0,32.766666666666666,0.0,0
Lahore,2026-04-22 10:00:00,37.2,11,11.5,1005.0,0.0,34.8,0.0,13.0,34.666666666666664,0.0,10,22,4,2,0,36.6,0.0,32.791666666666664,0.0,0
Lahore,2026-04-22 11:00:00,39.1,10,12.2,1004.0,0.0,37.2,0.0,11.0,37.03333333333333,0.0,11,22,4,2,0,38.0,0.0,32.8375,0.0,0
Lahore,2026-04-22 12:00:00,40.5,9,14.0,1003.0,0.0,39.1,0.0,10.0,38.93333333333333,0.0,12,22,4,2,0,39.0,0.0,32.9,0.0,1
Lahore,2026-04-22 13:00:00,41.6,8,14.4,1002.0,0.0,40.5,0.0,9.0,40.4,0.0,13,22,4,2,0,39.8,0.0,32.975,0.0,1
Lahore,2026-04-22 14:00:00,42.0,8,14.4,1001.0,0.0,41.6,0.0,8.0,41.36666666666667,0.0,14,22,4,2,0,40.2,0.0,33.05,0.0,1
Lahore,2026-04-22 15:00:00,42.0,8,14.4,1000.0,0.0,42.0,0.0,8.0,41.86666666666667,0.0,15,22,4,2,0,40.2,0.0,33.125,0.0,1
Lahore,2026-04-22 16:00:00,41.6,8,14.0,1000.0,0.0,42.0,0.0,8.0,41.86666666666667,0.0,16,22,4,2,0,39.9,0.0,33.19583333333333,0.0,1
Lahore,2026-04-22 17:00:00,41.0,8,13.7,1000.0,0.0,41.6,0.0,8.0,41.53333333333333,0.0,17,22,4,2,0,38.9,0.0,33.28333333333333,0.0,0
Lahore,2026-04-22 18:00:00,38.5,10,9.7,1000.0,0.0,41.0,0.0,8.0,40.36666666666667,0.0,18,22,4,2,0,36.9,0.0,33.35,0.0,0
Lahore,2026-04-22 19:00:00,34.9,12,9.4,1001.0,0.0,38.5,0.0,10.0,38.13333333333333,0.0,19,22,4,2,0,33.4,0.0,33.4125,0.0,0
Lahore,2026-04-22 20:00:00,33.3,14,10.8,1002.0,0.0,34.9,0.0,12.0,35.566666666666656,0.0,20,22,4,2,0,32.0,0.0,33.46666666666667,0.0,0
Lahore,2026-04-22 21:00:00,31.8,15,10.8,1002.0,0.0,33.3,0.0,14.0,33.33333333333333,0.0,21,22,4,2,0,30.8,0.0,33.50833333333333,0.0,0
Lahore,2026-04-22 22:00:00,30.7,16,9.0,1002.0,0.0,31.8,0.0,15.0,31.933333333333326,0.0,22,22,4,2,0,29.7,0.0,33.550000000000004,0.0,0
Lahore,2026-04-22 23:00:00,30.0,17,7.6,1002.0,0.0,30.7,0.0,16.0,30.83333333333333,0.0,23,22,4,2,0,28.9,0.0,33.59583333333334,0.0,0
Lahore,2026-04-23 00:00:00,29.2,23,5.4,1003.0,0.0,30.0,0.0,17.0,29.966666666666665,0.0,0,23,4,3,0,28.0,0.0,33.645833333333336,0.0,0
Lahore,2026-04-23 01:00:00,28.3,24,4.0,1003.0,0.0,29.2,0.0,23.0,29.16666666666666,0.0,1,23,4,3,0,27.4,0.0,33.68333333333334,0.0,0
Lahore,2026-04-23 02:00:00,27.9,24,4.0,1003.0,0.0,28.3,0.0,24.0,28.466666666666658,0.0,2,23,4,3,0,26.8,0.0,33.729166666666664,0.0,0
Lahore,2026-04-23 03:00:00,27.5,25,6.1,1002.0,0.0,27.9,0.0,24.0,27.899999999999995,0.0,3,23,4,3,0,26.4,0.0,33.775,0.0,0
Lahore,2026-04-23 04:00:00,27.1,26,5.8,1003.0,0.0,27.5,0.0,25.0,27.499999999999996,0.0,4,23,4,3,0,26.0,0.0,33.82083333333333,0.0,0
Lahore,2026-04-23 05:00:00,26.8,26,5.4,1003.0,0.0,27.1,0.0,26.0,27.13333333333333,0.0,5,23,4,3,0,25.6,0.0,33.87083333333333,0.0,0
Lahore,2026-04-23 06:00:00,27.4,26,5.4,1003.0,0.0,26.8,0.0,26.0,27.099999999999994,0.0,6,23,4,3,0,26.0,0.0,33.92916666666667,0.0,0
Lahore,2026-04-23 07:00:00,30.7,22,6.1,1003.0,0.0,27.4,0.0,26.0,28.299999999999994,0.0,7,23,4,3,0,29.1,0.0,33.99583333333333,0.0,0
Lahore,2026-04-23 08:00:00,34.4,17,6.8,1004.0,0.0,30.7,0.0,22.0,30.83333333333333,0.0,8,23,4,3,0,32.0,0.0,34.09583333333333,0.0,0
Lahore,2026-04-23 09:00:00,37.7,14,9.7,1004.0,0.0,34.4,0.0,17.0,34.26666666666666,0.0,9,23,4,3,0,34.8,0.0,34.21666666666667,0.0,0
Lahore,2026-04-23 10:00:00,39.9,12,11.5,1004.0,0.0,37.7,0.0,14.0,37.333333333333336,0.0,10,23,4,3,0,37.2,0.0,34.329166666666666,0.0,0
Lahore,2026-04-23 11:00:00,41.3,11,13.0,1004.0,0.0,39.9,0.0,12.0,39.633333333333326,0.0,11,23,4,3,0,39.1,0.0,34.420833333333334,0.0,0
Lahore,2026-04-23 12:00:00,42.2,10,12.6,1003.0,0.0,41.3,0.0,11.0,41.133333333333326,0.0,12,23,4,3,0,40.5,0.0,34.49166666666667,0.0,1
Lahore,2026-04-23 13:00:00,42.7,9,11.9,1002.0,0.0,42.2,0.0,10.0,42.06666666666666,0.0,13,23,4,3,0,41.6,0.0,34.5375,0.0,1
Lahore,2026-04-23 14:00:00,43.1,9,11.9,1001.0,0.0,42.7,0.0,9.0,42.666666666666664,0.0,14,23,4,3,0,42.0,0.0,34.583333333333336,0.0,1
Lahore,2026-04-23 15:00:00,43.2,9,11.5,1000.0,0.0,43.1,0.0,9.0,43.0,0.0,15,23,4,3,0,42.0,0.0,34.63333333333333,0.0,1
Lahore,2026-04-23 16:00:00,43.0,9,10.4,1000.0,0.0,43.2,0.0,9.0,43.1,0.0,16,23,4,3,0,41.6,0.0,34.69166666666667,0.0,1
Lahore,2026-04-23 17:00:00,42.4,9,10.4,999.0,0.0,43.0,0.0,9.0,42.86666666666667,0.0,17,23,4,3,0,41.0,0.0,34.75,0.0,0
Lahore,2026-04-23 18:00:00,39.9,10,8.3,1000.0,0.0,42.4,0.0,9.0,41.76666666666666,0.0,18,23,4,3,0,38.5,0.0,34.80833333333333,0.0,0
Lahore,2026-04-23 19:00:00,36.4,14,11.2,1000.0,0.0,39.9,0.0,10.0,39.56666666666666,0.0,19,23,4,3,0,34.9,0.0,34.87083333333333,0.0,0
Lahore,2026-04-23 20:00:00,34.3,18,13.3,1001.0,0.0,36.4,0.0,14.0,36.86666666666665,0.0,20,23,4,3,0,33.3,0.0,34.9125,0.0,0
Lahore,2026-04-23 21:00:00,32.9,21,11.5,1002.0,0.0,34.3,0.0,18.0,34.533333333333324,0.0,21,23,4,3,0,31.8,0.0,34.958333333333336,0.0,0
Lahore,2026-04-23 22:00:00,31.8,23,9.4,1002.0,0.0,32.9,0.0,21.0,32.99999999999999,0.0,22,23,4,3,0,30.7,0.0,35.00416666666666,0.0,0
Lahore,2026-04-23 23:00:00,31.1,24,6.8,1002.0,0.0,31.8,0.0,23.0,31.933333333333334,0.0,23,23,4,3,0,30.0,0.0,35.05,0.0,0
Lahore,2026-04-24 00:00:00,30.4,24,7.6,1003.0,0.0,31.1,0.0,24.0,31.099999999999994,0.0,0,24,4,4,0,29.2,0.0,35.1,0.0,0
Lahore,2026-04-24 01:00:00,30.1,25,7.6,1002.0,0.0,30.4,0.0,24.0,30.53333333333333,0.0,1,24,4,4,0,28.3,0.0,35.175,0.0,0
Lahore,2026-04-24 02:00:00,29.9,27,12.6,1003.0,0.0,30.1,0.0,25.0,30.133333333333326,0.0,2,24,4,4,0,27.9,0.0,35.25833333333333,0.0,0
Lahore,2026-04-24 03:00:00,29.5,29,11.5,1003.0,0.0,29.9,0.0,27.0,29.83333333333333,0.0,3,24,4,4,0,27.5,0.0,35.34166666666666,0.0,0
Lahore,2026-04-24 04:00:00,28.9,31,10.4,1003.0,0.0,29.5,0.0,29.0,29.433333333333326,0.0,4,24,4,4,0,27.1,0.0,35.416666666666664,0.0,0
Lahore,2026-04-24 05:00:00,28.7,32,10.4,1003.0,0.0,28.9,0.0,31.0,29.03333333333333,0.0,5,24,4,4,0,26.8,0.0,35.49583333333333,0.0,0
Lahore,2026-04-24 06:00:00,28.8,32,6.5,1003.0,0.0,28.7,0.0,32.0,28.799999999999997,0.0,6,24,4,4,0,27.4,0.0,35.55416666666667,0.0,0
Lahore,2026-04-24 07:00:00,31.5,28,6.5,1004.0,0.0,28.8,0.0,32.0,29.66666666666666,0.0,7,24,4,4,0,30.7,0.0,35.5875,0.0,0
Lahore,2026-04-24 08:00:00,34.6,22,8.3,1004.0,0.0,31.5,0.0,28.0,31.633333333333326,0.0,8,24,4,4,0,34.4,0.0,35.59583333333333,0.0,0
Lahore,2026-04-24 09:00:00,37.2,18,7.2,1005.0,0.0,34.6,0.0,22.0,34.43333333333333,0.0,9,24,4,4,0,37.7,0.0,35.574999999999996,0.0,0
Lahore,2026-04-24 10:00:00,39.4,15,8.6,1004.0,0.0,37.2,0.0,18.0,37.06666666666666,0.0,10,24,4,4,0,39.9,0.0,35.55416666666667,0.0,0
Lahore,2026-04-24 11:00:00,41.0,13,13.3,1004.0,0.0,39.4,0.0,15.0,39.199999999999996,0.0,11,24,4,4,0,41.3,0.0,35.541666666666664,0.0,0
Lahore,2026-04-24 12:00:00,41.8,12,13.7,1003.0,0.0,41.0,0.0,13.0,40.73333333333333,0.0,12,24,4,4,0,42.2,0.0,35.525,0.0,1
Lahore,2026-04-24 13:00:00,42.5,12,14.0,1002.0,0.0,41.8,0.0,12.0,41.76666666666666,0.0,13,24,4,4,0,42.7,0.0,35.51666666666667,0.0,1
Lahore,2026-04-24 14:00:00,43.0,11,14.8,1001.0,0.0,42.5,0.0,12.0,42.43333333333333,0.0,14,24,4,4,0,43.1,0.0,35.5125,0.0,1
Lahore,2026-04-24 15:00:00,43.0,11,14.8,1000.0,0.0,43.0,0.0,11.0,42.83333333333332,0.0,15,24,4,4,0,43.2,0.0,35.50416666666667,0.0,1
Lahore,2026-04-24 16:00:00,42.7,11,15.1,1000.0,0.0,43.0,0.0,11.0,42.9,0.0,16,24,4,4,0,43.0,0.0,35.49166666666667,0.0,1
Lahore,2026-04-24 17:00:00,42.1,11,16.9,1000.0,0.0,42.7,0.0,11.0,42.599999999999994,0.0,17,24,4,4,0,42.4,0.0,35.479166666666664,0.0,0
Lahore,2026-04-24 18:00:00,40.2,12,14.0,1000.0,0.0,42.1,0.0,11.0,41.66666666666666,0.0,18,24,4,4,0,39.9,0.0,35.49166666666667,0.0,0
Lahore,2026-04-24 19:00:00,36.6,14,11.5,1001.0,0.0,40.2,0.0,12.0,39.63333333333333,0.0,19,24,4,4,0,36.4,0.0,35.5,0.0,0
Lahore,2026-04-24 20:00:00,35.0,17,12.6,1002.0,0.0,36.6,0.0,14.0,37.26666666666666,0.0,20,24,4,4,0,34.3,0.0,35.52916666666666,0.0,0
Lahore,2026-04-24 21:00:00,33.9,19,12.6,1003.0,0.0,35.0,0.0,17.0,35.16666666666666,0.0,21,24,4,4,0,32.9,0.0,35.57083333333333,0.0,0
Lahore,2026-04-24 22:00:00,33.3,20,11.2,1003.0,0.0,33.9,0.0,19.0,34.06666666666666,0.0,22,24,4,4,0,31.8,0.0,35.63333333333333,0.0,0
Lahore,2026-04-24 23:00:00,32.8,21,10.1,1003.0,0.0,33.3,0.0,20.0,33.33333333333332,0.0,23,24,4,4,0,31.1,0.0,35.704166666666666,0.0,0
Multan,2026-04-21 01:00:00,28.7,22,5.0,1005.0,0.0,29.6,0.0,21.0,29.766666666666666,0.0,1,21,4,1,0,28.8,0.0,33.44583333333333,0.0,0
Multan,2026-04-21 02:00:00,28.5,22,7.6,1005.0,0.0,28.7,0.0,22.0,28.933333333333334,0.0,2,21,4,1,0,28.7,0.0,33.4375,0.0,0
Multan,2026-04-21 03:00:00,28.0,23,8.3,1004.0,0.0,28.5,0.0,22.0,28.400000000000002,0.0,3,21,4,1,0,28.6,0.0,33.4125,0.0,0
Multan,2026-04-21 04:00:00,27.9,23,9.0,1004.0,0.0,28.0,0.0,23.0,28.13333333333333,0.0,4,21,4,1,0,28.0,0.0,33.40833333333333,0.0,0
Multan,2026-04-21 05:00:00,27.3,24,9.0,1004.0,0.0,27.9,0.0,23.0,27.73333333333333,0.0,5,21,4,1,0,26.8,0.0,33.42916666666667,0.0,0
Multan,2026-04-21 06:00:00,26.8,25,8.3,1005.0,0.0,27.3,0.0,24.0,27.333333333333332,0.0,6,21,4,1,0,26.7,0.0,33.43333333333333,0.0,0
Multan,2026-04-21 07:00:00,28.9,22,7.6,1006.0,0.0,26.8,0.0,25.0,27.666666666666668,0.0,7,21,4,1,0,28.8,0.0,33.4375,0.0,0
Multan,2026-04-21 08:00:00,31.6,19,8.3,1006.0,0.0,28.9,0.0,22.0,29.099999999999998,0.0,8,21,4,1,0,31.5,0.0,33.44166666666667,0.0,0
Multan,2026-04-21 09:00:00,33.9,17,6.8,1007.0,0.0,31.6,0.0,19.0,31.46666666666667,0.0,9,21,4,1,0,33.7,0.0,33.449999999999996,0.0,0
Multan,2026-04-21 10:00:00,36.1,15,5.0,1006.0,0.0,33.9,0.0,17.0,33.86666666666667,0.0,10,21,4,1,0,35.4,0.0,33.479166666666664,0.0,0
Multan,2026-04-21 11:00:00,38.0,13,1.4,1006.0,0.0,36.1,0.0,15.0,36.0,0.0,11,21,4,1,0,36.9,0.0,33.525,0.0,0
Multan,2026-04-21 12:00:00,39.2,11,3.2,1005.0,0.0,38.0,0.0,13.0,37.76666666666667,0.0,12,21,4,1,0,38.0,0.0,33.575,0.0,1
Multan,2026-04-21 13:00:00,40.1,10,9.7,1004.0,0.0,39.2,0.0,11.0,39.1,0.0,13,21,4,1,0,38.9,0.0,33.625,0.0,1
Multan,2026-04-21 14:00:00,40.8,9,9.7,1003.0,0.0,40.1,0.0,10.0,40.03333333333334,0.0,14,21,4,1,0,39.5,0.0,33.67916666666667,0.0,1
Multan,2026-04-21 15:00:00,41.0,8,8.3,1002.0,0.0,40.8,0.0,9.0,40.63333333333333,0.0,15,21,4,1,0,39.7,0.0,33.733333333333334,0.0,1
Multan,2026-04-21 16:00:00,41.1,7,7.9,1002.0,0.0,41.0,0.0,8.0,40.96666666666667,0.0,16,21,4,1,0,39.3,0.0,33.80833333333333,0.0,1
Multan,2026-04-21 17:00:00,40.8,7,6.8,1001.0,0.0,41.1,0.0,7.0,40.96666666666667,0.0,17,21,4,1,0,39.2,0.0,33.875,0.0,0
Multan,2026-04-21 18:00:00,39.5,8,5.8,1002.0,0.0,40.8,0.0,7.0,40.46666666666667,0.0,18,21,4,1,0,38.3,0.0,33.925,0.0,0
Multan,2026-04-21 19:00:00,35.6,11,6.8,1002.0,0.0,39.5,0.0,8.0,38.63333333333333,0.0,19,21,4,1,0,35.6,0.0,33.925000000000004,0.0,0
Multan,2026-04-21 20:00:00,34.1,13,6.5,1003.0,0.0,35.6,0.0,11.0,36.4,0.0,20,21,4,1,0,34.2,0.0,33.920833333333334,0.0,0
Multan,2026-04-21 21:00:00,33.0,14,6.5,1003.0,0.0,34.1,0.0,13.0,34.23333333333333,0.0,21,21,4,1,0,33.3,0.0,33.90833333333334,0.0,0
Multan,2026-04-21 22:00:00,32.3,15,7.6,1004.0,0.0,33.0,0.0,14.0,33.13333333333333,0.0,22,21,4,1,0,32.3,0.0,33.90833333333333,0.0,0
Multan,2026-04-21 23:00:00,31.8,15,8.3,1003.0,0.0,32.3,0.0,15.0,32.36666666666667,0.0,23,21,4,1,0,31.0,0.0,33.94166666666667,0.0,0
Multan,2026-04-22 00:00:00,31.6,14,11.9,1003.0,0.0,31.8,0.0,15.0,31.899999999999995,0.0,0,22,4,2,0,29.6,0.0,34.025,0.0,0
Multan,2026-04-22 01:00:00,31.0,14,9.4,1003.0,0.0,31.6,0.0,14.0,31.46666666666667,0.0,1,22,4,2,0,28.7,0.0,34.12083333333333,0.0,0
Multan,2026-04-22 02:00:00,30.6,15,10.1,1003.0,0.0,31.0,0.0,14.0,31.066666666666666,0.0,2,22,4,2,0,28.5,0.0,34.208333333333336,0.0,0
Multan,2026-04-22 03:00:00,30.1,16,11.5,1002.0,0.0,30.6,0.0,15.0,30.566666666666666,0.0,3,22,4,2,0,28.0,0.0,34.295833333333334,0.0,0
Multan,2026-04-22 04:00:00,29.8,17,12.2,1002.0,0.0,30.1,0.0,16.0,30.166666666666668,0.0,4,22,4,2,0,27.9,0.0,34.375,0.0,0
Multan,2026-04-22 05:00:00,29.3,18,9.7,1003.0,0.0,29.8,0.0,17.0,29.733333333333334,0.0,5,22,4,2,0,27.3,0.0,34.458333333333336,0.0,0
Multan,2026-04-22 06:00:00,28.8,19,7.6,1003.0,0.0,29.3,0.0,18.0,29.3,0.0,6,22,4,2,0,26.8,0.0,34.541666666666664,0.0,0
Multan,2026-04-22 07:00:00,30.6,18,6.1,1004.0,0.0,28.8,0.0,19.0,29.566666666666666,0.0,7,22,4,2,0,28.9,0.0,34.612500000000004,0.0,0
Multan,2026-04-22 08:00:00,33.1,15,7.2,1004.0,0.0,30.6,0.0,18.0,30.833333333333332,0.0,8,22,4,2,0,31.6,0.0,34.675000000000004,0.0,0
Multan,2026-04-22 09:00:00,35.8,13,9.4,1005.0,0.0,33.1,0.0,15.0,33.166666666666664,0.0,9,22,4,2,0,33.9,0.0,34.75416666666667,0.0,0
Multan,2026-04-22 10:00:00,38.1,11,11.9,1005.0,0.0,35.8,0.0,13.0,35.666666666666664,0.0,10,22,4,2,0,36.1,0.0,34.8375,0.0,0
Multan,2026-04-22 11:00:00,39.8,10,13.0,1004.0,0.0,38.1,0.0,11.0,37.9,0.0,11,22,4,2,0,38.0,0.0,34.9125,0.0,0
Multan,2026-04-22 12:00:00,41.1,9,14.8,1003.0,0.0,39.8,0.0,10.0,39.666666666666664,0.0,12,22,4,2,0,39.2,0.0,34.99166666666667,0.0,1
Multan,2026-04-22 13:00:00,42.1,9,15.5,1002.0,0.0,41.1,0.0,9.0,41.0,0.0,13,22,4,2,0,40.1,0.0,35.074999999999996,0.0,1
Multan,2026-04-22 14:00:00,42.7,8,14.4,1001.0,0.0,42.1,0.0,9.0,41.96666666666667,0.0,14,22,4,2,0,40.8,0.0,35.15416666666667,0.0,1
Multan,2026-04-22 15:00:00,42.9,8,13.7,1000.0,0.0,42.7,0.0,8.0,42.56666666666667,0.0,15,22,4,2,0,41.0,0.0,35.233333333333334,0.0,1
Multan,2026-04-22 16:00:00,42.7,8,12.6,1000.0,0.0,42.9,0.0,8.0,42.76666666666667,0.0,16,22,4,2,0,41.1,0.0,35.300000000000004,0.0,1
Multan,2026-04-22 17:00:00,42.3,8,12.6,999.0,0.0,42.7,0.0,8.0,42.63333333333333,0.0,17,22,4,2,0,40.8,0.0,35.362500000000004,0.0,0
Multan,2026-04-22 18:00:00,40.8,9,12.6,1000.0,0.0,42.3,0.0,8.0,41.93333333333333,0.0,18,22,4,2,0,39.5,0.0,35.416666666666664,0.0,0
Multan,2026-04-22 19:00:00,37.5,11,13.7,1000.0,0.0,40.8,0.0,9.0,40.199999999999996,0.0,19,22,4,2,0,35.6,0.0,35.49583333333333,0.0,0
Multan,2026-04-22 20:00:00,36.0,13,13.0,1001.0,0.0,37.5,0.0,11.0,38.1,0.0,20,22,4,2,0,34.1,0.0,35.574999999999996,0.0,0
Multan,2026-04-22 21:00:00,34.8,14,13.3,1002.0,0.0,36.0,0.0,13.0,36.1,0.0,21,22,4,2,0,33.0,0.0,35.65,0.0,0
Multan,2026-04-22 22:00:00,34.0,14,14.8,1002.0,0.0,34.8,0.0,14.0,34.93333333333333,0.0,22,22,4,2,0,32.3,0.0,35.72083333333334,0.0,0
Multan,2026-04-22 23:00:00,33.9,14,17.6,1002.0,0.0,34.0,0.0,14.0,34.23333333333333,0.0,23,22,4,2,0,31.8,0.0,35.80833333333333,0.0,0
Multan,2026-04-23 00:00:00,34.1,14,21.6,1002.0,0.0,33.9,0.0,14.0,34.0,0.0,0,23,4,3,0,31.6,0.0,35.9125,0.0,0
Multan,2026-04-23 01:00:00,33.1,16,19.8,1002.0,0.0,34.1,0.0,14.0,33.699999999999996,0.0,1,23,4,3,0,31.0,0.0,36.0,0.0,0
Multan,2026-04-23 02:00:00,32.6,16,18.4,1002.0,0.0,33.1,0.0,16.0,33.266666666666666,0.0,2,23,4,3,0,30.6,0.0,36.083333333333336,0.0,0
Multan,2026-04-23 03:00:00,31.6,17,16.6,1002.0,0.0,32.6,0.0,16.0,32.43333333333334,0.0,3,23,4,3,0,30.1,0.0,36.145833333333336,0.0,0
Multan,2026-04-23 04:00:00,30.9,18,15.8,1002.0,0.0,31.6,0.0,17.0,31.700000000000003,0.0,4,23,4,3,0,29.8,0.0,36.19166666666667,0.0,0
Multan,2026-04-23 05:00:00,30.4,18,14.8,1002.0,0.0,30.9,0.0,18.0,30.96666666666667,0.0,5,23,4,3,0,29.3,0.0,36.2375,0.0,0
Multan,2026-04-23 06:00:00,29.8,20,12.6,1002.0,0.0,30.4,0.0,18.0,30.366666666666664,0.0,6,23,4,3,0,28.8,0.0,36.27916666666667,0.0,0
Multan,2026-04-23 07:00:00,31.2,21,11.5,1003.0,0.0,29.8,0.0,20.0,30.46666666666667,0.0,7,23,4,3,0,30.6,0.0,36.30416666666667,0.0,0
Multan,2026-04-23 08:00:00,34.0,20,13.3,1004.0,0.0,31.2,0.0,21.0,31.666666666666668,0.0,8,23,4,3,0,33.1,0.0,36.34166666666666,0.0,0
Multan,2026-04-23 09:00:00,36.7,16,14.0,1004.0,0.0,34.0,0.0,20.0,33.96666666666667,0.0,9,23,4,3,0,35.8,0.0,36.37916666666667,0.0,0
Multan,2026-04-23 10:00:00,38.8,14,13.3,1004.0,0.0,36.7,0.0,16.0,36.5,0.0,10,23,4,3,0,38.1,0.0,36.40833333333333,0.0,0
Multan,2026-04-23 11:00:00,40.4,12,12.6,1004.0,0.0,38.8,0.0,14.0,38.63333333333333,0.0,11,23,4,3,0,39.8,0.0,36.43333333333334,0.0,0
Multan,2026-04-23 12:00:00,41.4,12,11.9,1003.0,0.0,40.4,0.0,12.0,40.199999999999996,0.0,12,23,4,3,0,41.1,0.0,36.44583333333333,0.0,1
Multan,2026-04-23 13:00:00,41.6,12,10.8,1002.0,0.0,41.4,0.0,12.0,41.13333333333333,0.0,13,23,4,3,0,42.1,0.0,36.425000000000004,0.0,1
Multan,2026-04-23 14:00:00,41.6,12,9.4,1002.0,0.0,41.6,0.0,12.0,41.53333333333333,0.0,14,23,4,3,0,42.7,0.0,36.37916666666666,0.0,1
Multan,2026-04-23 15:00:00,41.8,12,8.6,1001.0,0.0,41.6,0.0,12.0,41.666666666666664,0.0,15,23,4,3,0,42.9,0.0,36.333333333333336,0.0,1
Multan,2026-04-23 16:00:00,41.9,12,8.6,1001.0,0.0,41.8,0.0,12.0,41.76666666666667,0.0,16,23,4,3,0,42.7,0.0,36.3,0.0,1
Multan,2026-04-23 17:00:00,41.5,12,9.7,1000.0,0.0,41.9,0.0,12.0,41.73333333333333,0.0,17,23,4,3,0,42.3,0.0,36.266666666666666,0.0,0
Multan,2026-04-23 18:00:00,40.4,13,11.5,1001.0,0.0,41.5,0.0,12.0,41.266666666666666,0.0,18,23,4,3,0,40.8,0.0,36.25,0.0,0
Multan,2026-04-23 19:00:00,37.7,15,11.9,1001.0,0.0,40.4,0.0,13.0,39.86666666666667,0.0,19,23,4,3,0,37.5,0.0,36.25833333333333,0.0,0
Multan,2026-04-23 20:00:00,36.3,16,8.3,1001.0,0.0,37.7,0.0,15.0,38.13333333333333,0.0,20,23,4,3,0,36.0,0.0,36.270833333333336,0.0,0
Multan,2026-04-23 21:00:00,35.1,17,6.1,1002.0,0.0,36.3,0.0,16.0,36.36666666666667,0.0,21,23,4,3,0,34.8,0.0,36.28333333333333,0.0,0
Multan,2026-04-23 22:00:00,34.4,17,11.5,1002.0,0.0,35.1,0.0,17.0,35.266666666666666,0.0,22,23,4,3,0,34.0,0.0,36.3,0.0,0
Multan,2026-04-23 23:00:00,33.8,17,10.8,1002.0,0.0,34.4,0.0,17.0,34.43333333333333,0.0,23,23,4,3,0,33.9,0.0,36.295833333333334,0.0,0
Multan,2026-04-24 00:00:00,31.9,27,4.3,1003.0,0.0,33.8,0.0,17.0,33.36666666666667,0.0,0,24,4,4,0,34.1,0.0,36.204166666666666,0.0,0
Multan,2026-04-24 01:00:00,31.5,28,6.8,1003.0,0.0,31.9,0.0,27.0,32.4,0.0,1,24,4,4,0,33.1,0.0,36.1375,0.0,0
Multan,2026-04-24 02:00:00,30.5,30,7.2,1003.0,0.1,31.5,0.0,28.0,31.3,0.1,2,24,4,4,0,32.6,0.0,36.050000000000004,0.1,0
Multan,2026-04-24 03:00:00,29.3,34,8.3,1004.0,0.0,30.5,0.1,30.0,30.433333333333334,0.1,3,24,4,4,0,31.6,0.0,35.954166666666666,0.1,0
Multan,2026-04-24 04:00:00,29.1,34,7.2,1004.0,0.0,29.3,0.0,34.0,29.633333333333336,0.1,4,24,4,4,0,30.9,0.0,35.87916666666667,0.1,0
Multan,2026-04-24 05:00:00,28.7,35,5.4,1004.0,0.0,29.1,0.0,34.0,29.03333333333333,0.0,5,24,4,4,0,30.4,0.0,35.80833333333334,0.1,0
Multan,2026-04-24 06:00:00,28.9,34,3.2,1005.0,0.0,28.7,0.0,35.0,28.900000000000002,0.0,6,24,4,4,0,29.8,0.0,35.770833333333336,0.1,0
Multan,2026-04-24 07:00:00,30.9,30,2.9,1005.0,0.0,28.9,0.0,34.0,29.5,0.0,7,24,4,4,0,31.2,0.0,35.75833333333333,0.1,0
Multan,2026-04-24 08:00:00,33.3,25,3.6,1006.0,0.0,30.9,0.0,30.0,31.03333333333333,0.0,8,24,4,4,0,34.0,0.0,35.729166666666664,0.1,0
Multan,2026-04-24 09:00:00,35.9,21,4.7,1006.0,0.0,33.3,0.0,25.0,33.36666666666667,0.0,9,24,4,4,0,36.7,0.0,35.69583333333333,0.1,0
Multan,2026-04-24 10:00:00,38.1,18,7.6,1006.0,0.0,35.9,0.0,21.0,35.766666666666666,0.0,10,24,4,4,0,38.8,0.0,35.666666666666664,0.1,0
Multan,2026-04-24 11:00:00,39.9,15,11.2,1005.0,0.0,38.1,0.0,18.0,37.96666666666667,0.0,11,24,4,4,0,40.4,0.0,35.645833333333336,0.1,0
Multan,2026-04-24 12:00:00,41.2,14,11.5,1004.0,0.0,39.9,0.0,15.0,39.73333333333333,0.0,12,24,4,4,0,41.4,0.0,35.637499999999996,0.1,1
Multan,2026-04-24 13:00:00,42.3,12,10.4,1003.0,0.0,41.2,0.0,14.0,41.13333333333333,0.0,13,24,4,4,0,41.6,0.0,35.666666666666664,0.1,1
Multan,2026-04-24 14:00:00,43.2,12,10.1,1002.0,0.0,42.3,0.0,12.0,42.23333333333333,0.0,14,24,4,4,0,41.6,0.0,35.733333333333334,0.1,1
Multan,2026-04-24 15:00:00,43.6,11,10.1,1001.0,0.0,43.2,0.0,12.0,43.03333333333334,0.0,15,24,4,4,0,41.8,0.0,35.80833333333333,0.1,1
Multan,2026-04-24 16:00:00,43.6,10,9.7,1000.0,0.0,43.6,0.0,11.0,43.46666666666667,0.0,16,24,4,4,0,41.9,0.0,35.87916666666667,0.1,1
Multan,2026-04-24 17:00:00,43.0,10,10.4,1000.0,0.0,43.6,0.0,10.0,43.400000000000006,0.0,17,24,4,4,0,41.5,0.0,35.94166666666667,0.1,0
Multan,2026-04-24 18:00:00,41.6,11,12.6,1000.0,0.0,43.0,0.0,10.0,42.73333333333333,0.0,18,24,4,4,0,40.4,0.0,35.99166666666667,0.1,0
Multan,2026-04-24 19:00:00,38.5,14,11.9,1000.0,0.0,41.6,0.0,11.0,41.03333333333334,0.0,19,24,4,4,0,37.7,0.0,36.025,0.1,0
Multan,2026-04-24 20:00:00,35.9,19,9.7,1002.0,0.1,38.5,0.0,14.0,38.666666666666664,0.1,20,24,4,4,0,36.3,0.0,36.00833333333333,0.2,0
Multan,2026-04-24 21:00:00,34.7,22,14.8,1003.0,1.5,35.9,0.1,19.0,36.36666666666667,1.6,21,24,4,4,0,35.1,0.0,35.99166666666667,1.7,0
Multan,2026-04-24 22:00:00,33.3,29,13.7,1004.0,0.0,34.7,1.5,22.0,34.63333333333333,1.6,22,24,4,4,0,34.4,0.0,35.94583333333333,1.7,0
Multan,2026-04-24 23:00:00,32.5,32,10.1,1004.0,0.0,33.3,0.0,29.0,33.5,1.5,23,24,4,4,0,33.8,0.0,35.891666666666666,1.7,0
Murree,2026-04-21 01:00:00,14.0,47,11.2,1012.0,0.0,14.4,0.0,47.0,14.433333333333332,0.0,1,21,4,1,0,12.6,0.0,18.720833333333335,13.3,0
Murree,2026-04-21 02:00:00,13.7,46,12.6,1011.0,0.0,14.0,0.0,47.0,14.033333333333333,0.0,2,21,4,1,0,12.5,0.0,18.770833333333332,12.600000000000001,0
Murree,2026-04-21 03:00:00,13.5,46,12.6,1011.0,0.0,13.7,0.0,46.0,13.733333333333334,0.0,3,21,4,1,0,12.4,0.0,18.816666666666666,12.0,0
Murree,2026-04-21 04:00:00,13.4,45,13.3,1010.0,0.0,13.5,0.0,46.0,13.533333333333333,0.0,4,21,4,1,0,12.2,0.0,18.866666666666664,11.3,0
Murree,2026-04-21 05:00:00,13.1,45,13.3,1010.0,0.0,13.4,0.0,45.0,13.333333333333334,0.0,5,21,4,1,0,12.1,0.0,18.908333333333335,10.8,0
Murree,2026-04-21 06:00:00,12.9,49,13.7,1010.0,0.0,13.1,0.0,45.0,13.133333333333333,0.0,6,21,4,1,0,12.1,0.0,18.941666666666666,10.3,0
Murree,2026-04-21 07:00:00,15.2,51,11.5,1011.0,0.0,12.9,0.0,49.0,13.733333333333334,0.0,7,21,4,1,0,14.3,0.0,18.979166666666668,9.399999999999999,0
Murree,2026-04-21 08:00:00,20.5,42,9.7,1011.0,0.0,15.2,0.0,51.0,16.2,0.0,8,21,4,1,0,19.2,0.0,19.033333333333335,9.0,0
Murree,2026-04-21 09:00:00,23.1,35,7.9,1010.0,0.0,20.5,0.0,42.0,19.599999999999998,0.0,9,21,4,1,0,21.8,0.0,19.0875,8.7,0
Murree,2026-04-21 10:00:00,25.1,30,6.5,1010.0,0.0,23.1,0.0,35.0,22.900000000000002,0.0,10,21,4,1,0,23.7,0.0,19.145833333333332,8.3,0
Murree,2026-04-21 11:00:00,26.7,26,4.7,1009.0,0.0,25.1,0.0,30.0,24.96666666666667,0.0,11,21,4,1,0,25.3,0.0,19.204166666666666,7.8999999999999995,0
Murree,2026-04-21 12:00:00,27.7,23,3.6,1009.0,0.0,26.7,0.0,26.0,26.5,0.0,12,21,4,1,0,26.2,0.0,19.266666666666666,7.8,1
Murree,2026-04-21 13:00:00,28.2,22,5.4,1008.0,0.0,27.7,0.0,23.0,27.53333333333333,0.0,13,21,4,1,0,26.7,0.0,19.329166666666666,7.8,1
Murree,2026-04-21 14:00:00,28.2,22,6.5,1008.0,0.0,28.2,0.0,22.0,28.03333333333333,0.0,14,21,4,1,0,26.7,0.0,19.39166666666667,7.8,1
Murree,2026-04-21 15:00:00,27.9,23,7.2,1007.0,0.0,28.2,0.0,22.0,28.099999999999998,0.0,15,21,4,1,0,26.1,0.0,19.466666666666665,7.8,1
Murree,2026-04-21 16:00:00,27.6,24,6.8,1007.0,0.0,27.9,0.0,23.0,27.900000000000002,0.0,16,21,4,1,0,25.3,0.0,19.5625,7.8,1
Murree,2026-04-21 17:00:00,26.6,32,7.9,1007.0,0.0,27.6,0.0,24.0,27.366666666666664,0.0,17,21,4,1,0,24.1,0.0,19.666666666666668,7.8,0
Murree,2026-04-21 18:00:00,21.7,42,4.0,1008.0,0.0,26.6,0.0,32.0,25.3,0.0,18,21,4,1,0,20.2,0.0,19.729166666666668,7.8,0
Murree,2026-04-21 19:00:00,19.1,40,4.3,1008.0,0.0,21.7,0.0,42.0,22.46666666666667,0.0,19,21,4,1,0,17.4,0.0,19.8,7.8,0
Murree,2026-04-21 20:00:00,18.4,39,5.0,1009.0,0.0,19.1,0.0,40.0,19.733333333333334,0.0,20,21,4,1,0,16.5,0.0,19.879166666666666,7.6,0
Murree,2026-04-21 21:00:00,17.9,39,6.8,1010.0,0.0,18.4,0.0,39.0,18.466666666666665,0.0,21,21,4,1,0,15.9,0.0,19.962500000000002,7.1,0
Murree,2026-04-21 22:00:00,17.2,40,9.4,1010.0,0.0,17.9,0.0,39.0,17.833333333333332,0.0,22,21,4,1,0,15.3,0.0,20.041666666666668,6.4,0
Murree,2026-04-21 23:00:00,16.6,42,10.4,1010.0,0.0,17.2,0.0,40.0,17.233333333333334,0.0,23,21,4,1,0,14.9,0.0,20.1125,4.0,0
Murree,2026-04-22 00:00:00,17.8,40,9.0,1010.0,0.0,16.6,0.0,42.0,17.2,0.0,0,22,4,2,0,14.4,0.0,20.254166666666666,2.4,0
Murree,2026-04-22 01:00:00,17.1,41,9.7,1010.0,0.0,17.8,0.0,40.0,17.166666666666668,0.0,1,22,4,2,0,14.0,0.0,20.383333333333333,1.0,0
Murree,2026-04-22 02:00:00,16.7,42,9.7,1009.0,0.0,17.1,0.0,41.0,17.200000000000003,0.0,2,22,4,2,0,13.7,0.0,20.508333333333333,0.4,0
Murree,2026-04-22 03:00:00,16.4,43,11.5,1009.0,0.0,16.7,0.0,42.0,16.733333333333334,0.0,3,22,4,2,0,13.5,0.0,20.629166666666666,0.4,0
Murree,2026-04-22 04:00:00,16.1,43,11.9,1009.0,0.0,16.4,0.0,43.0,16.400000000000002,0.0,4,22,4,2,0,13.4,0.0,20.741666666666667,0.4,0
Murree,2026-04-22 05:00:00,15.9,43,11.5,1009.0,0.0,16.1,0.0,43.0,16.133333333333333,0.0,5,22,4,2,0,13.1,0.0,20.858333333333334,0.2,0
Murree,2026-04-22 06:00:00,15.6,46,11.5,1009.0,0.0,15.9,0.0,43.0,15.866666666666665,0.0,6,22,4,2,0,12.9,0.0,20.970833333333335,0.2,0
Murree,2026-04-22 07:00:00,17.7,48,10.1,1010.0,0.0,15.6,0.0,46.0,16.400000000000002,0.0,7,22,4,2,0,15.2,0.0,21.075,0.1,0
Murree,2026-04-22 08:00:00,22.3,41,8.6,1009.0,0.0,17.7,0.0,48.0,18.533333333333335,0.0,8,22,4,2,0,20.5,0.0,21.15,0.1,0
Murree,2026-04-22 09:00:00,24.9,33,6.5,1009.0,0.0,22.3,0.0,41.0,21.633333333333336,0.0,9,22,4,2,0,23.1,0.0,21.225,0.1,0
Murree,2026-04-22 10:00:00,27.0,28,3.2,1009.0,0.0,24.9,0.0,33.0,24.73333333333333,0.0,10,22,4,2,0,25.1,0.0,21.304166666666667,0.1,0
Murree,2026-04-22 11:00:00,28.4,26,4.0,1008.0,0.0,27.0,0.0,28.0,26.766666666666666,0.0,11,22,4,2,0,26.7,0.0,21.375,0.1,0
Murree,2026-04-22 12:00:00,29.3,24,5.4,1008.0,0.0,28.4,0.0,26.0,28.233333333333334,0.0,12,22,4,2,0,27.7,0.0,21.441666666666666,0.1,1
Murree,2026-04-22 13:00:00,29.5,24,7.6,1007.0,0.0,29.3,0.0,24.0,29.066666666666666,0.0,13,22,4,2,0,28.2,0.0,21.495833333333334,0.1,1
Murree,2026-04-22 14:00:00,29.4,24,10.1,1006.0,0.0,29.5,0.0,24.0,29.400000000000002,0.0,14,22,4,2,0,28.2,0.0,21.545833333333334,0.1,1
Murree,2026-04-22 15:00:00,29.2,25,9.4,1006.0,0.0,29.4,0.0,24.0,29.366666666666664,0.0,15,22,4,2,0,27.9,0.0,21.599999999999998,0.1,1
Murree,2026-04-22 16:00:00,28.6,26,8.6,1006.0,0.0,29.2,0.0,25.0,29.066666666666666,0.0,16,22,4,2,0,27.6,0.0,21.641666666666666,0.1,1
Murree,2026-04-22 17:00:00,27.7,32,6.5,1006.0,0.0,28.6,0.0,26.0,28.5,0.0,17,22,4,2,0,26.6,0.0,21.6875,0.1,0
Murree,2026-04-22 18:00:00,23.2,42,4.0,1006.0,0.0,27.7,0.0,32.0,26.5,0.0,18,22,4,2,0,21.7,0.0,21.75,0.1,0
Murree,2026-04-22 19:00:00,20.6,40,4.3,1007.0,0.0,23.2,0.0,42.0,23.833333333333332,0.0,19,22,4,2,0,19.1,0.0,21.8125,0.0,0
Murree,2026-04-22 20:00:00,19.7,40,6.1,1008.0,0.0,20.6,0.0,40.0,21.166666666666668,0.0,20,22,4,2,0,18.4,0.0,21.86666666666667,0.0,0
Murree,2026-04-22 21:00:00,19.4,41,6.5,1009.0,0.0,19.7,0.0,40.0,19.900000000000002,0.0,21,22,4,2,0,17.9,0.0,21.929166666666664,0.0,0
Murree,2026-04-22 22:00:00,19.0,42,7.2,1009.0,0.0,19.4,0.0,41.0,19.366666666666664,0.0,22,22,4,2,0,17.2,0.0,22.004166666666666,0.0,0
Murree,2026-04-22 23:00:00,18.6,42,8.3,1009.0,0.0,19.0,0.0,42.0,19.0,0.0,23,22,4,2,0,16.6,0.0,22.087500000000002,0.0,0
Murree,2026-04-23 00:00:00,18.0,45,9.0,1010.0,0.0,18.6,0.0,42.0,18.533333333333335,0.0,0,23,4,3,0,17.8,0.0,22.095833333333335,0.0,0
Murree,2026-04-23 01:00:00,17.6,45,8.6,1010.0,0.0,18.0,0.0,45.0,18.066666666666666,0.0,1,23,4,3,0,17.1,0.0,22.116666666666664,0.0,0
Murree,2026-04-23 02:00:00,17.8,44,13.7,1010.0,0.0,17.6,0.0,45.0,17.8,0.0,2,23,4,3,0,16.7,0.0,22.162499999999998,0.0,0
Murree,2026-04-23 03:00:00,17.6,45,15.5,1009.0,0.0,17.8,0.0,44.0,17.666666666666668,0.0,3,23,4,3,0,16.4,0.0,22.212500000000002,0.0,0
Murree,2026-04-23 04:00:00,17.7,44,12.2,1009.0,0.0,17.6,0.0,45.0,17.700000000000003,0.0,4,23,4,3,0,16.1,0.0,22.279166666666665,0.0,0
Murree,2026-04-23 05:00:00,17.1,45,10.8,1009.0,0.0,17.7,0.0,44.0,17.46666666666667,0.0,5,23,4,3,0,15.9,0.0,22.329166666666666,0.0,0
Murree,2026-04-23 06:00:00,17.0,48,11.9,1009.0,0.0,17.1,0.0,45.0,17.266666666666666,0.0,6,23,4,3,0,15.6,0.0,22.3875,0.0,0
Murree,2026-04-23 07:00:00,19.2,50,7.9,1009.0,0.0,17.0,0.0,48.0,17.766666666666666,0.0,7,23,4,3,0,17.7,0.0,22.450000000000003,0.0,0
Murree,2026-04-23 08:00:00,23.6,42,5.8,1009.0,0.0,19.2,0.0,50.0,19.933333333333334,0.0,8,23,4,3,0,22.3,0.0,22.504166666666663,0.0,0
Murree,2026-04-23 09:00:00,26.1,36,3.6,1009.0,0.0,23.6,0.0,42.0,22.96666666666667,0.0,9,23,4,3,0,24.9,0.0,22.554166666666664,0.0,0
Murree,2026-04-23 10:00:00,27.8,33,1.8,1009.0,0.0,26.1,0.0,36.0,25.833333333333332,0.0,10,23,4,3,0,27.0,0.0,22.587500000000002,0.0,0
Murree,2026-04-23 11:00:00,28.9,31,7.2,1008.0,0.0,27.8,0.0,33.0,27.599999999999998,0.0,11,23,4,3,0,28.4,0.0,22.608333333333334,0.0,0
Murree,2026-04-23 12:00:00,29.2,30,10.4,1008.0,0.0,28.9,0.0,31.0,28.633333333333336,0.0,12,23,4,3,0,29.3,0.0,22.604166666666668,0.0,1
Murree,2026-04-23 13:00:00,29.2,31,11.5,1008.0,0.0,29.2,0.0,30.0,29.099999999999998,0.0,13,23,4,3,0,29.5,0.0,22.59166666666667,0.0,1
Murree,2026-04-23 14:00:00,29.3,31,11.9,1007.0,0.0,29.2,0.0,31.0,29.23333333333333,0.0,14,23,4,3,0,29.4,0.0,22.587499999999995,0.0,1
Murree,2026-04-23 15:00:00,28.9,32,11.9,1007.0,0.0,29.3,0.0,31.0,29.133333333333336,0.0,15,23,4,3,0,29.2,0.0,22.575000000000003,0.0,1
Murree,2026-04-23 16:00:00,28.1,35,10.1,1007.0,0.0,28.9,0.0,32.0,28.766666666666666,0.0,16,23,4,3,0,28.6,0.0,22.554166666666664,0.0,1
Murree,2026-04-23 17:00:00,26.9,43,6.5,1007.0,0.0,28.1,0.0,35.0,27.96666666666667,0.0,17,23,4,3,0,27.7,0.0,22.520833333333332,0.0,0
Murree,2026-04-23 18:00:00,23.6,51,1.4,1007.0,0.0,26.9,0.0,43.0,26.2,0.0,18,23,4,3,0,23.2,0.0,22.537499999999998,0.0,0
Murree,2026-04-23 19:00:00,20.6,51,4.3,1007.0,0.0,23.6,0.0,51.0,23.7,0.0,19,23,4,3,0,20.6,0.0,22.537499999999998,0.0,0
Murree,2026-04-23 20:00:00,20.0,52,2.5,1009.0,0.0,20.6,0.0,51.0,21.400000000000002,0.0,20,23,4,3,0,19.7,0.0,22.549999999999997,0.0,0
Murree,2026-04-23 21:00:00,19.6,52,7.6,1009.0,0.0,20.0,0.0,52.0,20.066666666666666,0.0,21,23,4,3,0,19.4,0.0,22.558333333333334,0.0,0
Murree,2026-04-23 22:00:00,18.8,55,9.7,1010.0,0.0,19.6,0.0,52.0,19.46666666666667,0.0,22,23,4,3,0,19.0,0.0,22.55,0.0,0
Murree,2026-04-23 23:00:00,18.1,57,10.4,1010.0,0.0,18.8,0.0,55.0,18.833333333333332,0.0,23,23,4,3,0,18.6,0.0,22.529166666666665,0.0,0
Murree,2026-04-24 00:00:00,17.3,58,9.0,1010.0,0.3,18.1,0.0,57.0,18.066666666666666,0.30000000000000043,0,24,4,4,0,18.0,0.0,22.5,0.3,0
Murree,2026-04-24 01:00:00,16.8,59,6.8,1010.0,0.1,17.3,0.3,58.0,17.400000000000002,0.40000000000000047,1,24,4,4,0,17.6,0.0,22.46666666666667,0.4,0
Murree,2026-04-24 02:00:00,17.0,58,10.4,1010.0,0.0,16.8,0.1,59.0,17.03333333333333,0.40000000000000047,2,24,4,4,0,17.8,0.0,22.433333333333334,0.4,0
Murree,2026-04-24 03:00:00,16.7,58,13.7,1010.0,0.0,17.0,0.0,58.0,16.833333333333332,0.10000000000000045,3,24,4,4,0,17.6,0.0,22.395833333333332,0.4,0
Murree,2026-04-24 04:00:00,16.5,57,11.5,1010.0,0.0,16.7,0.0,58.0,16.733333333333334,0.0,4,24,4,4,0,17.7,0.0,22.345833333333335,0.4,0
Murree,2026-04-24 05:00:00,16.2,55,12.2,1009.0,0.0,16.5,0.0,57.0,16.46666666666667,0.0,5,24,4,4,0,17.1,0.0,22.308333333333334,0.4,0
Murree,2026-04-24 06:00:00,16.1,57,12.2,1010.0,0.0,16.2,0.0,55.0,16.266666666666666,0.0,6,24,4,4,0,17.0,0.0,22.270833333333332,0.4,0
Murree,2026-04-24 07:00:00,17.9,56,11.5,1010.0,0.0,16.1,0.0,57.0,16.733333333333334,0.0,7,24,4,4,0,19.2,0.0,22.216666666666665,0.4,0
Murree,2026-04-24 08:00:00,22.4,48,9.4,1010.0,0.0,17.9,0.0,56.0,18.799999999999997,0.0,8,24,4,4,0,23.6,0.0,22.166666666666668,0.4,0
Murree,2026-04-24 09:00:00,24.8,40,8.6,1010.0,0.0,22.4,0.0,48.0,21.7,0.0,9,24,4,4,0,26.1,0.0,22.112499999999997,0.4,0
Murree,2026-04-24 10:00:00,27.5,33,5.4,1010.0,0.0,24.8,0.0,40.0,24.899999999999995,0.0,10,24,4,4,0,27.8,0.0,22.099999999999998,0.4,0
Murree,2026-04-24 11:00:00,29.4,30,2.5,1009.0,0.0,27.5,0.0,33.0,27.233333333333334,0.0,11,24,4,4,0,28.9,0.0,22.120833333333334,0.4,0
Murree,2026-04-24 12:00:00,30.1,28,7.2,1008.0,0.0,29.4,0.0,30.0,29.0,0.0,12,24,4,4,0,29.2,0.0,22.15833333333333,0.4,1
Murree,2026-04-24 13:00:00,30.1,28,11.2,1008.0,0.0,30.1,0.0,28.0,29.866666666666664,0.0,13,24,4,4,0,29.2,0.0,22.195833333333336,0.4,1
Murree,2026-04-24 14:00:00,30.0,30,12.6,1007.0,0.0,30.1,0.0,28.0,30.066666666666666,0.0,14,24,4,4,0,29.3,0.0,22.224999999999998,0.4,1
Murree,2026-04-24 15:00:00,29.3,31,10.4,1006.0,0.0,30.0,0.0,30.0,29.8,0.0,15,24,4,4,0,28.9,0.0,22.24166666666667,0.4,1
Murree,2026-04-24 16:00:00,29.0,32,7.9,1006.0,0.0,29.3,0.0,31.0,29.433333333333334,0.0,16,24,4,4,0,28.1,0.0,22.27916666666667,0.4,1
Murree,2026-04-24 17:00:00,28.2,38,6.5,1006.0,0.0,29.0,0.0,32.0,28.833333333333332,0.0,17,24,4,4,0,26.9,0.0,22.333333333333332,0.4,0
Murree,2026-04-24 18:00:00,24.2,48,5.8,1006.0,0.0,28.2,0.0,38.0,27.133333333333336,0.0,18,24,4,4,0,23.6,0.0,22.358333333333334,0.4,0
Murree,2026-04-24 19:00:00,20.7,52,5.4,1008.0,0.0,24.2,0.0,48.0,24.366666666666664,0.0,19,24,4,4,0,20.6,0.0,22.362499999999997,0.4,0
Murree,2026-04-24 20:00:00,20.0,52,5.8,1009.0,0.0,20.7,0.0,52.0,21.633333333333336,0.0,20,24,4,4,0,20.0,0.0,22.362499999999997,0.4,0
Murree,2026-04-24 21:00:00,20.5,50,4.3,1010.0,0.0,20.0,0.0,52.0,20.4,0.0,21,24,4,4,0,19.6,0.0,22.399999999999995,0.4,0
Murree,2026-04-24 22:00:00,20.3,50,3.2,1010.0,0.0,20.5,0.0,50.0,20.266666666666666,0.0,22,24,4,4,0,18.8,0.0,22.462500000000002,0.4,0
Murree,2026-04-24 23:00:00,20.6,50,4.0,1011.0,0.0,20.3,0.0,50.0,20.46666666666667,0.0,23,24,4,4,0,18.1,0.0,22.566666666666666,0.4,0
Peshawar,2026-04-21 01:00:00,23.9,38,0.7,1007.0,0.0,24.6,0.0,37.0,24.166666666666668,0.0,1,21,4,1,0,23.3,0.0,26.008333333333336,1.6,0
Peshawar,2026-04-21 02:00:00,23.3,40,1.8,1007.0,0.0,23.9,0.0,38.0,23.933333333333337,0.0,2,21,4,1,0,22.6,0.0,26.037499999999998,1.5,0
Peshawar,2026-04-21 03:00:00,22.5,41,4.3,1007.0,0.0,23.3,0.0,40.0,23.23333333333333,0.0,3,21,4,1,0,22.0,0.0,26.058333333333334,1.5,0
Peshawar,2026-04-21 04:00:00,21.7,42,3.2,1007.0,0.0,22.5,0.0,41.0,22.5,0.0,4,21,4,1,0,21.6,0.0,26.0625,1.4000000000000001,0
Peshawar,2026-04-21 05:00:00,21.3,42,2.9,1006.0,0.0,21.7,0.0,42.0,21.833333333333332,0.0,5,21,4,1,0,21.2,0.0,26.066666666666666,1.4000000000000001,0
Peshawar,2026-04-21 06:00:00,21.3,43,3.2,1007.0,0.0,21.3,0.0,42.0,21.433333333333334,0.0,6,21,4,1,0,21.3,0.0,26.066666666666663,1.4000000000000001,0
Peshawar,2026-04-21 07:00:00,24.1,40,1.1,1008.0,0.0,21.3,0.0,43.0,22.233333333333334,0.0,7,21,4,1,0,23.7,0.0,26.083333333333332,1.4000000000000001,0
Peshawar,2026-04-21 08:00:00,25.9,34,2.9,1008.0,0.0,24.1,0.0,40.0,23.766666666666666,0.0,8,21,4,1,0,25.1,0.0,26.116666666666664,1.4000000000000001,0
Peshawar,2026-04-21 09:00:00,27.5,32,3.6,1009.0,0.0,25.9,0.0,34.0,25.833333333333332,0.0,9,21,4,1,0,26.4,0.0,26.162499999999998,1.4000000000000001,0
Peshawar,2026-04-21 10:00:00,29.3,29,4.7,1008.0,0.0,27.5,0.0,32.0,27.566666666666663,0.0,10,21,4,1,0,27.8,0.0,26.224999999999998,1.4000000000000001,0
Peshawar,2026-04-21 11:00:00,30.8,27,3.6,1008.0,0.0,29.3,0.0,29.0,29.200000000000003,0.0,11,21,4,1,0,29.3,0.0,26.287499999999998,1.4000000000000001,0
Peshawar,2026-04-21 12:00:00,32.2,24,3.2,1007.0,0.0,30.8,0.0,27.0,30.76666666666667,0.0,12,21,4,1,0,30.6,0.0,26.354166666666668,1.4000000000000001,1
Peshawar,2026-04-21 13:00:00,33.6,22,2.2,1006.0,0.0,32.2,0.0,24.0,32.2,0.0,13,21,4,1,0,31.6,0.0,26.4375,1.4000000000000001,1
Peshawar,2026-04-21 14:00:00,34.5,20,2.9,1006.0,0.0,33.6,0.0,22.0,33.43333333333334,0.0,14,21,4,1,0,32.3,0.0,26.52916666666667,1.4000000000000001,1
Peshawar,2026-04-21 15:00:00,34.9,19,6.1,1004.0,0.0,34.5,0.0,20.0,34.333333333333336,0.0,15,21,4,1,0,32.6,0.0,26.625,1.4000000000000001,1
Peshawar,2026-04-21 16:00:00,35.0,18,6.1,1004.0,0.0,34.9,0.0,19.0,34.800000000000004,0.0,16,21,4,1,0,32.5,0.0,26.729166666666668,1.4000000000000001,1
Peshawar,2026-04-21 17:00:00,34.9,18,5.0,1004.0,0.0,35.0,0.0,18.0,34.93333333333334,0.0,17,21,4,1,0,27.0,0.1,27.058333333333334,1.4000000000000001,0
Peshawar,2026-04-21 18:00:00,33.6,22,5.0,1004.0,0.0,34.9,0.0,18.0,34.5,0.0,18,21,4,1,0,25.7,0.0,27.387500000000003,1.4000000000000001,0
Peshawar,2026-04-21 19:00:00,30.2,24,2.9,1004.0,0.0,33.6,0.0,22.0,32.9,0.0,19,21,4,1,0,24.9,0.0,27.60833333333333,1.4000000000000001,0
Peshawar,2026-04-21 20:00:00,29.3,24,1.8,1005.0,0.0,30.2,0.0,24.0,31.033333333333335,0.0,20,21,4,1,0,24.7,0.0,27.8,1.3,0
Peshawar,2026-04-21 21:00:00,28.7,25,1.4,1005.0,0.0,29.3,0.0,24.0,29.400000000000002,0.0,21,21,4,1,0,24.5,0.0,27.974999999999998,1.3,0
Peshawar,2026-04-21 22:00:00,28.0,25,3.6,1005.0,0.0,28.7,0.0,25.0,28.666666666666668,0.0,22,21,4,1,0,24.3,0.0,28.129166666666663,1.3,0
Peshawar,2026-04-21 23:00:00,27.3,26,2.2,1005.0,0.0,28.0,0.0,25.0,28.0,0.0,23,21,4,1,0,24.0,0.0,28.266666666666666,1.3,0
Peshawar,2026-04-22 00:00:00,26.8,34,1.4,1006.0,0.0,27.3,0.0,26.0,27.36666666666667,0.0,0,22,4,2,0,24.6,0.0,28.358333333333334,1.3,0
Peshawar,2026-04-22 01:00:00,25.8,36,2.9,1006.0,0.0,26.8,0.0,34.0,26.633333333333336,0.0,1,22,4,2,0,23.9,0.0,28.4375,1.3,0
Peshawar,2026-04-22 02:00:00,24.8,37,3.2,1005.0,0.0,25.8,0.0,36.0,25.8,0.0,2,22,4,2,0,23.3,0.0,28.5,1.3,0
Peshawar,2026-04-22 03:00:00,24.1,38,3.6,1005.0,0.0,24.8,0.0,37.0,24.900000000000006,0.0,3,22,4,2,0,22.5,0.0,28.566666666666666,1.3,0
Peshawar,2026-04-22 04:00:00,23.5,38,1.8,1005.0,0.0,24.1,0.0,38.0,24.133333333333336,0.0,4,22,4,2,0,21.7,0.0,28.641666666666666,1.3,0
Peshawar,2026-04-22 05:00:00,23.1,38,2.5,1005.0,0.0,23.5,0.0,38.0,23.566666666666674,0.0,5,22,4,2,0,21.3,0.0,28.71666666666667,1.3,0
Peshawar,2026-04-22 06:00:00,22.9,40,2.9,1006.0,0.0,23.1,0.0,38.0,23.166666666666668,0.0,6,22,4,2,0,21.3,0.0,28.783333333333335,1.3,0
Peshawar,2026-04-22 07:00:00,25.7,38,2.2,1006.0,0.0,22.9,0.0,40.0,23.900000000000002,0.0,7,22,4,2,0,24.1,0.0,28.850000000000005,1.3,0
Peshawar,2026-04-22 08:00:00,27.4,32,3.2,1007.0,0.0,25.7,0.0,38.0,25.333333333333332,0.0,8,22,4,2,0,25.9,0.0,28.912500000000005,1.3,0
Peshawar,2026-04-22 09:00:00,29.0,30,4.0,1007.0,0.0,27.4,0.0,32.0,27.366666666666664,0.0,9,22,4,2,0,27.5,0.0,28.975000000000005,1.3,0
Peshawar,2026-04-22 10:00:00,30.7,27,5.0,1007.0,0.0,29.0,0.0,30.0,29.033333333333335,0.0,10,22,4,2,0,29.3,0.0,29.03333333333333,1.3,0
Peshawar,2026-04-22 11:00:00,32.1,25,2.9,1006.0,0.0,30.7,0.0,27.0,30.600000000000005,0.0,11,22,4,2,0,30.8,0.0,29.087500000000002,1.3,0
Peshawar,2026-04-22 12:00:00,33.6,22,2.5,1006.0,0.0,32.1,0.0,25.0,32.13333333333333,0.0,12,22,4,2,0,32.2,0.0,29.145833333333332,1.3,1
Peshawar,2026-04-22 13:00:00,34.7,19,1.8,1005.0,0.0,33.6,0.0,22.0,33.46666666666667,0.0,13,22,4,2,0,33.6,0.0,29.191666666666666,1.3,1
Peshawar,2026-04-22 14:00:00,35.5,17,3.2,1004.0,0.0,34.7,0.0,19.0,34.6,0.0,14,22,4,2,0,34.5,0.0,29.233333333333334,1.3,1
Peshawar,2026-04-22 15:00:00,35.7,16,5.0,1003.0,0.0,35.5,0.0,17.0,35.300000000000004,0.0,15,22,4,2,0,34.9,0.0,29.266666666666666,1.3,1
Peshawar,2026-04-22 16:00:00,35.7,16,5.4,1002.0,0.0,35.7,0.0,16.0,35.63333333333334,0.0,16,22,4,2,0,35.0,0.0,29.295833333333334,1.3,1
Peshawar,2026-04-22 17:00:00,35.4,18,5.0,1002.0,0.0,35.7,0.0,16.0,35.6,0.0,17,22,4,2,0,34.9,0.0,29.316666666666666,1.3,0
Peshawar,2026-04-22 18:00:00,33.6,22,6.1,1002.0,0.0,35.4,0.0,18.0,34.900000000000006,0.0,18,22,4,2,0,33.6,0.0,29.316666666666666,1.3,0
Peshawar,2026-04-22 19:00:00,31.0,24,6.1,1003.0,0.0,33.6,0.0,22.0,33.333333333333336,0.0,19,22,4,2,0,30.2,0.0,29.350000000000005,1.3,0
Peshawar,2026-04-22 20:00:00,29.0,28,5.8,1004.0,0.0,31.0,0.0,24.0,31.200000000000003,0.0,20,22,4,2,0,29.3,0.0,29.337500000000002,1.3,0
Peshawar,2026-04-22 21:00:00,28.2,32,5.8,1004.0,0.0,29.0,0.0,28.0,29.400000000000002,0.0,21,22,4,2,0,28.7,0.0,29.316666666666666,1.3,0
Peshawar,2026-04-22 22:00:00,27.3,37,12.6,1006.0,0.6,28.2,0.0,32.0,28.166666666666668,0.6,22,22,4,2,0,28.0,0.0,29.287500000000005,1.5,0
Peshawar,2026-04-22 23:00:00,26.9,40,6.5,1005.0,0.3,27.3,0.6,37.0,27.46666666666667,0.8999999999999999,23,22,4,2,0,27.3,0.0,29.270833333333332,1.0,0
Peshawar,2026-04-23 00:00:00,28.1,40,1.1,1005.0,0.0,26.9,0.3,40.0,27.433333333333337,0.8999999999999999,0,23,4,3,0,26.8,0.0,29.325000000000003,1.0,0
Peshawar,2026-04-23 01:00:00,27.3,41,6.8,1005.0,0.0,28.1,0.0,40.0,27.433333333333337,0.3,1,23,4,3,0,25.8,0.0,29.3875,1.0,0
Peshawar,2026-04-23 02:00:00,26.8,44,7.2,1005.0,0.0,27.3,0.0,41.0,27.400000000000006,0.0,2,23,4,3,0,24.8,0.0,29.470833333333335,1.0,0
Peshawar,2026-04-23 03:00:00,26.2,47,8.6,1005.0,0.0,26.8,0.0,44.0,26.76666666666667,0.0,3,23,4,3,0,24.1,0.0,29.558333333333334,1.0,0
Peshawar,2026-04-23 04:00:00,25.6,49,7.2,1005.0,0.0,26.2,0.0,47.0,26.200000000000003,0.0,4,23,4,3,0,23.5,0.0,29.645833333333332,1.0,0
Peshawar,2026-04-23 05:00:00,24.9,50,5.8,1006.0,0.0,25.6,0.0,49.0,25.566666666666666,0.0,5,23,4,3,0,23.1,0.0,29.72083333333333,1.0,0
Peshawar,2026-04-23 06:00:00,24.7,51,5.4,1006.0,0.0,24.9,0.0,50.0,25.066666666666666,0.0,6,23,4,3,0,22.9,0.0,29.795833333333334,1.0,0
Peshawar,2026-04-23 07:00:00,26.7,48,4.0,1007.0,0.0,24.7,0.0,51.0,25.433333333333337,0.0,7,23,4,3,0,25.7,0.0,29.837500000000002,1.0,0
Peshawar,2026-04-23 08:00:00,28.4,42,5.0,1007.0,0.0,26.7,0.0,48.0,26.599999999999998,0.0,8,23,4,3,0,27.4,0.0,29.879166666666666,1.0,0
Peshawar,2026-04-23 09:00:00,29.9,38,6.5,1007.0,0.0,28.4,0.0,42.0,28.333333333333332,0.0,9,23,4,3,0,29.0,0.0,29.916666666666668,1.0,0
Peshawar,2026-04-23 10:00:00,31.5,33,7.6,1007.0,0.0,29.9,0.0,38.0,29.933333333333334,0.0,10,23,4,3,0,30.7,0.0,29.950000000000003,1.0,0
Peshawar,2026-04-23 11:00:00,32.9,29,8.3,1007.0,0.0,31.5,0.0,33.0,31.433333333333337,0.0,11,23,4,3,0,32.1,0.0,29.983333333333334,1.0,0
Peshawar,2026-04-23 12:00:00,34.1,26,8.3,1006.0,0.0,32.9,0.0,29.0,32.833333333333336,0.0,12,23,4,3,0,33.6,0.0,30.004166666666666,1.0,1
Peshawar,2026-04-23 13:00:00,35.0,23,7.2,1006.0,0.0,34.1,0.0,26.0,34.0,0.0,13,23,4,3,0,34.7,0.0,30.016666666666666,1.0,1
Peshawar,2026-04-23 14:00:00,35.7,22,5.8,1005.0,0.0,35.0,0.0,23.0,34.93333333333334,0.0,14,23,4,3,0,35.5,0.0,30.024999999999995,1.0,1
Peshawar,2026-04-23 15:00:00,35.9,22,5.8,1004.0,0.0,35.7,0.0,22.0,35.53333333333334,0.0,15,23,4,3,0,35.7,0.0,30.033333333333335,1.0,1
Peshawar,2026-04-23 16:00:00,35.6,23,6.5,1003.0,0.0,35.9,0.0,22.0,35.73333333333334,0.0,16,23,4,3,0,35.7,0.0,30.029166666666665,1.0,1
Peshawar,2026-04-23 17:00:00,34.4,27,9.4,1003.0,0.0,35.6,0.0,23.0,35.300000000000004,0.0,17,23,4,3,0,35.4,0.0,29.9875,0.8999999999999999,0
Peshawar,2026-04-23 18:00:00,32.9,30,10.8,1003.0,0.0,34.4,0.0,27.0,34.300000000000004,0.0,18,23,4,3,0,33.6,0.0,29.958333333333332,0.8999999999999999,0
Peshawar,2026-04-23 19:00:00,30.6,32,10.8,1004.0,0.0,32.9,0.0,30.0,32.63333333333334,0.0,19,23,4,3,0,31.0,0.0,29.941666666666666,0.8999999999999999,0
Peshawar,2026-04-23 20:00:00,29.9,33,9.0,1004.0,0.0,30.6,0.0,32.0,31.133333333333336,0.0,20,23,4,3,0,29.0,0.0,29.979166666666668,0.8999999999999999,0
Peshawar,2026-04-23 21:00:00,29.0,36,10.1,1005.0,0.0,29.9,0.0,33.0,29.83333333333334,0.0,21,23,4,3,0,28.2,0.0,30.012500000000003,0.8999999999999999,0
Peshawar,2026-04-23 22:00:00,28.1,39,8.6,1006.0,0.0,29.0,0.0,36.0,29.000000000000004,0.0,22,23,4,3,0,27.3,0.6,30.045833333333334,0.8999999999999999,0
Peshawar,2026-04-23 23:00:00,27.1,43,9.0,1006.0,0.0,28.1,0.0,39.0,28.066666666666674,0.0,23,23,4,3,0,26.9,0.3,30.054166666666664,0.8999999999999999,0
Peshawar,2026-04-24 00:00:00,23.6,65,18.0,1008.0,0.0,27.1,0.0,43.0,26.26666666666667,0.0,0,24,4,4,0,28.1,0.0,29.866666666666664,0.8999999999999999,0
Peshawar,2026-04-24 01:00:00,24.4,63,11.9,1007.0,0.0,23.6,0.0,65.0,25.033333333333342,0.0,1,24,4,4,0,27.3,0.0,29.745833333333334,0.8999999999999999,0
Peshawar,2026-04-24 02:00:00,24.0,64,11.5,1007.0,0.0,24.4,0.0,63.0,24.000000000000004,0.0,2,24,4,4,0,26.8,0.0,29.629166666666663,0.8999999999999999,0
Peshawar,2026-04-24 03:00:00,23.5,64,11.2,1007.0,0.0,24.0,0.0,64.0,23.96666666666667,0.0,3,24,4,4,0,26.2,0.0,29.516666666666666,0.8999999999999999,0
Peshawar,2026-04-24 04:00:00,23.1,63,8.6,1007.0,0.0,23.5,0.0,64.0,23.533333333333342,0.0,4,24,4,4,0,25.6,0.0,29.412499999999998,0.8999999999999999,0
Peshawar,2026-04-24 05:00:00,23.0,61,7.9,1007.0,0.0,23.1,0.0,63.0,23.200000000000006,0.0,5,24,4,4,0,24.9,0.0,29.333333333333332,0.8999999999999999,0
Peshawar,2026-04-24 06:00:00,23.0,59,6.8,1008.0,0.0,23.0,0.0,61.0,23.033333333333342,0.0,6,24,4,4,0,24.7,0.0,29.2625,0.8999999999999999,0
Peshawar,2026-04-24 07:00:00,25.0,53,5.4,1008.0,0.0,23.0,0.0,59.0,23.66666666666667,0.0,7,24,4,4,0,26.7,0.0,29.191666666666666,0.8999999999999999,0
Peshawar,2026-04-24 08:00:00,26.8,44,4.3,1008.0,0.0,25.0,0.0,53.0,24.933333333333337,0.0,8,24,4,4,0,28.4,0.0,29.125,0.8999999999999999,0
Peshawar,2026-04-24 09:00:00,28.8,38,5.0,1009.0,0.0,26.8,0.0,44.0,26.866666666666674,0.0,9,24,4,4,0,29.9,0.0,29.079166666666666,0.8999999999999999,0
Peshawar,2026-04-24 10:00:00,30.5,34,6.5,1008.0,0.0,28.8,0.0,38.0,28.700000000000006,0.0,10,24,4,4,0,31.5,0.0,29.037499999999998,0.8999999999999999,0
Peshawar,2026-04-24 11:00:00,32.4,30,7.2,1008.0,0.0,30.5,0.0,34.0,30.566666666666674,0.0,11,24,4,4,0,32.9,0.0,29.016666666666666,0.8999999999999999,0
Peshawar,2026-04-24 12:00:00,33.7,26,6.1,1007.0,0.0,32.4,0.0,30.0,32.20000000000001,0.0,12,24,4,4,0,34.1,0.0,29.0,0.8999999999999999,1
Peshawar,2026-04-24 13:00:00,34.6,25,4.0,1006.0,0.0,33.7,0.0,26.0,33.56666666666667,0.0,13,24,4,4,0,35.0,0.0,28.983333333333334,0.8999999999999999,1
Peshawar,2026-04-24 14:00:00,35.4,23,1.8,1005.0,0.0,34.6,0.0,25.0,34.56666666666667,0.0,14,24,4,4,0,35.7,0.0,28.970833333333335,0.8999999999999999,1
Peshawar,2026-04-24 15:00:00,35.7,22,2.5,1003.0,0.0,35.4,0.0,23.0,35.23333333333334,0.0,15,24,4,4,0,35.9,0.0,28.962499999999995,0.8999999999999999,1
Peshawar,2026-04-24 16:00:00,34.3,25,3.2,1003.0,0.0,35.7,0.0,22.0,35.13333333333333,0.0,16,24,4,4,0,35.6,0.0,28.908333333333335,0.8999999999999999,1
Peshawar,2026-04-24 17:00:00,35.1,24,2.9,1002.0,0.0,34.3,0.0,25.0,35.03333333333334,0.0,17,24,4,4,0,34.4,0.0,28.9375,0.8999999999999999,0
Peshawar,2026-04-24 18:00:00,32.2,32,2.2,1003.0,0.0,35.1,0.0,24.0,33.86666666666667,0.0,18,24,4,4,0,32.9,0.0,28.90833333333333,0.8999999999999999,0
Peshawar,2026-04-24 19:00:00,31.3,34,14.8,1004.0,0.0,32.2,0.0,32.0,32.86666666666667,0.0,19,24,4,4,0,30.6,0.0,28.9375,0.8999999999999999,0
Peshawar,2026-04-24 20:00:00,28.0,46,16.6,1007.0,0.0,31.3,0.0,34.0,30.500000000000004,0.0,20,24,4,4,0,29.9,0.0,28.858333333333334,0.8999999999999999,0
Peshawar,2026-04-24 21:00:00,25.9,53,18.0,1008.0,0.4,28.0,0.0,46.0,28.400000000000006,0.4,21,24,4,4,0,29.0,0.0,28.729166666666668,1.3,0
Peshawar,2026-04-24 22:00:00,25.5,53,9.4,1009.0,0.0,25.9,0.4,53.0,26.466666666666672,0.4,22,24,4,4,0,28.1,0.0,28.620833333333334,1.3,0
Peshawar,2026-04-24 23:00:00,25.4,54,7.6,1010.0,0.9,25.5,0.0,53.0,25.600000000000005,1.3,23,24,4,4,0,27.1,0.0,28.55,2.2,0
Quetta,2026-04-21 01:00:00,16.6,24,5.4,1012.0,0.0,17.3,0.0,24.0,17.233333333333334,0.0,1,21,4,1,0,15.2,0.0,19.458333333333332,0.0,0
Quetta,2026-04-21 02:00:00,16.4,24,5.4,1011.0,0.0,16.6,0.0,24.0,16.76666666666667,0.0,2,21,4,1,0,14.7,0.0,19.52916666666667,0.0,0
Quetta,2026-04-21 03:00:00,15.8,24,5.8,1011.0,0.0,16.4,0.0,24.0,16.266666666666666,0.0,3,21,4,1,0,14.1,0.0,19.6,0.0,0
Quetta,2026-04-21 04:00:00,15.5,24,5.8,1011.0,0.0,15.8,0.0,24.0,15.9,0.0,4,21,4,1,0,13.5,0.0,19.683333333333334,0.0,0
Quetta,2026-04-21 05:00:00,15.2,23,6.5,1011.0,0.0,15.5,0.0,24.0,15.5,0.0,5,21,4,1,0,13.0,0.0,19.775000000000002,0.0,0
Quetta,2026-04-21 06:00:00,15.3,23,6.1,1011.0,0.0,15.2,0.0,23.0,15.333333333333334,0.0,6,21,4,1,0,12.9,0.0,19.875000000000004,0.0,0
Quetta,2026-04-21 07:00:00,16.4,22,7.2,1012.0,0.0,15.3,0.0,23.0,15.633333333333333,0.0,7,21,4,1,0,14.4,0.0,19.958333333333332,0.0,0
Quetta,2026-04-21 08:00:00,20.9,18,5.4,1012.0,0.0,16.4,0.0,22.0,17.53333333333333,0.0,8,21,4,1,0,18.8,0.0,20.04583333333333,0.0,0
Quetta,2026-04-21 09:00:00,22.4,15,5.0,1012.0,0.0,20.9,0.0,18.0,19.900000000000002,0.0,9,21,4,1,0,20.1,0.0,20.14166666666667,0.0,0
Quetta,2026-04-21 10:00:00,23.6,14,4.3,1012.0,0.0,22.4,0.0,15.0,22.299999999999997,0.0,10,21,4,1,0,21.3,0.0,20.2375,0.0,0
Quetta,2026-04-21 11:00:00,24.7,14,9.7,1012.0,0.0,23.6,0.0,14.0,23.566666666666666,0.0,11,21,4,1,0,22.1,0.0,20.34583333333333,0.0,0
Quetta,2026-04-21 12:00:00,25.4,14,13.3,1011.0,0.0,24.7,0.0,14.0,24.566666666666663,0.0,12,21,4,1,0,22.9,0.0,20.45,0.0,1
Quetta,2026-04-21 13:00:00,25.8,14,14.0,1010.0,0.0,25.4,0.0,14.0,25.3,0.0,13,21,4,1,0,23.6,0.0,20.541666666666668,0.0,1
Quetta,2026-04-21 14:00:00,26.1,14,12.6,1010.0,0.0,25.8,0.0,14.0,25.766666666666666,0.0,14,21,4,1,0,24.1,0.0,20.625,0.0,1
Quetta,2026-04-21 15:00:00,26.3,14,10.8,1009.0,0.0,26.1,0.0,14.0,26.066666666666666,0.0,15,21,4,1,0,24.6,0.0,20.695833333333333,0.0,1
Quetta,2026-04-21 16:00:00,26.5,14,9.4,1008.0,0.0,26.3,0.0,14.0,26.3,0.0,16,21,4,1,0,24.7,0.0,20.770833333333332,0.0,1
Quetta,2026-04-21 17:00:00,26.5,15,8.3,1008.0,0.0,26.5,0.0,14.0,26.433333333333334,0.0,17,21,4,1,0,24.4,0.0,20.858333333333334,0.0,0
Quetta,2026-04-21 18:00:00,26.2,17,8.3,1008.0,0.0,26.5,0.0,15.0,26.400000000000002,0.0,18,21,4,1,0,24.1,0.0,20.945833333333333,0.0,0
Quetta,2026-04-21 19:00:00,24.9,22,9.7,1009.0,0.0,26.2,0.0,17.0,25.866666666666664,0.0,19,21,4,1,0,23.1,0.0,21.020833333333332,0.0,0
Quetta,2026-04-21 20:00:00,23.6,27,2.5,1010.0,0.0,24.9,0.0,22.0,24.900000000000002,0.0,20,21,4,1,0,20.9,0.0,21.133333333333333,0.0,0
Quetta,2026-04-21 21:00:00,22.3,27,5.4,1010.0,0.0,23.6,0.0,27.0,23.599999999999998,0.0,21,21,4,1,0,19.5,0.0,21.25,0.0,0
Quetta,2026-04-21 22:00:00,21.2,27,7.6,1011.0,0.0,22.3,0.0,27.0,22.36666666666667,0.0,22,21,4,1,0,18.5,0.0,21.3625,0.0,0
Quetta,2026-04-21 23:00:00,19.9,28,8.6,1011.0,0.0,21.2,0.0,27.0,21.13333333333333,0.0,23,21,4,1,0,17.8,0.0,21.45,0.0,0
Quetta,2026-04-22 00:00:00,18.8,33,8.3,1011.0,0.0,19.9,0.0,28.0,19.966666666666665,0.0,0,22,4,2,0,17.3,0.0,21.5125,0.0,0
Quetta,2026-04-22 01:00:00,18.1,34,7.9,1010.0,0.0,18.8,0.0,33.0,18.933333333333334,0.0,1,22,4,2,0,16.6,0.0,21.575000000000003,0.0,0
Quetta,2026-04-22 02:00:00,17.8,34,9.0,1010.0,0.0,18.1,0.0,34.0,18.233333333333334,0.0,2,22,4,2,0,16.4,0.0,21.63333333333333,0.0,0
Quetta,2026-04-22 03:00:00,17.5,34,8.6,1010.0,0.0,17.8,0.0,34.0,17.8,0.0,3,22,4,2,0,15.8,0.0,21.704166666666666,0.0,0
Quetta,2026-04-22 04:00:00,17.2,35,8.3,1010.0,0.0,17.5,0.0,34.0,17.5,0.0,4,22,4,2,0,15.5,0.0,21.775000000000002,0.0,0
Quetta,2026-04-22 05:00:00,16.8,35,8.3,1010.0,0.0,17.2,0.0,35.0,17.166666666666668,0.0,5,22,4,2,0,15.2,0.0,21.841666666666665,0.0,0
Quetta,2026-04-22 06:00:00,16.5,36,8.3,1011.0,0.0,16.8,0.0,35.0,16.833333333333332,0.0,6,22,4,2,0,15.3,0.0,21.891666666666666,0.0,0
Quetta,2026-04-22 07:00:00,17.9,37,6.8,1012.0,0.0,16.5,0.0,36.0,17.066666666666666,0.0,7,22,4,2,0,16.4,0.0,21.954166666666666,0.0,0
Quetta,2026-04-22 08:00:00,21.5,31,6.5,1012.0,0.0,17.9,0.0,37.0,18.633333333333336,0.0,8,22,4,2,0,20.9,0.0,21.979166666666668,0.0,0
Quetta,2026-04-22 09:00:00,22.9,29,8.6,1012.0,0.0,21.5,0.0,31.0,20.766666666666666,0.0,9,22,4,2,0,22.4,0.0,22.0,0.0,0
Quetta,2026-04-22 10:00:00,23.9,28,9.4,1012.0,0.0,22.9,0.0,29.0,22.766666666666666,0.0,10,22,4,2,0,23.6,0.0,22.012500000000003,0.0,0
Quetta,2026-04-22 11:00:00,24.7,27,10.4,1011.0,0.0,23.9,0.0,28.0,23.833333333333332,0.0,11,22,4,2,0,24.7,0.0,22.0125,0.0,0
Quetta,2026-04-22 12:00:00,25.6,25,12.2,1010.0,0.0,24.7,0.0,27.0,24.733333333333334,0.0,12,22,4,2,0,25.4,0.0,22.020833333333332,0.0,1
Quetta,2026-04-22 13:00:00,26.3,23,12.6,1009.0,0.0,25.6,0.0,25.0,25.53333333333333,0.0,13,22,4,2,0,25.8,0.0,22.041666666666668,0.0,1
Quetta,2026-04-22 14:00:00,27.0,22,14.8,1008.0,0.0,26.3,0.0,23.0,26.3,0.0,14,22,4,2,0,26.1,0.0,22.079166666666666,0.0,1
Quetta,2026-04-22 15:00:00,27.1,21,16.9,1008.0,0.0,27.0,0.0,22.0,26.8,0.0,15,22,4,2,0,26.3,0.0,22.1125,0.0,1
Quetta,2026-04-22 16:00:00,26.7,21,20.5,1007.0,0.0,27.1,0.0,21.0,26.933333333333337,0.0,16,22,4,2,0,26.5,0.0,22.120833333333334,0.0,1
Quetta,2026-04-22 17:00:00,26.3,21,20.2,1007.0,0.0,26.7,0.0,21.0,26.700000000000003,0.0,17,22,4,2,0,26.5,0.0,22.1125,0.0,0
Quetta,2026-04-22 18:00:00,25.9,22,17.6,1008.0,0.0,26.3,0.0,21.0,26.299999999999997,0.0,18,22,4,2,0,26.2,0.0,22.099999999999998,0.0,0
Quetta,2026-04-22 19:00:00,25.1,25,14.8,1008.0,0.0,25.9,0.0,22.0,25.766666666666666,0.0,19,22,4,2,0,24.9,0.0,22.108333333333334,0.0,0
Quetta,2026-04-22 20:00:00,23.9,29,9.4,1009.0,0.0,25.1,0.0,25.0,24.96666666666667,0.0,20,22,4,2,0,23.6,0.0,22.120833333333334,0.0,0
Quetta,2026-04-22 21:00:00,22.1,32,6.8,1010.0,0.0,23.9,0.0,29.0,23.7,0.0,21,22,4,2,0,22.3,0.0,22.1125,0.0,0
Quetta,2026-04-22 22:00:00,21.5,32,6.5,1010.0,0.0,22.1,0.0,32.0,22.5,0.0,22,22,4,2,0,21.2,0.0,22.125,0.0,0
Quetta,2026-04-22 23:00:00,20.4,33,7.2,1010.0,0.0,21.5,0.0,32.0,21.333333333333332,0.0,23,22,4,2,0,19.9,0.0,22.145833333333332,0.0,0
Quetta,2026-04-23 00:00:00,21.1,31,6.5,1010.0,0.0,20.4,0.0,33.0,21.0,0.0,0,23,4,3,0,18.8,0.0,22.24166666666667,0.0,0
Quetta,2026-04-23 01:00:00,19.9,33,5.4,1010.0,0.0,21.1,0.0,31.0,20.46666666666667,0.0,1,23,4,3,0,18.1,0.0,22.316666666666666,0.0,0
Quetta,2026-04-23 02:00:00,19.4,33,5.0,1010.0,0.0,19.9,0.0,33.0,20.13333333333333,0.0,2,23,4,3,0,17.8,0.0,22.383333333333336,0.0,0
Quetta,2026-04-23 03:00:00,18.3,35,4.0,1010.0,0.0,19.4,0.0,33.0,19.2,0.0,3,23,4,3,0,17.5,0.0,22.416666666666668,0.0,0
Quetta,2026-04-23 04:00:00,18.0,35,4.3,1009.0,0.0,18.3,0.0,35.0,18.566666666666666,0.0,4,23,4,3,0,17.2,0.0,22.45,0.0,0
Quetta,2026-04-23 05:00:00,17.6,36,4.3,1010.0,0.0,18.0,0.0,35.0,17.966666666666665,0.0,5,23,4,3,0,16.8,0.0,22.483333333333334,0.0,0
Quetta,2026-04-23 06:00:00,17.2,37,4.0,1010.0,0.0,17.6,0.0,36.0,17.599999999999998,0.0,6,23,4,3,0,16.5,0.0,22.512500000000003,0.0,0
Quetta,2026-04-23 07:00:00,19.7,35,3.2,1011.0,0.0,17.2,0.0,37.0,18.166666666666668,0.0,7,23,4,3,0,17.9,0.0,22.587499999999995,0.0,0
Quetta,2026-04-23 08:00:00,22.5,29,3.2,1011.0,0.0,19.7,0.0,35.0,19.8,0.0,8,23,4,3,0,21.5,0.0,22.629166666666663,0.0,0
Quetta,2026-04-23 09:00:00,23.7,27,3.6,1012.0,0.0,22.5,0.0,29.0,21.96666666666667,0.0,9,23,4,3,0,22.9,0.0,22.662499999999998,0.0,0
Quetta,2026-04-23 10:00:00,24.8,24,5.0,1012.0,0.0,23.7,0.0,27.0,23.666666666666668,0.0,10,23,4,3,0,23.9,0.0,22.7,0.0,0
Quetta,2026-04-23 11:00:00,25.5,21,6.1,1011.0,0.0,24.8,0.0,24.0,24.666666666666668,0.0,11,23,4,3,0,24.7,0.0,22.73333333333333,0.0,0
Quetta,2026-04-23 12:00:00,26.2,20,6.5,1011.0,0.0,25.5,0.0,21.0,25.5,0.0,12,23,4,3,0,25.6,0.0,22.758333333333336,0.0,1
Quetta,2026-04-23 13:00:00,26.7,20,6.1,1010.0,0.0,26.2,0.0,20.0,26.133333333333336,0.0,13,23,4,3,0,26.3,0.0,22.775000000000002,0.0,1
Quetta,2026-04-23 14:00:00,27.4,18,6.5,1009.0,0.0,26.7,0.0,20.0,26.766666666666666,0.0,14,23,4,3,0,27.0,0.0,22.791666666666668,0.0,1
Quetta,2026-04-23 15:00:00,27.9,17,7.6,1008.0,0.0,27.4,0.0,18.0,27.333333333333332,0.0,15,23,4,3,0,27.1,0.0,22.825,0.0,1
Quetta,2026-04-23 16:00:00,28.2,17,10.4,1007.0,0.0,27.9,0.0,17.0,27.833333333333332,0.0,16,23,4,3,0,26.7,0.0,22.887500000000003,0.0,1
Quetta,2026-04-23 17:00:00,28.2,17,14.0,1007.0,0.0,28.2,0.0,17.0,28.099999999999998,0.0,17,23,4,3,0,26.3,0.0,22.966666666666665,0.0,0
Quetta,2026-04-23 18:00:00,27.8,18,12.2,1008.0,0.0,28.2,0.0,17.0,28.066666666666666,0.0,18,23,4,3,0,25.9,0.0,23.045833333333334,0.0,0
Quetta,2026-04-23 19:00:00,26.7,21,11.2,1008.0,0.0,27.8,0.0,18.0,27.566666666666663,0.0,19,23,4,3,0,25.1,0.0,23.112499999999997,0.0,0
Quetta,2026-04-23 20:00:00,25.4,24,6.1,1009.0,0.0,26.7,0.0,21.0,26.633333333333336,0.0,20,23,4,3,0,23.9,0.0,23.174999999999997,0.0,0
Quetta,2026-04-23 21:00:00,24.6,26,3.2,1010.0,0.0,25.4,0.0,24.0,25.566666666666666,0.0,21,23,4,3,0,22.1,0.0,23.279166666666665,0.0,0
Quetta,2026-04-23 22:00:00,23.9,27,7.9,1011.0,0.0,24.6,0.0,26.0,24.633333333333336,0.0,22,23,4,3,0,21.5,0.0,23.379166666666663,0.0,0
Quetta,2026-04-23 23:00:00,23.0,29,7.2,1011.0,0.0,23.9,0.0,27.0,23.833333333333332,0.0,23,23,4,3,0,20.4,0.0,23.487499999999997,0.0,0
Quetta,2026-04-24 00:00:00,20.3,32,9.0,1010.0,0.0,23.0,0.0,29.0,22.400000000000002,0.0,0,24,4,4,0,21.1,0.0,23.454166666666666,0.0,0
Quetta,2026-04-24 01:00:00,19.3,36,7.6,1010.0,0.0,20.3,0.0,32.0,20.866666666666667,0.0,1,24,4,4,0,19.9,0.0,23.429166666666664,0.0,0
Quetta,2026-04-24 02:00:00,18.8,37,7.2,1010.0,0.0,19.3,0.0,36.0,19.46666666666667,0.0,2,24,4,4,0,19.4,0.0,23.40416666666667,0.0,0
Quetta,2026-04-24 03:00:00,18.5,38,7.6,1010.0,0.0,18.8,0.0,37.0,18.86666666666667,0.0,3,24,4,4,0,18.3,0.0,23.412500000000005,0.0,0
Quetta,2026-04-24 04:00:00,18.1,38,6.8,1010.0,0.0,18.5,0.0,38.0,18.46666666666667,0.0,4,24,4,4,0,18.0,0.0,23.416666666666668,0.0,0
Quetta,2026-04-24 05:00:00,18.0,38,8.3,1010.0,0.0,18.1,0.0,38.0,18.200000000000003,0.0,5,24,4,4,0,17.6,0.0,23.433333333333334,0.0,0
Quetta,2026-04-24 06:00:00,17.5,40,7.2,1011.0,0.0,18.0,0.0,38.0,17.86666666666667,0.0,6,24,4,4,0,17.2,0.0,23.44583333333333,0.0,0
Quetta,2026-04-24 07:00:00,19.5,39,6.1,1011.0,0.0,17.5,0.0,40.0,18.333333333333332,0.0,7,24,4,4,0,19.7,0.0,23.4375,0.0,0
Quetta,2026-04-24 08:00:00,22.7,33,4.7,1012.0,0.0,19.5,0.0,39.0,19.9,0.0,8,24,4,4,0,22.5,0.0,23.445833333333336,0.0,0
Quetta,2026-04-24 09:00:00,24.0,29,6.8,1012.0,0.0,22.7,0.0,33.0,22.066666666666666,0.0,9,24,4,4,0,23.7,0.0,23.458333333333332,0.0,0
Quetta,2026-04-24 10:00:00,25.0,27,10.8,1012.0,0.0,24.0,0.0,29.0,23.900000000000002,0.0,10,24,4,4,0,24.8,0.0,23.46666666666667,0.0,0
Quetta,2026-04-24 11:00:00,26.1,24,11.9,1012.0,0.0,25.0,0.0,27.0,25.03333333333333,0.0,11,24,4,4,0,25.5,0.0,23.49166666666667,0.0,0
Quetta,2026-04-24 12:00:00,27.1,21,14.0,1011.0,0.0,26.1,0.0,24.0,26.066666666666666,0.0,12,24,4,4,0,26.2,0.0,23.52916666666667,0.0,1
Quetta,2026-04-24 13:00:00,27.9,19,16.6,1010.0,0.0,27.1,0.0,21.0,27.03333333333333,0.0,13,24,4,4,0,26.7,0.0,23.579166666666666,0.0,1
Quetta,2026-04-24 14:00:00,28.5,18,20.5,1009.0,0.0,27.9,0.0,19.0,27.833333333333332,0.0,14,24,4,4,0,27.4,0.0,23.625,0.0,1
Quetta,2026-04-24 15:00:00,28.6,17,27.0,1009.0,0.0,28.5,0.0,18.0,28.333333333333332,0.0,15,24,4,4,0,27.9,0.0,23.65416666666667,0.0,1
Quetta,2026-04-24 16:00:00,28.2,17,27.0,1008.0,0.0,28.6,0.0,17.0,28.433333333333334,0.0,16,24,4,4,0,28.2,0.0,23.654166666666665,0.0,1
Quetta,2026-04-24 17:00:00,27.7,17,26.6,1009.0,0.0,28.2,0.0,17.0,28.166666666666668,0.0,17,24,4,4,0,28.2,0.0,23.633333333333336,0.0,0
Quetta,2026-04-24 18:00:00,26.8,19,28.8,1009.0,0.0,27.7,0.0,17.0,27.566666666666666,0.0,18,24,4,4,0,27.8,0.0,23.591666666666665,0.0,0
Quetta,2026-04-24 19:00:00,25.7,23,23.0,1010.0,0.0,26.8,0.0,19.0,26.73333333333333,0.0,19,24,4,4,0,26.7,0.0,23.55,0.0,0
Quetta,2026-04-24 20:00:00,24.8,26,15.5,1010.0,0.0,25.7,0.0,23.0,25.766666666666666,0.0,20,24,4,4,0,25.4,0.0,23.525000000000002,0.0,0
Quetta,2026-04-24 21:00:00,24.3,28,6.5,1011.0,0.0,24.8,0.0,26.0,24.933333333333337,0.0,21,24,4,4,0,24.6,0.0,23.512500000000003,0.0,0
Quetta,2026-04-24 22:00:00,22.3,31,4.0,1012.0,0.0,24.3,0.0,28.0,23.8,0.0,22,24,4,4,0,23.9,0.0,23.445833333333336,0.0,0
Quetta,2026-04-24 23:00:00,21.5,32,4.7,1012.0,0.0,22.3,0.0,31.0,22.700000000000003,0.0,23,24,4,4,0,23.0,0.0,23.383333333333336,0.0,0
Sargodha,2026-04-21 01:00:00,26.2,31,7.6,1005.0,0.0,26.7,0.0,30.0,26.766666666666666,0.0,1,21,4,1,0,25.5,0.0,30.49166666666667,1.6,0
Sargodha,2026-04-21 02:00:00,25.7,32,6.1,1005.0,0.0,26.2,0.0,31.0,26.2,0.0,2,21,4,1,0,24.7,0.0,30.53333333333333,1.6,0
Sargodha,2026-04-21 03:00:00,25.5,32,4.7,1005.0,0.0,25.7,0.0,32.0,25.799999999999997,0.0,3,21,4,1,0,24.0,0.0,30.59583333333333,1.6,0
Sargodha,2026-04-21 04:00:00,25.2,33,4.0,1004.0,0.0,25.5,0.0,32.0,25.46666666666667,0.0,4,21,4,1,0,23.3,0.0,30.675,1.5,0
Sargodha,2026-04-21 05:00:00,25.0,33,5.8,1004.0,0.0,25.2,0.0,33.0,25.23333333333333,0.0,5,21,4,1,0,22.8,0.0,30.766666666666666,1.4000000000000001,0
Sargodha,2026-04-21 06:00:00,25.1,33,5.8,1005.0,0.0,25.0,0.0,33.0,25.099999999999998,0.0,6,21,4,1,0,22.7,0.0,30.86666666666667,1.3,0
Sargodha,2026-04-21 07:00:00,27.8,29,5.8,1006.0,0.0,25.1,0.0,33.0,25.96666666666667,0.0,7,21,4,1,0,25.1,0.0,30.979166666666668,1.3,0
Sargodha,2026-04-21 08:00:00,31.2,23,9.0,1006.0,0.0,27.8,0.0,29.0,28.03333333333333,0.0,8,21,4,1,0,28.6,0.0,31.087500000000002,1.3,0
Sargodha,2026-04-21 09:00:00,33.7,19,10.8,1007.0,0.0,31.2,0.0,23.0,30.900000000000002,0.0,9,21,4,1,0,31.6,0.0,31.174999999999997,1.3,0
Sargodha,2026-04-21 10:00:00,35.6,16,11.5,1006.0,0.0,33.7,0.0,19.0,33.5,0.0,10,21,4,1,0,34.1,0.0,31.237499999999997,1.3,0
Sargodha,2026-04-21 11:00:00,37.1,14,12.2,1006.0,0.0,35.6,0.0,16.0,35.46666666666667,0.0,11,21,4,1,0,36.2,0.0,31.275000000000002,1.3,0
Sargodha,2026-04-21 12:00:00,38.1,13,13.0,1005.0,0.0,37.1,0.0,14.0,36.93333333333334,0.0,12,21,4,1,0,37.1,0.0,31.316666666666666,1.3,1
Sargodha,2026-04-21 13:00:00,38.8,12,13.3,1004.0,0.0,38.1,0.0,13.0,38.0,0.0,13,21,4,1,0,37.5,0.0,31.370833333333334,1.3,1
Sargodha,2026-04-21 14:00:00,39.3,11,13.3,1004.0,0.0,38.8,0.0,12.0,38.73333333333333,0.0,14,21,4,1,0,38.1,0.0,31.420833333333334,1.3,1
Sargodha,2026-04-21 15:00:00,39.4,11,12.2,1003.0,0.0,39.3,0.0,11.0,39.166666666666664,0.0,15,21,4,1,0,38.1,0.0,31.474999999999998,1.3,1
Sargodha,2026-04-21 16:00:00,39.2,11,10.8,1002.0,0.0,39.4,0.0,11.0,39.3,0.0,16,21,4,1,0,37.6,0.0,31.541666666666668,1.3,1
Sargodha,2026-04-21 17:00:00,38.5,11,10.4,1002.0,0.0,39.2,0.0,11.0,39.03333333333333,0.0,17,21,4,1,0,36.5,0.0,31.625,1.3,0
Sargodha,2026-04-21 18:00:00,36.3,14,9.7,1002.0,0.0,38.5,0.0,11.0,38.0,0.0,18,21,4,1,0,34.6,0.0,31.695833333333336,1.3,0
Sargodha,2026-04-21 19:00:00,32.4,17,10.1,1003.0,0.0,36.3,0.0,14.0,35.73333333333333,0.0,19,21,4,1,0,31.9,0.0,31.71666666666667,1.3,0
Sargodha,2026-04-21 20:00:00,30.8,19,10.1,1004.0,0.0,32.4,0.0,17.0,33.166666666666664,0.0,20,21,4,1,0,30.1,0.0,31.745833333333334,1.3,0
Sargodha,2026-04-21 21:00:00,29.8,20,9.7,1004.0,0.0,30.8,0.0,19.0,31.0,0.0,21,21,4,1,0,28.9,0.0,31.783333333333335,0.8,0
Sargodha,2026-04-21 22:00:00,29.1,20,8.3,1004.0,0.0,29.8,0.0,20.0,29.900000000000002,0.0,22,21,4,1,0,28.0,0.0,31.82916666666667,0.8,0
Sargodha,2026-04-21 23:00:00,28.6,21,7.2,1004.0,0.0,29.1,0.0,20.0,29.166666666666668,0.0,23,21,4,1,0,27.4,0.0,31.879166666666663,0.8,0
Sargodha,2026-04-22 00:00:00,28.0,23,7.2,1004.0,0.0,28.6,0.0,21.0,28.566666666666666,0.0,0,22,4,2,0,26.7,0.0,31.933333333333334,0.7000000000000001,0
Sargodha,2026-04-22 01:00:00,27.5,24,7.2,1004.0,0.0,28.0,0.0,23.0,28.03333333333333,0.0,1,22,4,2,0,26.2,0.0,31.987499999999997,0.4,0
Sargodha,2026-04-22 02:00:00,27.2,24,6.1,1003.0,0.0,27.5,0.0,24.0,27.566666666666666,0.0,2,22,4,2,0,25.7,0.0,32.050000000000004,0.30000000000000004,0
Sargodha,2026-04-22 03:00:00,26.9,25,7.2,1003.0,0.0,27.2,0.0,24.0,27.2,0.0,3,22,4,2,0,25.5,0.0,32.108333333333334,0.1,0
Sargodha,2026-04-22 04:00:00,26.6,26,6.1,1003.0,0.0,26.9,0.0,25.0,26.900000000000002,0.0,4,22,4,2,0,25.2,0.0,32.166666666666664,0.0,0
Sargodha,2026-04-22 05:00:00,26.4,26,5.4,1003.0,0.0,26.6,0.0,26.0,26.63333333333333,0.0,5,22,4,2,0,25.0,0.0,32.225,0.0,0
Sargodha,2026-04-22 06:00:00,26.5,27,2.2,1004.0,0.0,26.4,0.0,26.0,26.5,0.0,6,22,4,2,0,25.1,0.0,32.28333333333333,0.0,0
Sargodha,2026-04-22 07:00:00,28.8,25,3.6,1004.0,0.0,26.5,0.0,27.0,27.23333333333333,0.0,7,22,4,2,0,27.8,0.0,32.325,0.0,0
Sargodha,2026-04-22 08:00:00,31.8,20,3.6,1005.0,0.0,28.8,0.0,25.0,29.033333333333335,0.0,8,22,4,2,0,31.2,0.0,32.35,0.0,0
Sargodha,2026-04-22 09:00:00,34.7,18,4.0,1005.0,0.0,31.8,0.0,20.0,31.76666666666667,0.0,9,22,4,2,0,33.7,0.0,32.39166666666667,0.0,0
Sargodha,2026-04-22 10:00:00,37.0,15,5.0,1005.0,0.0,34.7,0.0,18.0,34.5,0.0,10,22,4,2,0,35.6,0.0,32.45,0.0,0
Sargodha,2026-04-22 11:00:00,38.6,14,6.1,1004.0,0.0,37.0,0.0,15.0,36.76666666666667,0.0,11,22,4,2,0,37.1,0.0,32.512499999999996,0.0,0
Sargodha,2026-04-22 12:00:00,39.5,12,9.4,1004.0,0.0,38.6,0.0,14.0,38.36666666666667,0.0,12,22,4,2,0,38.1,0.0,32.57083333333333,0.0,1
Sargodha,2026-04-22 13:00:00,40.1,11,11.2,1003.0,0.0,39.5,0.0,12.0,39.4,0.0,13,22,4,2,0,38.8,0.0,32.625,0.0,1
Sargodha,2026-04-22 14:00:00,40.6,11,11.9,1002.0,0.0,40.1,0.0,11.0,40.06666666666666,0.0,14,22,4,2,0,39.3,0.0,32.67916666666667,0.0,1
Sargodha,2026-04-22 15:00:00,40.8,10,12.2,1001.0,0.0,40.6,0.0,11.0,40.5,0.0,15,22,4,2,0,39.4,0.0,32.7375,0.0,1
Sargodha,2026-04-22 16:00:00,40.5,10,13.0,1001.0,0.0,40.8,0.0,10.0,40.63333333333333,0.0,16,22,4,2,0,39.2,0.0,32.791666666666664,0.0,1
Sargodha,2026-04-22 17:00:00,39.8,11,12.6,1000.0,0.0,40.5,0.0,10.0,40.36666666666667,0.0,17,22,4,2,0,38.5,0.0,32.84583333333334,0.0,0
Sargodha,2026-04-22 18:00:00,37.6,13,10.4,1001.0,0.0,39.8,0.0,11.0,39.3,0.0,18,22,4,2,0,36.3,0.0,32.9,0.0,0
Sargodha,2026-04-22 19:00:00,34.2,16,8.3,1001.0,0.0,37.6,0.0,13.0,37.2,0.0,19,22,4,2,0,32.4,0.0,32.975,0.0,0
Sargodha,2026-04-22 20:00:00,33.0,17,5.0,1002.0,0.0,34.2,0.0,16.0,34.93333333333334,0.0,20,22,4,2,0,30.8,0.0,33.06666666666667,0.0,0
Sargodha,2026-04-22 21:00:00,32.0,19,6.5,1002.0,0.0,33.0,0.0,17.0,33.06666666666667,0.0,21,22,4,2,0,29.8,0.0,33.15833333333333,0.0,0
Sargodha,2026-04-22 22:00:00,30.7,21,8.6,1002.0,0.0,32.0,0.0,19.0,31.900000000000002,0.0,22,22,4,2,0,29.1,0.0,33.225,0.0,0
Sargodha,2026-04-22 23:00:00,29.9,23,8.3,1003.0,0.0,30.7,0.0,21.0,30.866666666666664,0.0,23,22,4,2,0,28.6,0.0,33.27916666666667,0.0,0
Sargodha,2026-04-23 00:00:00,29.1,26,8.6,1003.0,0.0,29.9,0.0,23.0,29.900000000000002,0.0,0,23,4,3,0,28.0,0.0,33.325,0.0,0
Sargodha,2026-04-23 01:00:00,28.8,27,8.3,1003.0,0.0,29.1,0.0,26.0,29.266666666666666,0.0,1,23,4,3,0,27.5,0.0,33.37916666666667,0.0,0
Sargodha,2026-04-23 02:00:00,28.5,27,9.4,1003.0,0.0,28.8,0.0,27.0,28.8,0.0,2,23,4,3,0,27.2,0.0,33.43333333333333,0.0,0
Sargodha,2026-04-23 03:00:00,28.0,28,7.2,1003.0,0.0,28.5,0.0,27.0,28.433333333333334,0.0,3,23,4,3,0,26.9,0.0,33.479166666666664,0.0,0
Sargodha,2026-04-23 04:00:00,27.6,29,7.6,1003.0,0.0,28.0,0.0,28.0,28.03333333333333,0.0,4,23,4,3,0,26.6,0.0,33.520833333333336,0.0,0
Sargodha,2026-04-23 05:00:00,27.4,29,4.3,1002.0,0.0,27.6,0.0,29.0,27.666666666666668,0.0,5,23,4,3,0,26.4,0.0,33.5625,0.0,0
Sargodha,2026-04-23 06:00:00,27.8,28,4.0,1003.0,0.0,27.4,0.0,29.0,27.599999999999998,0.0,6,23,4,3,0,26.5,0.0,33.61666666666667,0.0,0
Sargodha,2026-04-23 07:00:00,30.2,26,7.6,1004.0,0.0,27.8,0.0,28.0,28.46666666666667,0.0,7,23,4,3,0,28.8,0.0,33.675,0.0,0
Sargodha,2026-04-23 08:00:00,33.7,21,9.0,1004.0,0.0,30.2,0.0,26.0,30.566666666666666,0.0,8,23,4,3,0,31.8,0.0,33.75416666666667,0.0,0
Sargodha,2026-04-23 09:00:00,36.3,18,9.0,1005.0,0.0,33.7,0.0,21.0,33.4,0.0,9,23,4,3,0,34.7,0.0,33.82083333333333,0.0,0
Sargodha,2026-04-23 10:00:00,38.2,16,7.6,1004.0,0.0,36.3,0.0,18.0,36.06666666666667,0.0,10,23,4,3,0,37.0,0.0,33.87083333333333,0.0,0
Sargodha,2026-04-23 11:00:00,39.8,14,6.5,1004.0,0.0,38.2,0.0,16.0,38.1,0.0,11,23,4,3,0,38.6,0.0,33.920833333333334,0.0,0
Sargodha,2026-04-23 12:00:00,40.9,13,6.5,1003.0,0.0,39.8,0.0,14.0,39.63333333333333,0.0,12,23,4,3,0,39.5,0.0,33.979166666666664,0.0,1
Sargodha,2026-04-23 13:00:00,41.6,12,7.6,1003.0,0.0,40.9,0.0,13.0,40.766666666666666,0.0,13,23,4,3,0,40.1,0.0,34.041666666666664,0.0,1
Sargodha,2026-04-23 14:00:00,41.8,12,9.4,1002.0,0.0,41.6,0.0,12.0,41.43333333333333,0.0,14,23,4,3,0,40.6,0.0,34.09166666666667,0.0,1
Sargodha,2026-04-23 15:00:00,41.8,12,11.2,1001.0,0.0,41.8,0.0,12.0,41.733333333333334,0.0,15,23,4,3,0,40.8,0.0,34.13333333333333,0.0,1
Sargodha,2026-04-23 16:00:00,41.5,12,13.0,1001.0,0.0,41.8,0.0,12.0,41.699999999999996,0.0,16,23,4,3,0,40.5,0.0,34.175000000000004,0.0,1
Sargodha,2026-04-23 17:00:00,40.7,13,14.4,1000.0,0.0,41.5,0.0,12.0,41.333333333333336,0.0,17,23,4,3,0,39.8,0.0,34.2125,0.0,0
Sargodha,2026-04-23 18:00:00,38.4,16,13.0,1001.0,0.0,40.7,0.0,13.0,40.199999999999996,0.0,18,23,4,3,0,37.6,0.0,34.24583333333333,0.0,0
Sargodha,2026-04-23 19:00:00,35.3,21,12.2,1001.0,0.0,38.4,0.0,16.0,38.13333333333333,0.0,19,23,4,3,0,34.2,0.0,34.291666666666664,0.0,0
Sargodha,2026-04-23 20:00:00,33.5,24,12.2,1002.0,0.0,35.3,0.0,21.0,35.73333333333333,0.0,20,23,4,3,0,33.0,0.0,34.3125,0.0,0
Sargodha,2026-04-23 21:00:00,32.3,26,10.8,1002.0,0.0,33.5,0.0,24.0,33.699999999999996,0.0,21,23,4,3,0,32.0,0.0,34.325,0.0,0
Sargodha,2026-04-23 22:00:00,31.6,27,10.4,1003.0,0.0,32.3,0.0,26.0,32.46666666666667,0.0,22,23,4,3,0,30.7,0.0,34.3625,0.0,0
Sargodha,2026-04-23 23:00:00,31.2,28,10.4,1003.0,0.0,31.6,0.0,27.0,31.7,0.0,23,23,4,3,0,29.9,0.0,34.416666666666664,0.0,0
Sargodha,2026-04-24 00:00:00,30.1,30,14.4,1004.0,0.0,31.2,0.0,28.0,30.96666666666667,0.0,0,24,4,4,0,29.1,0.0,34.458333333333336,0.0,0
Sargodha,2026-04-24 01:00:00,29.1,32,10.1,1003.0,0.0,30.1,0.0,30.0,30.133333333333336,0.0,1,24,4,4,0,28.8,0.0,34.47083333333334,0.0,0
Sargodha,2026-04-24 02:00:00,28.5,33,9.0,1003.0,0.0,29.1,0.0,32.0,29.233333333333334,0.0,2,24,4,4,0,28.5,0.0,34.47083333333334,0.0,0
Sargodha,2026-04-24 03:00:00,28.3,34,9.0,1003.0,0.0,28.5,0.0,33.0,28.633333333333336,0.0,3,24,4,4,0,28.0,0.0,34.483333333333334,0.0,0
Sargodha,2026-04-24 04:00:00,27.8,34,8.3,1003.0,0.0,28.3,0.0,34.0,28.2,0.0,4,24,4,4,0,27.6,0.0,34.49166666666667,0.0,0
Sargodha,2026-04-24 05:00:00,27.2,36,8.3,1004.0,0.0,27.8,0.0,34.0,27.766666666666666,0.0,5,24,4,4,0,27.4,0.0,34.483333333333334,0.0,0
Sargodha,2026-04-24 06:00:00,27.5,37,9.0,1004.0,0.0,27.2,0.0,36.0,27.5,0.0,6,24,4,4,0,27.8,0.0,34.47083333333333,0.0,0
Sargodha,2026-04-24 07:00:00,29.6,34,11.9,1005.0,0.0,27.5,0.0,37.0,28.100000000000005,0.0,7,24,4,4,0,30.2,0.0,34.44583333333333,0.0,0
Sargodha,2026-04-24 08:00:00,32.1,30,15.5,1005.0,0.0,29.6,0.0,34.0,29.733333333333334,0.0,8,24,4,4,0,33.7,0.0,34.37916666666667,0.0,0
Sargodha,2026-04-24 09:00:00,34.7,25,14.4,1006.0,0.0,32.1,0.0,30.0,32.13333333333333,0.0,9,24,4,4,0,36.3,0.0,34.3125,0.0,0
Sargodha,2026-04-24 10:00:00,37.1,21,13.7,1006.0,0.0,34.7,0.0,25.0,34.63333333333333,0.0,10,24,4,4,0,38.2,0.0,34.266666666666666,0.0,0
Sargodha,2026-04-24 11:00:00,38.8,18,13.0,1005.0,0.0,37.1,0.0,21.0,36.86666666666667,0.0,11,24,4,4,0,39.8,0.0,34.225,0.0,0
Sargodha,2026-04-24 12:00:00,40.1,16,13.7,1004.0,0.0,38.8,0.0,18.0,38.666666666666664,0.0,12,24,4,4,0,40.9,0.0,34.19166666666667,0.0,1
Sargodha,2026-04-24 13:00:00,41.1,15,14.0,1003.0,0.0,40.1,0.0,16.0,40.0,0.0,13,24,4,4,0,41.6,0.0,34.170833333333334,0.0,1
Sargodha,2026-04-24 14:00:00,41.6,14,13.7,1002.0,0.0,41.1,0.0,15.0,40.93333333333333,0.0,14,24,4,4,0,41.8,0.0,34.1625,0.0,1
Sargodha,2026-04-24 15:00:00,41.7,13,13.7,1001.0,0.0,41.6,0.0,14.0,41.46666666666667,0.0,15,24,4,4,0,41.8,0.0,34.15833333333333,0.0,1
Sargodha,2026-04-24 16:00:00,41.2,14,13.0,1001.0,0.0,41.7,0.0,13.0,41.50000000000001,0.0,16,24,4,4,0,41.5,0.0,34.145833333333336,0.0,1
Sargodha,2026-04-24 17:00:00,40.7,14,11.2,1000.0,0.0,41.2,0.0,14.0,41.2,0.0,17,24,4,4,0,40.7,0.0,34.145833333333336,0.0,0
Sargodha,2026-04-24 18:00:00,38.6,16,7.2,1000.0,0.0,40.7,0.0,14.0,40.166666666666664,0.0,18,24,4,4,0,38.4,0.0,34.15416666666667,0.0,0
Sargodha,2026-04-24 19:00:00,35.7,19,6.1,1001.0,0.0,38.6,0.0,16.0,38.333333333333336,0.0,19,24,4,4,0,35.3,0.0,34.170833333333334,0.0,0
Sargodha,2026-04-24 20:00:00,34.0,21,5.8,1002.0,0.0,35.7,0.0,19.0,36.1,0.0,20,24,4,4,0,33.5,0.0,34.19166666666667,0.0,0
Sargodha,2026-04-24 21:00:00,32.7,24,11.2,1004.0,0.0,34.0,0.0,21.0,34.13333333333333,0.0,21,24,4,4,0,32.3,0.0,34.208333333333336,0.0,0
Sargodha,2026-04-24 22:00:00,32.5,27,23.4,1005.0,0.0,32.7,0.0,24.0,33.06666666666666,0.0,22,24,4,4,0,31.6,0.0,34.24583333333334,0.0,0
Sargodha,2026-04-24 23:00:00,31.5,29,13.7,1005.0,0.0,32.5,0.0,27.0,32.23333333333333,0.0,23,24,4,4,0,31.2,0.0,34.25833333333333,0.0,0
Sialkot,2026-04-21 01:00:00,24.4,29,11.2,1004.0,0.0,25.2,0.0,29.0,25.400000000000002,0.0,1,21,4,1,0,23.1,0.0,29.787499999999998,0.7000000000000001,0
Sialkot,2026-04-21 02:00:00,23.8,30,8.3,1004.0,0.0,24.4,0.0,29.0,24.466666666666665,0.0,2,21,4,1,0,22.6,0.0,29.837500000000002,0.7000000000000001,0
Sialkot,2026-04-21 03:00:00,23.0,32,7.9,1004.0,0.0,23.8,0.0,30.0,23.733333333333334,0.0,3,21,4,1,0,22.1,0.0,29.875,0.7000000000000001,0
Sialkot,2026-04-21 04:00:00,22.7,34,5.0,1004.0,0.0,23.0,0.0,32.0,23.166666666666668,0.0,4,21,4,1,0,22.0,0.0,29.904166666666665,0.7000000000000001,0
Sialkot,2026-04-21 05:00:00,22.3,35,5.8,1004.0,0.0,22.7,0.0,34.0,22.666666666666668,0.0,5,21,4,1,0,21.7,0.0,29.92916666666667,0.7000000000000001,0
Sialkot,2026-04-21 06:00:00,22.5,36,6.5,1005.0,0.0,22.3,0.0,35.0,22.5,0.0,6,21,4,1,0,21.9,0.0,29.95416666666667,0.7000000000000001,0
Sialkot,2026-04-21 07:00:00,25.4,31,5.0,1005.0,0.0,22.5,0.0,36.0,23.400000000000002,0.0,7,21,4,1,0,24.8,0.0,29.979166666666668,0.7000000000000001,0
Sialkot,2026-04-21 08:00:00,28.7,26,4.3,1006.0,0.0,25.4,0.0,31.0,25.53333333333333,0.0,8,21,4,1,0,28.4,0.0,29.991666666666664,0.7000000000000001,0
Sialkot,2026-04-21 09:00:00,31.5,21,6.1,1006.0,0.0,28.7,0.0,26.0,28.53333333333333,0.0,9,21,4,1,0,31.5,0.0,29.991666666666664,0.7000000000000001,0
Sialkot,2026-04-21 10:00:00,34.3,18,5.0,1006.0,0.0,31.5,0.0,21.0,31.5,0.0,10,21,4,1,0,33.9,0.0,30.008333333333336,0.7000000000000001,0
Sialkot,2026-04-21 11:00:00,36.6,15,3.2,1005.0,0.0,34.3,0.0,18.0,34.13333333333333,0.0,11,21,4,1,0,36.0,0.0,30.033333333333335,0.7000000000000001,0
Sialkot,2026-04-21 12:00:00,37.9,12,4.3,1005.0,0.0,36.6,0.0,15.0,36.26666666666667,0.0,12,21,4,1,0,37.3,0.0,30.058333333333334,0.7000000000000001,1
Sialkot,2026-04-21 13:00:00,38.3,11,6.5,1004.0,0.0,37.9,0.0,12.0,37.599999999999994,0.0,13,21,4,1,0,38.1,0.0,30.066666666666666,0.7000000000000001,1
Sialkot,2026-04-21 14:00:00,38.5,10,9.4,1003.0,0.0,38.3,0.0,11.0,38.23333333333333,0.0,14,21,4,1,0,38.3,0.0,30.075,0.7000000000000001,1
Sialkot,2026-04-21 15:00:00,38.6,9,11.2,1002.0,0.0,38.5,0.0,10.0,38.46666666666666,0.0,15,21,4,1,0,38.1,0.0,30.09583333333333,0.7000000000000001,1
Sialkot,2026-04-21 16:00:00,38.4,9,11.2,1002.0,0.0,38.6,0.0,9.0,38.5,0.0,16,21,4,1,0,37.3,0.0,30.141666666666666,0.7000000000000001,1
Sialkot,2026-04-21 17:00:00,37.6,10,12.6,1002.0,0.0,38.4,0.0,9.0,38.199999999999996,0.0,17,21,4,1,0,36.3,0.0,30.195833333333336,0.7000000000000001,0
Sialkot,2026-04-21 18:00:00,34.3,13,10.4,1002.0,0.0,37.6,0.0,10.0,36.766666666666666,0.0,18,21,4,1,0,33.9,0.0,30.212499999999995,0.7000000000000001,0
Sialkot,2026-04-21 19:00:00,31.4,15,10.4,1002.0,0.0,34.3,0.0,13.0,34.43333333333334,0.0,19,21,4,1,0,30.6,0.0,30.245833333333337,0.7000000000000001,0
Sialkot,2026-04-21 20:00:00,29.9,17,13.3,1003.0,0.0,31.4,0.0,15.0,31.866666666666664,0.0,20,21,4,1,0,28.8,0.0,30.291666666666668,0.7000000000000001,0
Sialkot,2026-04-21 21:00:00,28.7,19,13.3,1004.0,0.0,29.9,0.0,17.0,30.0,0.0,21,21,4,1,0,27.8,0.0,30.329166666666666,0.7000000000000001,0
Sialkot,2026-04-21 22:00:00,27.7,21,12.2,1004.0,0.0,28.7,0.0,19.0,28.766666666666666,0.0,22,21,4,1,0,27.3,0.0,30.34583333333333,0.7000000000000001,0
Sialkot,2026-04-21 23:00:00,26.9,23,10.8,1004.0,0.0,27.7,0.0,21.0,27.766666666666666,0.0,23,21,4,1,0,26.6,0.0,30.358333333333334,0.5,0
Sialkot,2026-04-22 00:00:00,26.8,22,9.0,1004.0,0.0,26.9,0.0,23.0,27.13333333333333,0.0,0,22,4,2,0,25.2,0.0,30.424999999999997,0.5,0
Sialkot,2026-04-22 01:00:00,26.1,24,9.0,1003.0,0.0,26.8,0.0,22.0,26.599999999999998,0.0,1,22,4,2,0,24.4,0.0,30.495833333333334,0.5,0
Sialkot,2026-04-22 02:00:00,25.9,25,7.6,1003.0,0.0,26.1,0.0,24.0,26.266666666666666,0.0,2,22,4,2,0,23.8,0.0,30.58333333333333,0.30000000000000004,0
Sialkot,2026-04-22 03:00:00,25.4,27,7.2,1003.0,0.0,25.9,0.0,25.0,25.8,0.0,3,22,4,2,0,23.0,0.0,30.683333333333334,0.2,0
Sialkot,2026-04-22 04:00:00,24.4,29,5.0,1003.0,0.0,25.4,0.0,27.0,25.23333333333333,0.0,4,22,4,2,0,22.7,0.0,30.754166666666666,0.1,0
Sialkot,2026-04-22 05:00:00,23.7,31,4.7,1003.0,0.0,24.4,0.0,29.0,24.5,0.0,5,22,4,2,0,22.3,0.0,30.812499999999996,0.1,0
Sialkot,2026-04-22 06:00:00,24.0,32,4.3,1004.0,0.0,23.7,0.0,31.0,24.03333333333333,0.0,6,22,4,2,0,22.5,0.0,30.874999999999996,0.0,0
Sialkot,2026-04-22 07:00:00,27.1,27,4.3,1004.0,0.0,24.0,0.0,32.0,24.933333333333337,0.0,7,22,4,2,0,25.4,0.0,30.94583333333333,0.0,0
Sialkot,2026-04-22 08:00:00,30.2,23,4.7,1005.0,0.0,27.1,0.0,27.0,27.099999999999998,0.0,8,22,4,2,0,28.7,0.0,31.008333333333336,0.0,0
Sialkot,2026-04-22 09:00:00,33.1,19,4.3,1005.0,0.0,30.2,0.0,23.0,30.133333333333336,0.0,9,22,4,2,0,31.5,0.0,31.075000000000003,0.0,0
Sialkot,2026-04-22 10:00:00,35.6,16,0.7,1005.0,0.0,33.1,0.0,19.0,32.96666666666667,0.0,10,22,4,2,0,34.3,0.0,31.129166666666663,0.0,0
Sialkot,2026-04-22 11:00:00,37.4,14,3.6,1004.0,0.0,35.6,0.0,16.0,35.36666666666667,0.0,11,22,4,2,0,36.6,0.0,31.162499999999998,0.0,0
Sialkot,2026-04-22 12:00:00,38.2,12,7.6,1004.0,0.0,37.4,0.0,14.0,37.06666666666667,0.0,12,22,4,2,0,37.9,0.0,31.174999999999997,0.0,1
Sialkot,2026-04-22 13:00:00,39.0,10,9.4,1003.0,0.0,38.2,0.0,12.0,38.20000000000001,0.0,13,22,4,2,0,38.3,0.0,31.204166666666666,0.0,1
Sialkot,2026-04-22 14:00:00,39.8,10,11.2,1002.0,0.0,39.0,0.0,10.0,39.0,0.0,14,22,4,2,0,38.5,0.0,31.258333333333336,0.0,1
Sialkot,2026-04-22 15:00:00,40.0,9,11.9,1001.0,0.0,39.8,0.0,10.0,39.6,0.0,15,22,4,2,0,38.6,0.0,31.316666666666666,0.0,1
Sialkot,2026-04-22 16:00:00,39.7,10,12.2,1001.0,0.0,40.0,0.0,9.0,39.833333333333336,0.0,16,22,4,2,0,38.4,0.0,31.370833333333334,0.0,1
Sialkot,2026-04-22 17:00:00,39.0,11,12.2,1001.0,0.0,39.7,0.0,10.0,39.56666666666667,0.0,17,22,4,2,0,37.6,0.0,31.429166666666664,0.0,0
Sialkot,2026-04-22 18:00:00,35.6,15,8.6,1001.0,0.0,39.0,0.0,11.0,38.1,0.0,18,22,4,2,0,34.3,0.0,31.483333333333334,0.0,0
Sialkot,2026-04-22 19:00:00,32.8,16,7.9,1001.0,0.0,35.6,0.0,15.0,35.800000000000004,0.0,19,22,4,2,0,31.4,0.0,31.541666666666668,0.0,0
Sialkot,2026-04-22 20:00:00,31.6,18,8.6,1002.0,0.0,32.8,0.0,16.0,33.333333333333336,0.0,20,22,4,2,0,29.9,0.0,31.612499999999997,0.0,0
Sialkot,2026-04-22 21:00:00,30.5,19,10.8,1002.0,0.0,31.6,0.0,18.0,31.633333333333336,0.0,21,22,4,2,0,28.7,0.0,31.6875,0.0,0
Sialkot,2026-04-22 22:00:00,29.5,21,11.2,1003.0,0.0,30.5,0.0,19.0,30.533333333333335,0.0,22,22,4,2,0,27.7,0.0,31.7625,0.0,0
Sialkot,2026-04-22 23:00:00,28.6,22,10.8,1003.0,0.0,29.5,0.0,21.0,29.533333333333335,0.0,23,22,4,2,0,26.9,0.0,31.833333333333332,0.0,0
Sialkot,2026-04-23 00:00:00,27.5,29,10.4,1003.0,0.0,28.6,0.0,22.0,28.533333333333335,0.0,0,23,4,3,0,26.8,0.0,31.8625,0.0,0
Sialkot,2026-04-23 01:00:00,26.9,31,10.1,1003.0,0.0,27.5,0.0,29.0,27.666666666666668,0.0,1,23,4,3,0,26.1,0.0,31.895833333333332,0.0,0
Sialkot,2026-04-23 02:00:00,26.3,32,9.0,1002.0,0.0,26.9,0.0,31.0,26.900000000000002,0.0,2,23,4,3,0,25.9,0.0,31.912500000000005,0.0,0
Sialkot,2026-04-23 03:00:00,25.9,32,7.6,1002.0,0.0,26.3,0.0,32.0,26.36666666666667,0.0,3,23,4,3,0,25.4,0.0,31.933333333333334,0.0,0
Sialkot,2026-04-23 04:00:00,25.2,33,2.9,1002.0,0.0,25.9,0.0,32.0,25.8,0.0,4,23,4,3,0,24.4,0.0,31.966666666666665,0.0,0
Sialkot,2026-04-23 05:00:00,24.8,34,1.4,1003.0,0.0,25.2,0.0,33.0,25.3,0.0,5,23,4,3,0,23.7,0.0,32.0125,0.0,0
Sialkot,2026-04-23 06:00:00,25.3,34,3.6,1003.0,0.0,24.8,0.0,34.0,25.100000000000005,0.0,6,23,4,3,0,24.0,0.0,32.06666666666667,0.0,0
Sialkot,2026-04-23 07:00:00,28.0,30,7.2,1004.0,0.0,25.3,0.0,34.0,26.033333333333335,0.0,7,23,4,3,0,27.1,0.0,32.104166666666664,0.0,0
Sialkot,2026-04-23 08:00:00,31.0,25,6.5,1004.0,0.0,28.0,0.0,30.0,28.100000000000005,0.0,8,23,4,3,0,30.2,0.0,32.137499999999996,0.0,0
Sialkot,2026-04-23 09:00:00,33.7,21,4.0,1005.0,0.0,31.0,0.0,25.0,30.900000000000006,0.0,9,23,4,3,0,33.1,0.0,32.1625,0.0,0
Sialkot,2026-04-23 10:00:00,36.2,18,4.0,1005.0,0.0,33.7,0.0,21.0,33.63333333333333,0.0,10,23,4,3,0,35.6,0.0,32.1875,0.0,0
Sialkot,2026-04-23 11:00:00,37.9,16,7.6,1004.0,0.0,36.2,0.0,18.0,35.93333333333334,0.0,11,23,4,3,0,37.4,0.0,32.208333333333336,0.0,0
Sialkot,2026-04-23 12:00:00,39.4,14,10.4,1004.0,0.0,37.9,0.0,16.0,37.833333333333336,0.0,12,23,4,3,0,38.2,0.0,32.25833333333333,0.0,1
Sialkot,2026-04-23 13:00:00,40.6,13,12.2,1003.0,0.0,39.4,0.0,14.0,39.300000000000004,0.0,13,23,4,3,0,39.0,0.0,32.325,0.0,1
Sialkot,2026-04-23 14:00:00,41.3,12,14.0,1002.0,0.0,40.6,0.0,13.0,40.43333333333333,0.0,14,23,4,3,0,39.8,0.0,32.387499999999996,0.0,1
Sialkot,2026-04-23 15:00:00,41.0,13,15.8,1001.0,0.0,41.3,0.0,12.0,40.96666666666667,0.0,15,23,4,3,0,40.0,0.0,32.42916666666667,0.0,1
Sialkot,2026-04-23 16:00:00,40.5,13,16.9,1001.0,0.0,41.0,0.0,13.0,40.93333333333334,0.0,16,23,4,3,0,39.7,0.0,32.4625,0.0,1
Sialkot,2026-04-23 17:00:00,39.6,14,15.8,1000.0,0.0,40.5,0.0,13.0,40.36666666666667,0.0,17,23,4,3,0,39.0,0.0,32.487500000000004,0.0,0
Sialkot,2026-04-23 18:00:00,36.7,18,12.2,1001.0,0.0,39.6,0.0,14.0,38.93333333333334,0.0,18,23,4,3,0,35.6,0.0,32.53333333333333,0.0,0
Sialkot,2026-04-23 19:00:00,33.9,21,15.1,1001.0,0.0,36.7,0.0,18.0,36.733333333333334,0.0,19,23,4,3,0,32.8,0.0,32.57916666666667,0.0,0
Sialkot,2026-04-23 20:00:00,32.3,24,15.1,1002.0,0.0,33.9,0.0,21.0,34.300000000000004,0.0,20,23,4,3,0,31.6,0.0,32.608333333333334,0.0,0
Sialkot,2026-04-23 21:00:00,31.3,26,13.3,1002.0,0.0,32.3,0.0,24.0,32.5,0.0,21,23,4,3,0,30.5,0.0,32.641666666666666,0.0,0
Sialkot,2026-04-23 22:00:00,30.6,27,11.5,1002.0,0.0,31.3,0.0,26.0,31.400000000000002,0.0,22,23,4,3,0,29.5,0.0,32.6875,0.0,0
Sialkot,2026-04-23 23:00:00,29.9,28,11.2,1002.0,0.0,30.6,0.0,27.0,30.600000000000005,0.0,23,23,4,3,0,28.6,0.0,32.74166666666667,0.0,0
Sialkot,2026-04-24 00:00:00,29.8,26,10.8,1002.0,0.0,29.9,0.0,28.0,30.100000000000005,0.0,0,24,4,4,0,27.5,0.0,32.8375,0.0,0
Sialkot,2026-04-24 01:00:00,28.9,29,8.6,1002.0,0.0,29.8,0.0,26.0,29.53333333333333,0.0,1,24,4,4,0,26.9,0.0,32.920833333333334,0.0,0
Sialkot,2026-04-24 02:00:00,28.2,31,11.5,1003.0,0.0,28.9,0.0,29.0,28.96666666666667,0.0,2,24,4,4,0,26.3,0.0,33.0,0.0,0
Sialkot,2026-04-24 03:00:00,28.1,32,11.2,1003.0,0.0,28.2,0.0,31.0,28.400000000000002,0.0,3,24,4,4,0,25.9,0.0,33.09166666666666,0.0,0
Sialkot,2026-04-24 04:00:00,28.7,32,11.2,1003.0,0.0,28.1,0.0,32.0,28.333333333333332,0.0,4,24,4,4,0,25.2,0.0,33.237500000000004,0.0,0
Sialkot,2026-04-24 05:00:00,28.8,31,12.2,1003.0,0.0,28.7,0.0,32.0,28.533333333333335,0.0,5,24,4,4,0,24.8,0.0,33.40416666666666,0.0,0
Sialkot,2026-04-24 06:00:00,28.0,32,9.7,1003.0,0.0,28.8,0.0,31.0,28.500000000000004,0.0,6,24,4,4,0,25.3,0.0,33.516666666666666,0.0,0
Sialkot,2026-04-24 07:00:00,30.6,27,7.6,1004.0,0.0,28.0,0.0,32.0,29.133333333333336,0.0,7,24,4,4,0,28.0,0.0,33.625,0.0,0
Sialkot,2026-04-24 08:00:00,34.1,21,5.0,1004.0,0.0,30.6,0.0,27.0,30.900000000000006,0.0,8,24,4,4,0,31.0,0.0,33.75416666666667,0.0,0
Sialkot,2026-04-24 09:00:00,37.1,17,2.2,1004.0,0.0,34.1,0.0,21.0,33.93333333333334,0.0,9,24,4,4,0,33.7,0.0,33.895833333333336,0.0,0
Sialkot,2026-04-24 10:00:00,39.5,15,4.7,1004.0,0.0,37.1,0.0,17.0,36.900000000000006,0.0,10,24,4,4,0,36.2,0.0,34.03333333333333,0.0,0
Sialkot,2026-04-24 11:00:00,40.6,13,10.1,1004.0,0.0,39.5,0.0,15.0,39.06666666666667,0.0,11,24,4,4,0,37.9,0.0,34.145833333333336,0.0,0
Sialkot,2026-04-24 12:00:00,41.6,12,15.8,1003.0,0.0,40.6,0.0,13.0,40.56666666666667,0.0,12,24,4,4,0,39.4,0.0,34.237500000000004,0.0,1
Sialkot,2026-04-24 13:00:00,41.9,12,21.2,1002.0,0.0,41.6,0.0,12.0,41.366666666666674,0.0,13,24,4,4,0,40.6,0.0,34.291666666666664,0.0,1
Sialkot,2026-04-24 14:00:00,41.7,12,21.2,1001.0,0.0,41.9,0.0,12.0,41.73333333333334,0.0,14,24,4,4,0,41.3,0.0,34.30833333333333,0.0,1
Sialkot,2026-04-24 15:00:00,41.7,12,18.7,1001.0,0.0,41.7,0.0,12.0,41.76666666666667,0.0,15,24,4,4,0,41.0,0.0,34.3375,0.0,1
Sialkot,2026-04-24 16:00:00,41.4,12,17.6,1000.0,0.0,41.7,0.0,12.0,41.6,0.0,16,24,4,4,0,40.5,0.0,34.375,0.0,1
Sialkot,2026-04-24 17:00:00,40.7,12,18.0,1000.0,0.0,41.4,0.0,12.0,41.26666666666667,0.0,17,24,4,4,0,39.6,0.0,34.420833333333334,0.0,0
Sialkot,2026-04-24 18:00:00,38.4,14,15.8,1000.0,0.0,40.7,0.0,12.0,40.16666666666667,0.0,18,24,4,4,0,36.7,0.0,34.49166666666667,0.0,0
Sialkot,2026-04-24 19:00:00,34.6,17,14.0,1001.0,0.0,38.4,0.0,14.0,37.900000000000006,0.0,19,24,4,4,0,33.9,0.0,34.520833333333336,0.0,0
Sialkot,2026-04-24 20:00:00,33.7,19,14.4,1002.0,0.0,34.6,0.0,17.0,35.56666666666667,0.0,20,24,4,4,0,32.3,0.0,34.579166666666666,0.0,0
Sialkot,2026-04-24 21:00:00,32.4,22,14.0,1003.0,0.0,33.7,0.0,19.0,33.56666666666667,0.0,21,24,4,4,0,31.3,0.0,34.62500000000001,0.0,0
Sialkot,2026-04-24 22:00:00,30.9,25,14.0,1004.0,0.0,32.4,0.0,22.0,32.33333333333334,0.0,22,24,4,4,0,30.6,0.0,34.6375,0.0,0
Sialkot,2026-04-24 23:00:00,29.8,27,11.9,1004.0,0.0,30.9,0.0,25.0,31.033333333333335,0.0,23,24,4,4,0,29.9,0.0,34.63333333333333,0.0,0
Skardu,2026-04-22 10:00:00,-1.2,43,10.1,1020.0,0.0,-2.2,0.0,44.0,-2.433333333333336,0.0,10,22,4,2,0,-6.9,0.0,-6.841666666666666,18.9,0
Skardu,2026-04-22 11:00:00,-0.9,45,10.1,1019.0,0.0,-1.2,0.0,43.0,-1.4333333333333356,0.0,11,22,4,2,0,-6.1,0.0,-6.625,18.7,0
Skardu,2026-04-22 12:00:00,-0.6,46,10.4,1019.0,0.0,-0.9,0.0,45.0,-0.9000000000000025,0.0,12,22,4,2,0,-5.3,0.0,-6.429166666666667,18.4,1
Skardu,2026-04-22 13:00:00,-0.5,48,10.4,1018.0,0.0,-0.6,0.0,46.0,-0.6666666666666691,0.0,13,22,4,2,0,-4.9,0.0,-6.245833333333334,18.099999999999998,1
Skardu,2026-04-22 14:00:00,-0.7,50,10.8,1018.0,0.0,-0.5,0.0,48.0,-0.6000000000000024,0.0,14,22,4,2,0,-4.6,0.0,-6.083333333333333,17.799999999999997,1
Skardu,2026-04-22 15:00:00,-1.5,59,10.8,1019.0,0.0,-0.7,0.0,50.0,-0.9000000000000025,0.0,15,22,4,2,0,-4.7,0.0,-5.949999999999999,17.599999999999998,1
Skardu,2026-04-22 16:00:00,-5.1,71,10.8,1021.0,0.0,-1.5,0.0,59.0,-2.433333333333336,0.0,16,22,4,2,0,-5.1,0.0,-5.949999999999999,17.4,1
Skardu,2026-04-22 17:00:00,-14.3,77,12.2,1026.0,0.0,-5.1,0.0,71.0,-6.966666666666669,0.0,17,22,4,2,0,-6.8,0.0,-6.262499999999999,17.099999999999998,0
Skardu,2026-04-22 18:00:00,-17.3,80,14.0,1030.0,0.0,-14.3,0.0,77.0,-12.233333333333336,0.0,18,22,4,2,0,-18.2,0.0,-6.2250000000000005,16.599999999999998,0
Skardu,2026-04-22 19:00:00,-17.8,75,15.5,1031.0,0.0,-17.3,0.0,80.0,-16.46666666666667,0.0,19,22,4,2,0,-11.9,0.0,-6.470833333333332,16.299999999999997,0
Skardu,2026-04-22 20:00:00,-18.6,69,15.1,1032.0,0.0,-17.8,0.0,75.0,-17.900000000000006,0.0,20,22,4,2,0,-7.4,0.0,-6.9375,15.5,0
Skardu,2026-04-23 06:00:00,-15.9,64,15.8,1029.0,0.0,-18.6,0.0,69.0,-17.433333333333337,0.0,6,23,4,3,0,-6.4,0.0,-7.333333333333333,14.700000000000001,0
Skardu,2026-04-23 07:00:00,-7.6,60,13.0,1025.0,0.0,-15.9,0.0,64.0,-14.033333333333337,0.0,7,23,4,3,0,-5.7,0.0,-7.412499999999999,13.9,0
Skardu,2026-04-23 08:00:00,-3.1,53,10.8,1023.0,0.0,-7.6,0.0,60.0,-8.866666666666669,0.0,8,23,4,3,0,-4.8,0.0,-7.341666666666668,13.200000000000001,0
Skardu,2026-04-23 09:00:00,-1.8,52,10.8,1021.0,0.0,-3.1,0.0,53.0,-4.166666666666669,0.0,9,23,4,3,0,-3.9,0.0,-7.254166666666666,12.4,0
Skardu,2026-04-23 10:00:00,-1.0,54,10.4,1020.0,0.0,-1.8,0.0,52.0,-1.9666666666666692,0.0,10,23,4,3,0,-3.2,0.0,-7.162499999999999,11.700000000000001,0
Skardu,2026-04-23 11:00:00,-0.7,56,10.4,1020.0,0.0,-1.0,0.0,54.0,-1.166666666666669,0.0,11,23,4,3,0,-3.0,0.0,-7.066666666666666,11.4,0
Skardu,2026-04-23 12:00:00,-0.5,58,10.1,1020.0,0.0,-0.7,0.0,56.0,-0.7333333333333357,0.0,12,23,4,3,0,-3.1,0.0,-6.958333333333333,11.200000000000001,1
Skardu,2026-04-23 13:00:00,-0.4,57,10.1,1019.0,0.0,-0.5,0.0,58.0,-0.5333333333333358,0.0,13,23,4,3,0,-6.3,0.0,-6.712500000000001,11.1,1
Skardu,2026-04-23 14:00:00,-0.5,57,10.1,1019.0,0.0,-0.4,0.0,57.0,-0.466666666666669,0.0,14,23,4,3,0,-17.0,0.0,-6.025000000000001,10.9,1
Skardu,2026-04-23 15:00:00,-1.0,61,9.4,1019.0,0.0,-0.5,0.0,57.0,-0.6333333333333356,0.0,15,23,4,3,0,-17.4,0.0,-5.341666666666668,10.700000000000001,1
Skardu,2026-04-23 16:00:00,-3.0,74,10.1,1021.0,0.0,-1.0,0.0,61.0,-1.5000000000000024,0.0,16,23,4,3,0,-11.1,0.0,-5.004166666666667,10.5,1
Skardu,2026-04-23 17:00:00,-14.3,80,11.5,1026.0,0.0,-3.0,0.0,74.0,-6.100000000000002,0.0,17,23,4,3,0,-3.9,0.0,-5.4375,10.3,0
Skardu,2026-04-23 18:00:00,-19.4,86,14.0,1033.0,0.0,-14.3,0.0,80.0,-12.233333333333334,0.0,18,23,4,3,0,-2.2,0.0,-6.154166666666668,10.1,0
Skardu,2026-04-23 21:00:00,-19.9,82,16.6,1035.0,0.0,-19.4,0.0,86.0,-17.86666666666667,0.0,21,23,4,3,0,-1.2,0.0,-6.933333333333334,9.9,0
Skardu,2026-04-23 22:00:00,-19.3,81,16.9,1034.0,0.0,-19.9,0.0,82.0,-19.533333333333335,0.0,22,23,4,3,0,-0.9,0.0,-7.699999999999999,9.700000000000001,0
Skardu,2026-04-23 23:00:00,-19.4,82,16.9,1034.0,0.0,-19.3,0.0,81.0,-19.533333333333335,0.0,23,23,4,3,0,-0.6,0.0,-8.483333333333333,9.5,0
Skardu,2026-04-24 05:00:00,-19.9,85,14.8,1033.0,0.0,-19.4,0.0,82.0,-19.533333333333335,0.0,5,24,4,4,0,-0.5,0.0,-9.291666666666666,9.2,0
Skardu,2026-04-24 06:00:00,-15.4,85,12.6,1030.0,0.0,-19.9,0.0,85.0,-18.233333333333334,0.0,6,24,4,4,0,-0.7,0.0,-9.904166666666667,8.6,0
Skardu,2026-04-24 07:00:00,-5.8,79,12.2,1026.0,0.0,-15.4,0.0,85.0,-13.700000000000003,0.0,7,24,4,4,0,-1.5,0.0,-10.083333333333334,7.8,0
Skardu,2026-04-24 08:00:00,-3.7,72,9.7,1024.0,0.0,-5.8,0.0,79.0,-8.300000000000002,0.0,8,24,4,4,0,-5.1,0.0,-10.025,7.0,0
Skardu,2026-04-24 09:00:00,-2.5,70,9.7,1023.0,0.0,-3.7,0.0,72.0,-4.000000000000003,0.0,9,24,4,4,0,-14.3,0.0,-9.533333333333333,6.4,0
Skardu,2026-04-24 10:00:00,-1.7,70,10.1,1022.0,0.0,-2.5,0.0,70.0,-2.633333333333336,0.0,10,24,4,4,0,-17.3,0.0,-8.883333333333333,6.0,0
Skardu,2026-04-24 11:00:00,-1.2,70,10.1,1020.0,0.0,-1.7,0.0,70.0,-1.8000000000000025,0.0,11,24,4,4,0,-17.8,0.0,-8.191666666666666,5.6,0
Skardu,2026-04-24 12:00:00,-1.0,69,9.7,1020.0,0.0,-1.2,0.0,70.0,-1.3000000000000023,0.0,12,24,4,4,0,-18.6,0.0,-7.458333333333333,5.0,1
Skardu,2026-04-24 13:00:00,-0.7,67,9.7,1019.0,0.0,-1.0,0.0,69.0,-0.9666666666666691,0.0,13,24,4,4,0,-15.9,0.0,-6.825,4.4,1
Skardu,2026-04-24 14:00:00,-0.6,64,10.4,1019.0,0.0,-0.7,0.0,67.0,-0.7666666666666689,0.0,14,24,4,4,0,-7.6,0.0,-6.533333333333332,3.7,1
Skardu,2026-04-24 15:00:00,-1.0,66,10.1,1020.0,0.0,-0.6,0.0,64.0,-0.7666666666666689,0.0,15,24,4,4,0,-3.1,0.0,-6.445833333333333,3.0,1
Skardu,2026-04-24 16:00:00,-2.7,76,9.7,1021.0,0.0,-1.0,0.0,66.0,-1.4333333333333356,0.0,16,24,4,4,0,-1.8,0.0,-6.483333333333333,2.4000000000000004,1
Skardu,2026-04-24 17:00:00,-13.8,82,11.9,1026.0,0.0,-2.7,0.0,76.0,-5.833333333333336,0.0,17,24,4,4,0,-1.0,0.0,-7.016666666666667,1.5999999999999999,0
Skardu,2026-04-24 18:00:00,-18.8,89,14.0,1033.0,0.0,-13.8,0.0,82.0,-11.766666666666671,0.0,18,24,4,4,0,-0.7,0.0,-7.770833333333333,1.0,0
Skardu,2026-04-24 19:00:00,-19.5,95,16.2,1035.0,0.0,-18.8,0.0,89.0,-17.36666666666667,0.0,19,24,4,4,0,-0.5,0.0,-8.5625,0.6,0
Skardu,2026-04-24 21:00:00,-19.5,98,16.9,1035.0,0.0,-19.5,0.0,95.0,-19.26666666666667,0.0,21,24,4,4,0,-0.4,0.0,-9.358333333333333,0.1,0
Skardu,2026-04-24 23:00:00,-19.6,95,16.9,1034.0,0.0,-19.5,0.0,98.0,-19.533333333333335,0.0,23,24,4,4,0,-0.5,0.0,-10.154166666666667,0.0,0
Swat,2026-04-21 01:00:00,26.4,79,6.8,1008.0,0.0,26.6,0.0,78.0,26.600000000000005,0.0,1,21,4,1,0,26.3,0.0,29.479166666666668,12.0,0
Swat,2026-04-21 02:00:00,26.1,80,7.9,1007.0,0.0,26.4,0.0,79.0,26.36666666666667,0.0,2,21,4,1,0,26.2,0.0,29.474999999999998,12.0,0
Swat,2026-04-21 03:00:00,25.9,80,8.6,1007.0,0.0,26.1,0.0,80.0,26.133333333333336,0.0,3,21,4,1,0,26.1,0.0,29.466666666666665,12.0,0
Swat,2026-04-21 04:00:00,25.7,82,8.3,1007.0,0.0,25.9,0.0,80.0,25.900000000000006,0.0,4,21,4,1,0,26.0,0.0,29.454166666666666,12.0,0
Swat,2026-04-21 05:00:00,25.5,83,8.3,1008.0,0.0,25.7,0.0,82.0,25.7,0.0,5,21,4,1,0,25.9,0.0,29.4375,12.0,0
Swat,2026-04-21 06:00:00,25.4,84,7.9,1008.0,0.0,25.5,0.0,83.0,25.533333333333335,0.0,6,21,4,1,0,25.5,0.6,29.433333333333334,12.0,0
Swat,2026-04-21 07:00:00,26.7,77,7.9,1009.0,0.0,25.4,0.0,84.0,25.86666666666667,0.0,7,21,4,1,0,26.8,0.0,29.42916666666667,12.0,0
Swat,2026-04-21 08:00:00,28.8,66,8.6,1010.0,0.0,26.7,0.0,77.0,26.96666666666667,0.0,8,21,4,1,0,29.0,0.0,29.420833333333334,12.0,0
Swat,2026-04-21 09:00:00,30.8,57,7.9,1010.0,0.0,28.8,0.0,66.0,28.76666666666667,0.0,9,21,4,1,0,31.2,0.0,29.404166666666665,12.0,0
Swat,2026-04-21 10:00:00,32.7,50,6.8,1010.0,0.0,30.8,0.0,57.0,30.76666666666667,0.0,10,21,4,1,0,33.3,0.0,29.379166666666666,12.0,0
Swat,2026-04-21 11:00:00,34.5,44,5.4,1010.0,0.0,32.7,0.0,50.0,32.66666666666667,0.0,11,21,4,1,0,35.1,0.0,29.354166666666668,12.0,0
Swat,2026-04-21 12:00:00,35.8,40,5.0,1008.0,0.0,34.5,0.0,44.0,34.333333333333336,0.0,12,21,4,1,0,35.9,0.2,29.349999999999998,12.0,1
Swat,2026-04-21 13:00:00,36.6,38,4.7,1007.0,0.0,35.8,0.0,40.0,35.63333333333333,0.0,13,21,4,1,0,35.9,0.1,29.379166666666666,12.0,1
Swat,2026-04-21 14:00:00,35.7,39,11.2,1006.0,0.3,36.6,0.0,38.0,36.03333333333334,0.3,14,21,4,1,0,36.2,0.0,29.358333333333334,12.3,1
Swat,2026-04-21 15:00:00,33.9,45,15.5,1005.0,0.0,35.7,0.3,39.0,35.400000000000006,0.3,15,21,4,1,0,34.9,0.0,29.316666666666666,12.3,1
Swat,2026-04-21 16:00:00,33.1,48,14.4,1005.0,0.0,33.9,0.0,45.0,34.23333333333334,0.3,16,21,4,1,0,33.3,0.1,29.308333333333334,12.3,1
Swat,2026-04-21 17:00:00,33.0,48,17.6,1005.0,0.0,33.1,0.0,48.0,33.333333333333336,0.0,17,21,4,1,0,30.2,0.2,29.425,12.3,0
Swat,2026-04-21 18:00:00,31.8,52,16.9,1006.0,0.0,33.0,0.0,48.0,32.63333333333334,0.0,18,21,4,1,0,28.3,0.6,29.57083333333333,12.3,0
Swat,2026-04-21 19:00:00,30.4,57,16.2,1007.0,0.0,31.8,0.0,52.0,31.733333333333334,0.0,19,21,4,1,0,27.5,0.5,29.691666666666663,12.3,0
Swat,2026-04-21 20:00:00,29.1,62,14.0,1008.0,0.0,30.4,0.0,57.0,30.433333333333337,0.0,20,21,4,1,0,26.8,0.0,29.787499999999998,12.3,0
Swat,2026-04-21 21:00:00,28.3,66,13.0,1008.0,0.0,29.1,0.0,62.0,29.26666666666667,0.0,21,21,4,1,0,26.7,0.0,29.854166666666668,12.3,0
Swat,2026-04-21 22:00:00,27.9,68,12.2,1008.0,0.0,28.3,0.0,66.0,28.433333333333337,0.0,22,21,4,1,0,26.9,0.0,29.895833333333332,12.3,0
Swat,2026-04-21 23:00:00,27.6,70,9.7,1008.0,0.0,27.9,0.0,68.0,27.933333333333337,0.0,23,21,4,1,0,26.8,0.0,29.92916666666667,12.200000000000001,0
Swat,2026-04-22 00:00:00,27.1,74,12.2,1007.0,0.0,27.6,0.0,70.0,27.533333333333342,0.0,0,22,4,2,0,26.6,0.0,29.95,12.200000000000001,0
Swat,2026-04-22 01:00:00,27.1,74,12.2,1006.0,0.0,27.1,0.0,74.0,27.26666666666667,0.0,1,22,4,2,0,26.4,0.0,29.979166666666668,12.200000000000001,0
Swat,2026-04-22 02:00:00,26.9,73,11.9,1005.0,0.0,27.1,0.0,74.0,27.033333333333342,0.0,2,22,4,2,0,26.1,0.0,30.0125,12.200000000000001,0
Swat,2026-04-22 03:00:00,26.6,74,11.9,1005.0,0.0,26.9,0.0,73.0,26.866666666666674,0.0,3,22,4,2,0,25.9,0.0,30.041666666666668,12.200000000000001,0
Swat,2026-04-22 04:00:00,26.3,76,10.1,1006.0,0.0,26.6,0.0,74.0,26.600000000000005,0.0,4,22,4,2,0,25.7,0.0,30.066666666666666,12.200000000000001,0
Swat,2026-04-22 05:00:00,26.1,78,6.1,1007.0,0.0,26.3,0.0,76.0,26.33333333333334,0.0,5,22,4,2,0,25.5,0.0,30.091666666666665,12.200000000000001,0
Swat,2026-04-22 06:00:00,26.0,79,3.6,1007.0,0.0,26.1,0.0,78.0,26.13333333333334,0.0,6,22,4,2,0,25.4,0.0,30.116666666666664,12.200000000000001,0
Swat,2026-04-22 07:00:00,27.5,74,6.8,1008.0,0.0,26.0,0.0,79.0,26.533333333333342,0.0,7,22,4,2,0,26.7,0.0,30.149999999999995,12.200000000000001,0
Swat,2026-04-22 08:00:00,29.6,65,9.7,1009.0,0.0,27.5,0.0,74.0,27.700000000000003,0.0,8,22,4,2,0,28.8,0.0,30.183333333333334,12.200000000000001,0
Swat,2026-04-22 09:00:00,31.9,56,10.1,1010.0,0.0,29.6,0.0,65.0,29.66666666666667,0.0,9,22,4,2,0,30.8,0.0,30.229166666666668,12.200000000000001,0
Swat,2026-04-22 10:00:00,33.9,48,9.4,1009.0,0.0,31.9,0.0,56.0,31.8,0.0,10,22,4,2,0,32.7,0.0,30.27916666666667,12.200000000000001,0
Swat,2026-04-22 11:00:00,35.9,42,7.6,1008.0,0.0,33.9,0.0,48.0,33.900000000000006,0.0,11,22,4,2,0,34.5,0.0,30.337500000000002,12.200000000000001,0
Swat,2026-04-22 12:00:00,37.4,37,6.8,1007.0,0.0,35.9,0.0,42.0,35.733333333333334,0.0,12,22,4,2,0,35.8,0.0,30.40416666666667,12.100000000000001,1
Swat,2026-04-22 13:00:00,37.6,36,8.6,1006.0,0.1,37.4,0.0,37.0,36.96666666666667,0.1,13,22,4,2,0,36.6,0.0,30.445833333333336,12.0,1
Swat,2026-04-22 14:00:00,36.0,39,16.2,1004.0,0.1,37.6,0.1,36.0,37.0,0.2,14,22,4,2,0,35.7,0.3,30.458333333333332,12.1,1
Swat,2026-04-22 15:00:00,33.6,48,16.9,1004.0,0.0,36.0,0.1,39.0,35.73333333333334,0.2,15,22,4,2,0,33.9,0.0,30.445833333333336,12.0,1
Swat,2026-04-22 16:00:00,34.8,44,16.2,1004.0,0.0,33.6,0.0,48.0,34.800000000000004,0.1,16,22,4,2,0,33.1,0.0,30.516666666666666,11.9,1
Swat,2026-04-22 17:00:00,34.3,46,18.0,1004.0,0.0,34.8,0.0,44.0,34.233333333333334,0.0,17,22,4,2,0,33.0,0.0,30.57083333333333,9.2,0
Swat,2026-04-22 18:00:00,32.6,52,18.0,1004.0,0.0,34.3,0.0,46.0,33.900000000000006,0.0,18,22,4,2,0,31.8,0.0,30.604166666666668,7.3,0
Swat,2026-04-22 19:00:00,30.7,60,20.5,1005.0,0.0,32.6,0.0,52.0,32.53333333333334,0.0,19,22,4,2,0,30.4,0.0,30.61666666666667,5.5,0
Swat,2026-04-22 20:00:00,29.5,66,17.6,1006.0,0.0,30.7,0.0,60.0,30.933333333333337,0.0,20,22,4,2,0,29.1,0.0,30.633333333333336,4.3,0
Swat,2026-04-22 21:00:00,28.9,68,14.8,1007.0,0.0,29.5,0.0,66.0,29.700000000000003,0.0,21,22,4,2,0,28.3,0.0,30.65833333333333,2.8,0
Swat,2026-04-22 22:00:00,28.4,70,13.3,1007.0,0.0,28.9,0.0,68.0,28.933333333333337,0.0,22,22,4,2,0,27.9,0.0,30.679166666666664,2.8,0
Swat,2026-04-22 23:00:00,28.0,71,13.3,1007.0,0.0,28.4,0.0,70.0,28.433333333333337,0.0,23,22,4,2,0,27.6,0.0,30.69583333333333,2.8,0
Swat,2026-04-23 00:00:00,27.9,71,15.5,1006.0,0.0,28.0,0.0,71.0,28.100000000000005,0.0,0,23,4,3,0,27.1,0.0,30.729166666666668,2.8,0
Swat,2026-04-23 01:00:00,27.6,72,14.4,1005.0,0.0,27.9,0.0,71.0,27.83333333333334,0.0,1,23,4,3,0,27.1,0.0,30.75,2.8,0
Swat,2026-04-23 02:00:00,27.2,74,13.3,1005.0,0.0,27.6,0.0,72.0,27.566666666666674,0.0,2,23,4,3,0,26.9,0.0,30.762500000000003,2.8,0
Swat,2026-04-23 03:00:00,27.0,75,11.5,1005.0,0.0,27.2,0.0,74.0,27.26666666666667,0.0,3,23,4,3,0,26.6,0.0,30.77916666666667,2.8,0
Swat,2026-04-23 04:00:00,26.9,76,10.4,1006.0,0.0,27.0,0.0,75.0,27.033333333333335,0.0,4,23,4,3,0,26.3,0.0,30.804166666666664,2.8,0
Swat,2026-04-23 05:00:00,26.8,77,10.4,1006.0,0.0,26.9,0.0,76.0,26.900000000000006,0.0,5,23,4,3,0,26.1,0.0,30.833333333333332,2.8,0
Swat,2026-04-23 06:00:00,26.8,77,12.2,1007.0,0.0,26.8,0.0,77.0,26.83333333333334,0.0,6,23,4,3,0,26.0,0.0,30.86666666666667,2.2,0
Swat,2026-04-23 07:00:00,28.2,71,14.8,1008.0,0.0,26.8,0.0,77.0,27.26666666666667,0.0,7,23,4,3,0,27.5,0.0,30.895833333333332,2.2,0
Swat,2026-04-23 08:00:00,30.4,61,14.0,1009.0,0.0,28.2,0.0,71.0,28.466666666666672,0.0,8,23,4,3,0,29.6,0.0,30.92916666666667,2.2,0
Swat,2026-04-23 09:00:00,32.6,52,12.6,1009.0,0.0,30.4,0.0,61.0,30.400000000000006,0.0,9,23,4,3,0,31.9,0.0,30.958333333333332,2.2,0
Swat,2026-04-23 10:00:00,34.7,45,10.8,1009.0,0.0,32.6,0.0,52.0,32.56666666666667,0.0,10,23,4,3,0,33.9,0.0,30.991666666666664,2.2,0
Swat,2026-04-23 11:00:00,36.5,40,9.7,1008.0,0.0,34.7,0.0,45.0,34.6,0.0,11,23,4,3,0,35.9,0.0,31.016666666666666,2.2,0
Swat,2026-04-23 12:00:00,38.0,35,9.4,1006.0,0.0,36.5,0.0,40.0,36.400000000000006,0.0,12,23,4,3,0,37.4,0.0,31.041666666666668,2.0,1
Swat,2026-04-23 13:00:00,39.2,31,8.3,1005.0,0.0,38.0,0.0,35.0,37.900000000000006,0.0,13,23,4,3,0,37.6,0.1,31.108333333333334,1.9000000000000001,1
Swat,2026-04-23 14:00:00,38.9,31,8.6,1003.0,0.2,39.2,0.0,31.0,38.7,0.2,14,23,4,3,0,36.0,0.1,31.229166666666668,2.1,1
Swat,2026-04-23 15:00:00,36.3,37,19.8,1003.0,0.0,38.9,0.2,31.0,38.13333333333333,0.2,15,23,4,3,0,33.6,0.0,31.341666666666665,2.1,1
Swat,2026-04-23 16:00:00,34.2,44,22.0,1003.0,0.0,36.3,0.0,37.0,36.46666666666667,0.2,16,23,4,3,0,34.8,0.0,31.316666666666666,2.0,1
Swat,2026-04-23 17:00:00,33.9,44,23.4,1003.0,0.0,34.2,0.0,44.0,34.800000000000004,0.0,17,23,4,3,0,34.3,0.0,31.3,1.8,0
Swat,2026-04-23 18:00:00,32.3,48,20.9,1004.0,0.0,33.9,0.0,44.0,33.46666666666667,0.0,18,23,4,3,0,32.6,0.0,31.287499999999998,1.2,0
Swat,2026-04-23 19:00:00,30.3,55,18.0,1005.0,0.1,32.3,0.0,48.0,32.166666666666664,0.1,19,23,4,3,0,30.7,0.0,31.270833333333332,0.8,0
Swat,2026-04-23 20:00:00,29.4,58,16.2,1006.0,0.0,30.3,0.1,55.0,30.666666666666668,0.1,20,23,4,3,0,29.5,0.0,31.266666666666666,0.8,0
Swat,2026-04-23 21:00:00,28.8,61,13.7,1007.0,0.0,29.4,0.0,58.0,29.5,0.1,21,23,4,3,0,28.9,0.0,31.2625,0.8,0
Swat,2026-04-23 22:00:00,28.3,64,13.7,1008.0,0.0,28.8,0.0,61.0,28.83333333333334,0.0,22,23,4,3,0,28.4,0.0,31.258333333333336,0.8,0
Swat,2026-04-23 23:00:00,28.0,65,14.8,1007.0,0.0,28.3,0.0,64.0,28.36666666666667,0.0,23,23,4,3,0,28.0,0.0,31.258333333333336,0.8,0
Swat,2026-04-24 00:00:00,27.6,72,15.1,1007.0,0.0,28.0,0.0,65.0,27.96666666666667,0.0,0,24,4,4,0,27.9,0.0,31.245833333333337,0.8,0
Swat,2026-04-24 01:00:00,27.4,73,11.9,1006.0,0.0,27.6,0.0,72.0,27.66666666666667,0.0,1,24,4,4,0,27.6,0.0,31.2375,0.8,0
Swat,2026-04-24 02:00:00,27.1,74,9.4,1006.0,0.0,27.4,0.0,73.0,27.36666666666667,0.0,2,24,4,4,0,27.2,0.0,31.233333333333334,0.8,0
Swat,2026-04-24 03:00:00,26.9,74,8.6,1006.0,0.0,27.1,0.0,74.0,27.133333333333336,0.0,3,24,4,4,0,27.0,0.0,31.229166666666668,0.8,0
Swat,2026-04-24 04:00:00,26.6,74,8.6,1006.0,0.0,26.9,0.0,74.0,26.86666666666667,0.0,4,24,4,4,0,26.9,0.0,31.21666666666667,0.8,0
Swat,2026-04-24 05:00:00,26.3,75,8.3,1007.0,0.0,26.6,0.0,74.0,26.600000000000005,0.0,5,24,4,4,0,26.8,0.0,31.195833333333336,0.8,0
Swat,2026-04-24 06:00:00,25.6,78,6.8,1008.0,0.0,26.3,0.0,75.0,26.16666666666667,0.0,6,24,4,4,0,26.8,0.0,31.145833333333332,0.8,0
Swat,2026-04-24 07:00:00,27.3,69,6.8,1009.0,0.0,25.6,0.0,78.0,26.400000000000002,0.0,7,24,4,4,0,28.2,0.0,31.108333333333334,0.8,0
Swat,2026-04-24 08:00:00,29.8,56,7.9,1010.0,0.0,27.3,0.0,69.0,27.566666666666674,0.0,8,24,4,4,0,30.4,0.0,31.083333333333332,0.8,0
Swat,2026-04-24 09:00:00,32.1,46,9.4,1010.0,0.0,29.8,0.0,56.0,29.733333333333338,0.0,9,24,4,4,0,32.6,0.0,31.0625,0.8,0
Swat,2026-04-24 10:00:00,34.2,39,10.8,1010.0,0.0,32.1,0.0,46.0,32.03333333333334,0.0,10,24,4,4,0,34.7,0.0,31.041666666666668,0.8,0
Swat,2026-04-24 11:00:00,36.1,34,10.1,1009.0,0.0,34.2,0.0,39.0,34.13333333333333,0.0,11,24,4,4,0,36.5,0.0,31.025000000000002,0.8,0
Swat,2026-04-24 12:00:00,37.8,30,9.4,1008.0,0.0,36.1,0.0,34.0,36.03333333333334,0.0,12,24,4,4,0,38.0,0.0,31.016666666666666,0.8,1
Swat,2026-04-24 13:00:00,39.2,27,7.9,1006.0,0.0,37.8,0.0,30.0,37.7,0.0,13,24,4,4,0,39.2,0.0,31.016666666666666,0.8,1
Swat,2026-04-24 14:00:00,40.1,25,6.1,1005.0,0.0,39.2,0.0,27.0,39.03333333333333,0.0,14,24,4,4,0,38.9,0.2,31.066666666666666,0.5,1
Swat,2026-04-24 15:00:00,40.4,24,5.4,1004.0,0.0,40.1,0.0,25.0,39.900000000000006,0.0,15,24,4,4,0,36.3,0.0,31.2375,0.5,1
Swat,2026-04-24 16:00:00,40.0,24,6.5,1003.0,0.0,40.4,0.0,24.0,40.166666666666664,0.0,16,24,4,4,0,34.2,0.0,31.479166666666668,0.5,1
Swat,2026-04-24 17:00:00,38.7,26,9.0,1002.0,0.0,40.0,0.0,24.0,39.7,0.0,17,24,4,4,0,33.9,0.0,31.679166666666664,0.5,0
Swat,2026-04-24 18:00:00,35.4,34,7.2,1004.0,0.0,38.7,0.0,26.0,38.03333333333334,0.0,18,24,4,4,0,32.3,0.0,31.808333333333337,0.5,0
Swat,2026-04-24 19:00:00,32.0,47,17.3,1005.0,0.0,35.4,0.0,34.0,35.366666666666674,0.0,19,24,4,4,0,30.3,0.1,31.879166666666666,0.5,0
Swat,2026-04-24 20:00:00,30.3,54,19.1,1006.0,0.0,32.0,0.0,47.0,32.56666666666667,0.0,20,24,4,4,0,29.4,0.0,31.916666666666668,0.5,0
Swat,2026-04-24 21:00:00,29.2,59,17.3,1007.0,0.0,30.3,0.0,54.0,30.5,0.0,21,24,4,4,0,28.8,0.0,31.933333333333337,0.5,0
Swat,2026-04-24 22:00:00,28.6,61,15.1,1008.0,0.0,29.2,0.0,59.0,29.36666666666667,0.0,22,24,4,4,0,28.3,0.0,31.945833333333336,0.5,0
Swat,2026-04-24 23:00:00,28.1,63,11.2,1009.0,0.0,28.6,0.0,61.0,28.633333333333336,0.0,23,24,4,4,0,28.0,0.0,31.95,0.5,0
