city,date,temperature,humidity,wind_speed,pressure,rainfall
Lahore,2026-04-19 00:00:00,26.4,33,9.7,1006.0,0.0
Lahore,2026-04-19 01:00:00,26.0,37,17.6,1006.0,0.0
Lahore,2026-04-19 02:00:00,26.1,44,25.6,1006.0,0.0
Lahore,2026-04-19 03:00:00,25.2,48,26.6,1006.0,0.0
Lahore,2026-04-19 04:00:00,24.9,44,24.1,1006.0,0.0
Lahore,2026-04-19 05:00:00,24.5,45,22.7,1006.0,0.0
Lahore,2026-04-19 06:00:00,24.5,44,21.6,1006.0,0.0
Lahore,2026-04-19 07:00:00,26.2,39,19.8,1006.0,0.0
Lahore,2026-04-19 08:00:00,28.8,31,18.7,1006.0,0.0
Lahore,2026-04-19 09:00:00,30.9,27,17.3,1006.0,0.0
Lahore,2026-04-19 10:00:00,33.3,22,14.0,1006.0,0.0
Lahore,2026-04-19 11:00:00,34.9,20,12.2,1005.0,0.0
Lahore,2026-04-19 12:00:00,35.9,18,6.5,1005.0,0.0
Lahore,2026-04-19 13:00:00,37.1,16,8.3,1004.0,0.0
Lahore,2026-04-19 14:00:00,37.7,15,12.6,1003.0,0.0
Lahore,2026-04-19 15:00:00,37.8,15,18.7,1003.0,0.0
Lahore,2026-04-19 16:00:00,36.1,17,28.1,1003.0,0.0
Lahore,2026-04-19 17:00:00,32.9,24,21.6,1003.0,0.0
Lahore,2026-04-19 18:00:00,30.9,28,17.3,1004.0,0.0
Lahore,2026-04-19 19:00:00,28.0,33,18.0,1005.0,0.0
Lahore,2026-04-19 20:00:00,26.7,38,20.2,1006.0,0.0
Lahore,2026-04-19 21:00:00,25.6,41,19.8,1007.0,0.0
Lahore,2026-04-19 22:00:00,24.9,41,13.7,1006.0,0.0
Lahore,2026-04-19 23:00:00,24.2,42,12.6,1006.0,0.0
Lahore,2026-04-20 00:00:00,24.3,38,10.1,1007.0,0.0
Lahore,2026-04-20 01:00:00,23.8,38,6.5,1006.0,0.0
Lahore,2026-04-20 02:00:00,23.6,38,4.0,1006.0,0.0
Lahore,2026-04-20 03:00:00,23.5,38,5.8,1006.0,0.0
Lahore,2026-04-20 04:00:00,23.2,39,7.9,1006.0,0.0
Lahore,2026-04-20 05:00:00,22.5,41,9.4,1006.0,0.0
Lahore,2026-04-20 06:00:00,22.4,41,7.9,1007.0,0.0
Lahore,2026-04-20 07:00:00,25.3,35,6.8,1007.0,0.0
Lahore,2026-04-20 08:00:00,28.7,28,8.3,1007.0,0.0
Lahore,2026-04-20 09:00:00,32.0,22,10.4,1007.0,0.0
Lahore,2026-04-20 10:00:00,34.7,18,11.5,1007.0,0.0
Lahore,2026-04-20 11:00:00,36.8,16,13.0,1006.0,0.0
Lahore,2026-04-20 12:00:00,38.1,13,14.8,1005.0,0.0
Lahore,2026-04-20 13:00:00,38.9,11,15.5,1004.0,0.0
Lahore,2026-04-20 14:00:00,39.3,11,16.2,1003.0,0.0
Lahore,2026-04-20 15:00:00,39.3,10,18.7,1002.0,0.0
Lahore,2026-04-20 16:00:00,38.6,11,20.5,1002.0,0.0
Lahore,2026-04-20 17:00:00,37.7,12,20.5,1002.0,0.0
Lahore,2026-04-20 18:00:00,35.7,13,15.1,1003.0,0.0
Lahore,2026-04-20 19:00:00,32.6,16,12.6,1003.0,0.0
Lahore,2026-04-20 20:00:00,31.6,18,12.6,1004.0,0.0
Lahore,2026-04-20 21:00:00,30.7,19,12.6,1005.0,0.0
Lahore,2026-04-20 22:00:00,29.6,20,11.2,1005.0,0.0
Lahore,2026-04-20 23:00:00,28.4,22,10.8,1005.0,0.0
Lahore,2026-04-21 00:00:00,27.2,24,8.3,1005.0,0.0
Lahore,2026-04-21 01:00:00,26.3,25,9.0,1005.0,0.0
Lahore,2026-04-21 02:00:00,25.5,27,8.3,1004.0,0.0
Lahore,2026-04-21 03:00:00,25.0,29,10.8,1005.0,0.0
Lahore,2026-04-21 04:00:00,24.5,31,8.6,1004.0,0.0
Lahore,2026-04-21 05:00:00,24.2,32,8.6,1004.0,0.0
Lahore,2026-04-21 06:00:00,24.4,32,8.3,1005.0,0.0
Lahore,2026-04-21 07:00:00,27.8,26,6.5,1005.0,0.0
Lahore,2026-04-21 08:00:00,31.4,20,8.6,1006.0,0.0
Lahore,2026-04-21 09:00:00,34.3,16,10.8,1006.0,0.0
Lahore,2026-04-21 10:00:00,36.6,13,14.0,1006.0,0.0
Lahore,2026-04-21 11:00:00,38.0,11,16.9,1005.0,0.0
Lahore,2026-04-21 12:00:00,39.0,11,19.1,1004.0,0.0
Lahore,2026-04-21 13:00:00,39.8,10,20.9,1004.0,0.0
Lahore,2026-04-21 14:00:00,40.2,9,21.2,1002.0,0.0
Lahore,2026-04-21 15:00:00,40.2,9,21.2,1002.0,0.0
Lahore,2026-04-21 16:00:00,39.9,9,22.0,1001.0,0.0
Lahore,2026-04-21 17:00:00,38.9,9,20.9,1001.0,0.0
Lahore,2026-04-21 18:00:00,36.9,11,14.8,1002.0,0.0
Lahore,2026-04-21 19:00:00,33.4,13,13.3,1002.0,0.0
Lahore,2026-04-21 20:00:00,32.0,15,12.6,1003.0,0.0
Lahore,2026-04-21 21:00:00,30.8,16,12.6,1003.0,0.0
Lahore,2026-04-21 22:00:00,29.7,17,11.2,1004.0,0.0
Lahore,2026-04-21 23:00:00,28.9,18,9.0,1004.0,0.0
Lahore,2026-04-22 00:00:00,28.0,20,10.1,1004.0,0.0
Lahore,2026-04-22 01:00:00,27.4,20,8.6,1003.0,0.0
Lahore,2026-04-22 02:00:00,26.8,21,8.3,1003.0,0.0
Lahore,2026-04-22 03:00:00,26.4,22,8.3,1003.0,0.0
Lahore,2026-04-22 04:00:00,26.0,23,7.2,1003.0,0.0
Lahore,2026-04-22 05:00:00,25.6,23,6.8,1003.0,0.0
Lahore,2026-04-22 06:00:00,26.0,23,6.5,1004.0,0.0
Lahore,2026-04-22 07:00:00,29.1,19,7.2,1005.0,0.0
Lahore,2026-04-22 08:00:00,32.0,15,8.6,1005.0,0.0
Lahore,2026-04-22 09:00:00,34.8,13,9.7,1005.0,0.0
Lahore,2026-04-22 10:00:00,37.2,11,11.5,1005.0,0.0
Lahore,2026-04-22 11:00:00,39.1,10,12.2,1004.0,0.0
Lahore,2026-04-22 12:00:00,40.5,9,14.0,1003.0,0.0
Lahore,2026-04-22 13:00:00,41.6,8,14.4,1002.0,0.0
Lahore,2026-04-22 14:00:00,42.0,8,14.4,1001.0,0.0
Lahore,2026-04-22 15:00:00,42.0,8,14.4,1000.0,0.0
Lahore,2026-04-22 16:00:00,41.6,8,14.0,1000.0,0.0
Lahore,2026-04-22 17:00:00,41.0,8,13.7,1000.0,0.0
Lahore,2026-04-22 18:00:00,38.5,10,9.7,1000.0,0.0
Lahore,2026-04-22 19:00:00,34.9,12,9.4,1001.0,0.0
Lahore,2026-04-22 20:00:00,33.3,14,10.8,1002.0,0.0
Lahore,2026-04-22 21:00:00,31.8,15,10.8,1002.0,0.0
Lahore,2026-04-22 22:00:00,30.7,16,9.0,1002.0,0.0
Lahore,2026-04-22 23:00:00,30.0,17,7.6,1002.0,0.0
Lahore,2026-04-23 00:00:00,29.2,23,5.4,1003.0,0.0
Lahore,2026-04-23 01:00:00,28.3,24,4.0,1003.0,0.0
Lahore,2026-04-23 02:00:00,27.9,24,4.0,1003.0,0.0
Lahore,2026-04-23 03:00:00,27.5,25,6.1,1002.0,0.0
Lahore,2026-04-23 04:00:00,27.1,26,5.8,1003.0,0.0
Lahore,2026-04-23 05:00:00,26.8,26,5.4,1003.0,0.0
Lahore,2026-04-23 06:00:00,27.4,26,5.4,1003.0,0.0
Lahore,2026-04-23 07:00:00,30.7,22,6.1,1003.0,0.0
Lahore,2026-04-23 08:00:00,34.4,17,6.8,1004.0,0.0
Lahore,2026-04-23 09:00:00,37.7,14,9.7,1004.0,0.0
Lahore,2026-04-23 10:00:00,39.9,12,11.5,1004.0,0.0
Lahore,2026-04-23 11:00:00,41.3,11,13.0,1004.0,0.0
Lahore,2026-04-23 12:00:00,42.2,10,12.6,1003.0,0.0
Lahore,2026-04-23 13:00:00,42.7,9,11.9,1002.0,0.0
Lahore,2026-04-23 14:00:00,43.1,9,11.9,1001.0,0.0
Lahore,2026-04-23 15:00:00,43.2,9,11.5,1000.0,0.0
Lahore,2026-04-23 16:00:00,43.0,9,10.4,1000.0,0.0
Lahore,2026-04-23 17:00:00,42.4,9,10.4,999.0,0.0
Lahore,2026-04-23 18:00:00,39.9,10,8.3,1000.0,0.0
Lahore,2026-04-23 19:00:00,36.4,14,11.2,1000.0,0.0
Lahore,2026-04-23 20:00:00,34.3,18,13.3,1001.0,0.0
Lahore,2026-04-23 21:00:00,32.9,21,11.5,1002.0,0.0
Lahore,2026-04-23 22:00:00,31.8,23,9.4,1002.0,0.0
Lahore,2026-04-23 23:00:00,31.1,24,6.8,1002.0,0.0
Lahore,2026-04-24 00:00:00,30.4,24,7.6,1003.0,0.0
Lahore,2026-04-24 01:00:00,30.1,25,7.6,1002.0,0.0
Lahore,2026-04-24 02:00:00,29.9,27,12.6,1003.0,0.0
Lahore,2026-04-24 03:00:00,29.5,29,11.5,1003.0,0.0
Lahore,2026-04-24 04:00:00,28.9,31,10.4,1003.0,0.0
Lahore,2026-04-24 05:00:00,28.7,32,10.4,1003.0,0.0
Lahore,2026-04-24 06:00:00,28.8,32,6.5,1003.0,0.0
Lahore,2026-04-24 07:00:00,31.5,28,6.5,1004.0,0.0
Lahore,2026-04-24 08:00:00,34.6,22,8.3,1004.0,0.0
Lahore,2026-04-24 09:00:00,37.2,18,7.2,1005.0,0.0
Lahore,2026-04-24 10:00:00,39.4,15,8.6,1004.0,0.0
Lahore,2026-04-24 11:00:00,41.0,13,13.3,1004.0,0.0
Lahore,2026-04-24 12:00:00,41.8,12,13.7,1003.0,0.0
Lahore,2026-04-24 13:00:00,42.5,12,14.0,1002.0,0.0
Lahore,2026-04-24 14:00:00,43.0,11,14.8,1001.0,0.0
Lahore,2026-04-24 15:00:00,43.0,11,14.8,1000.0,0.0
Lahore,2026-04-24 16:00:00,42.7,11,15.1,1000.0,0.0
Lahore,2026-04-24 17:00:00,42.1,11,16.9,1000.0,0.0
Lahore,2026-04-24 18:00:00,40.2,12,14.0,1000.0,0.0
Lahore,2026-04-24 19:00:00,36.6,14,11.5,1001.0,0.0
Lahore,2026-04-24 20:00:00,35.0,17,12.6,1002.0,0.0
Lahore,2026-04-24 21:00:00,33.9,19,12.6,1003.0,0.0
Lahore,2026-04-24 22:00:00,33.3,20,11.2,1003.0,0.0
Lahore,2026-04-24 23:00:00,32.8,21,10.1,1003.0,0.0
Lahore,2026-04-25 00:00:00,29.6,36,23.4,1006.0,0.0
Lahore,2026-04-25 01:00:00,29.7,37,15.5,1005.0,0.0
Lahore,2026-04-25 02:00:00,30.4,34,14.0,1005.0,0.0
Lahore,2026-04-25 03:00:00,30.0,35,11.9,1005.0,0.0
Lahore,2026-04-25 04:00:00,29.2,36,14.0,1005.0,0.0
Lahore,2026-04-25 05:00:00,28.1,38,12.6,1005.0,0.0
Lahore,2026-04-25 06:00:00,28.2,38,11.5,1006.0,0.0
Lahore,2026-04-25 07:00:00,30.7,32,11.2,1006.0,0.0
Lahore,2026-04-25 08:00:00,34.1,24,10.4,1006.0,0.0
Lahore,2026-04-25 09:00:00,37.1,19,7.2,1006.0,0.0
Lahore,2026-04-25 10:00:00,39.6,16,5.0,1006.0,0.0
Lahore,2026-04-25 11:00:00,40.5,15,10.1,1006.0,0.0
Lahore,2026-04-25 12:00:00,41.6,14,12.2,1005.0,0.0
Lahore,2026-04-25 13:00:00,42.4,13,13.3,1004.0,0.0
Lahore,2026-04-25 14:00:00,42.8,12,14.0,1003.0,0.0
Lahore,2026-04-25 15:00:00,43.0,11,15.8,1002.0,0.0
Lahore,2026-04-25 16:00:00,42.7,11,22.0,1002.0,0.0
Lahore,2026-04-25 17:00:00,41.8,12,23.8,1001.0,0.0
Lahore,2026-04-25 18:00:00,40.0,14,20.5,1002.0,0.0
Lahore,2026-04-25 19:00:00,36.7,17,13.3,1003.0,0.0
Lahore,2026-04-25 20:00:00,34.8,20,10.8,1004.0,0.1
Lahore,2026-04-25 21:00:00,33.9,21,10.8,1004.0,0.0
Lahore,2026-04-25 22:00:00,32.8,22,11.2,1004.0,0.0
Lahore,2026-04-25 23:00:00,31.4,24,9.0,1004.0,0.0
Karachi,2026-04-19 00:00:00,25.3,65,22.7,1008.0,0.0
Karachi,2026-04-19 01:00:00,25.0,68,22.0,1008.0,0.0
Karachi,2026-04-19 02:00:00,24.7,71,20.2,1007.0,0.0
Karachi,2026-04-19 03:00:00,24.6,72,21.2,1007.0,0.0
Karachi,2026-04-19 04:00:00,24.5,73,21.2,1006.0,0.0
Karachi,2026-04-19 05:00:00,24.4,74,21.6,1007.0,0.0
Karachi,2026-04-19 06:00:00,24.4,75,20.9,1007.0,0.0
Karachi,2026-04-19 07:00:00,24.7,75,20.5,1008.0,0.0
Karachi,2026-04-19 08:00:00,25.8,69,23.4,1008.0,0.0
Karachi,2026-04-19 09:00:00,27.1,61,22.7,1009.0,0.0
Karachi,2026-04-19 10:00:00,28.6,54,23.0,1009.0,0.0
Karachi,2026-04-19 11:00:00,29.8,48,24.1,1009.0,0.0
Karachi,2026-04-19 12:00:00,30.6,45,26.6,1008.0,0.0
Karachi,2026-04-19 13:00:00,31.2,42,26.3,1008.0,0.0
Karachi,2026-04-19 14:00:00,31.4,42,27.4,1007.0,0.0
Karachi,2026-04-19 15:00:00,31.1,42,28.4,1006.0,0.0
Karachi,2026-04-19 16:00:00,30.6,44,27.7,1006.0,0.0
Karachi,2026-04-19 17:00:00,29.8,46,27.7,1006.0,0.0
Karachi,2026-04-19 18:00:00,28.8,50,25.6,1006.0,0.0
Karachi,2026-04-19 19:00:00,27.8,54,22.0,1007.0,0.0
Karachi,2026-04-19 20:00:00,27.2,58,18.0,1008.0,0.0
Karachi,2026-04-19 21:00:00,26.9,60,15.8,1008.0,0.0
Karachi,2026-04-19 22:00:00,26.5,62,17.3,1008.0,0.0
Karachi,2026-04-19 23:00:00,26.1,65,19.1,1008.0,0.0
Karachi,2026-04-20 00:00:00,26.0,65,20.2,1008.0,0.0
Karachi,2026-04-20 01:00:00,25.7,67,21.2,1008.0,0.0
Karachi,2026-04-20 02:00:00,25.5,69,22.3,1007.0,0.0
Karachi,2026-04-20 03:00:00,25.2,71,19.4,1007.0,0.0
Karachi,2026-04-20 04:00:00,25.0,72,16.9,1007.0,0.0
Karachi,2026-04-20 05:00:00,24.9,72,16.9,1007.0,0.0
Karachi,2026-04-20 06:00:00,24.7,74,17.3,1007.0,0.0
Karachi,2026-04-20 07:00:00,25.1,74,17.3,1008.0,0.0
Karachi,2026-04-20 08:00:00,26.5,66,19.1,1008.0,0.0
Karachi,2026-04-20 09:00:00,28.1,56,22.0,1009.0,0.0
Karachi,2026-04-20 10:00:00,29.4,51,23.8,1009.0,0.0
Karachi,2026-04-20 11:00:00,30.3,47,25.2,1009.0,0.0
Karachi,2026-04-20 12:00:00,31.1,45,27.4,1008.0,0.0
Karachi,2026-04-20 13:00:00,31.3,44,28.4,1007.0,0.0
Karachi,2026-04-20 14:00:00,31.6,43,28.8,1006.0,0.0
Karachi,2026-04-20 15:00:00,31.6,42,28.4,1006.0,0.0
Karachi,2026-04-20 16:00:00,31.1,43,28.1,1006.0,0.0
Karachi,2026-04-20 17:00:00,30.3,45,25.9,1006.0,0.0
Karachi,2026-04-20 18:00:00,29.3,49,24.8,1006.0,0.0
Karachi,2026-04-20 19:00:00,28.2,54,23.4,1006.0,0.0
Karachi,2026-04-20 20:00:00,27.5,58,22.0,1007.0,0.0
Karachi,2026-04-20 21:00:00,27.2,60,19.8,1008.0,0.0
Karachi,2026-04-20 22:00:00,26.9,62,17.3,1008.0,0.0
Karachi,2026-04-20 23:00:00,26.6,64,16.9,1008.0,0.0
Karachi,2026-04-21 00:00:00,26.2,64,16.6,1009.0,0.0
Karachi,2026-04-21 01:00:00,26.0,65,16.6,1008.0,0.0
Karachi,2026-04-21 02:00:00,25.8,66,14.8,1007.0,0.0
Karachi,2026-04-21 03:00:00,25.5,68,15.8,1007.0,0.0
Karachi,2026-04-21 04:00:00,25.2,69,17.3,1007.0,0.0
Karachi,2026-04-21 05:00:00,25.1,70,18.7,1007.0,0.0
Karachi,2026-04-21 06:00:00,25.0,70,18.4,1008.0,0.0
Karachi,2026-04-21 07:00:00,25.4,68,18.4,1008.0,0.0
Karachi,2026-04-21 08:00:00,26.6,60,23.0,1009.0,0.0
Karachi,2026-04-21 09:00:00,27.9,53,23.4,1009.0,0.0
Karachi,2026-04-21 10:00:00,29.0,49,25.2,1009.0,0.0
Karachi,2026-04-21 11:00:00,29.9,46,27.7,1009.0,0.0
Karachi,2026-04-21 12:00:00,30.7,43,28.4,1008.0,0.0
Karachi,2026-04-21 13:00:00,31.0,42,30.6,1007.0,0.0
Karachi,2026-04-21 14:00:00,30.8,43,30.6,1007.0,0.0
Karachi,2026-04-21 15:00:00,30.6,44,31.0,1006.0,0.0
Karachi,2026-04-21 16:00:00,30.2,44,29.5,1006.0,0.0
Karachi,2026-04-21 17:00:00,29.6,46,28.1,1006.0,0.0
Karachi,2026-04-21 18:00:00,28.7,50,28.4,1006.0,0.0
Karachi,2026-04-21 19:00:00,27.8,55,27.4,1006.0,0.0
Karachi,2026-04-21 20:00:00,27.2,61,25.6,1007.0,0.0
Karachi,2026-04-21 21:00:00,27.0,65,23.4,1008.0,0.0
Karachi,2026-04-21 22:00:00,26.7,67,21.6,1008.0,0.0
Karachi,2026-04-21 23:00:00,26.5,69,19.8,1008.0,0.0
Karachi,2026-04-22 00:00:00,26.2,71,18.0,1008.0,0.0
Karachi,2026-04-22 01:00:00,25.9,74,18.7,1008.0,0.0
Karachi,2026-04-22 02:00:00,25.7,76,18.4,1007.0,0.0
Karachi,2026-04-22 03:00:00,25.5,77,18.4,1007.0,0.0
Karachi,2026-04-22 04:00:00,25.3,78,19.4,1007.0,0.0
Karachi,2026-04-22 05:00:00,25.2,80,21.6,1007.0,0.0
Karachi,2026-04-22 06:00:00,25.1,81,22.7,1008.0,0.0
Karachi,2026-04-22 07:00:00,25.4,79,24.1,1008.0,0.0
Karachi,2026-04-22 08:00:00,26.5,72,28.8,1009.0,0.0
Karachi,2026-04-22 09:00:00,27.7,64,31.3,1009.0,0.0
Karachi,2026-04-22 10:00:00,28.8,59,32.0,1009.0,0.0
Karachi,2026-04-22 11:00:00,29.6,56,32.8,1008.0,0.0
Karachi,2026-04-22 12:00:00,30.1,55,34.6,1008.0,0.0
Karachi,2026-04-22 13:00:00,30.2,55,35.3,1007.0,0.0
Karachi,2026-04-22 14:00:00,30.3,55,34.9,1006.0,0.0
Karachi,2026-04-22 15:00:00,30.1,56,34.6,1006.0,0.0
Karachi,2026-04-22 16:00:00,29.7,58,33.5,1005.0,0.0
Karachi,2026-04-22 17:00:00,29.1,61,31.3,1005.0,0.0
Karachi,2026-04-22 18:00:00,28.3,65,30.2,1005.0,0.0
Karachi,2026-04-22 19:00:00,27.3,72,30.6,1006.0,0.0
Karachi,2026-04-22 20:00:00,26.7,76,30.6,1006.0,0.0
Karachi,2026-04-22 21:00:00,26.6,78,29.5,1007.0,0.0
Karachi,2026-04-22 22:00:00,26.4,80,29.2,1007.0,0.0
Karachi,2026-04-22 23:00:00,26.3,82,28.4,1007.0,0.0
Karachi,2026-04-23 00:00:00,26.3,80,25.6,1007.0,0.0
Karachi,2026-04-23 01:00:00,26.1,81,25.2,1007.0,0.0
Karachi,2026-04-23 02:00:00,25.9,83,25.9,1006.0,0.0
Karachi,2026-04-23 03:00:00,25.6,84,25.9,1006.0,0.0
Karachi,2026-04-23 04:00:00,25.5,86,26.3,1006.0,0.0
Karachi,2026-04-23 05:00:00,25.4,86,26.3,1006.0,0.0
Karachi,2026-04-23 06:00:00,25.2,87,25.9,1006.0,0.0
Karachi,2026-04-23 07:00:00,25.6,86,26.6,1007.0,0.0
Karachi,2026-04-23 08:00:00,26.5,78,29.9,1008.0,0.0
Karachi,2026-04-23 09:00:00,27.7,71,30.6,1008.0,0.0
Karachi,2026-04-23 10:00:00,28.8,65,31.7,1008.0,0.0
Karachi,2026-04-23 11:00:00,29.7,62,32.0,1008.0,0.0
Karachi,2026-04-23 12:00:00,30.4,58,31.3,1007.0,0.0
Karachi,2026-04-23 13:00:00,30.9,56,30.2,1006.0,0.0
Karachi,2026-04-23 14:00:00,30.9,56,31.3,1006.0,0.0
Karachi,2026-04-23 15:00:00,30.7,57,32.4,1005.0,0.0
Karachi,2026-04-23 16:00:00,30.4,57,32.0,1005.0,0.0
Karachi,2026-04-23 17:00:00,29.8,60,31.3,1005.0,0.0
Karachi,2026-04-23 18:00:00,28.7,65,29.9,1005.0,0.0
Karachi,2026-04-23 19:00:00,27.7,72,27.7,1006.0,0.0
Karachi,2026-04-23 20:00:00,27.1,77,26.3,1006.0,0.0
Karachi,2026-04-23 21:00:00,26.9,79,25.6,1006.0,0.0
Karachi,2026-04-23 22:00:00,26.6,82,24.5,1007.0,0.0
Karachi,2026-04-23 23:00:00,26.4,84,24.8,1007.0,0.0
Karachi,2026-04-24 00:00:00,26.0,85,18.0,1007.0,0.0
Karachi,2026-04-24 01:00:00,25.8,87,21.6,1006.0,0.0
Karachi,2026-04-24 02:00:00,25.6,89,23.0,1006.0,0.0
Karachi,2026-04-24 03:00:00,25.4,90,20.9,1006.0,0.0
Karachi,2026-04-24 04:00:00,25.3,90,18.0,1006.0,0.0
Karachi,2026-04-24 05:00:00,25.2,90,19.4,1006.0,0.0
Karachi,2026-04-24 06:00:00,25.1,91,19.1,1007.0,0.0
Karachi,2026-04-24 07:00:00,25.4,89,19.4,1007.0,0.0
Karachi,2026-04-24 08:00:00,26.6,80,22.0,1008.0,0.0
Karachi,2026-04-24 09:00:00,28.0,71,24.1,1008.0,0.0
Karachi,2026-04-24 10:00:00,29.3,66,26.6,1008.0,0.0
Karachi,2026-04-24 11:00:00,30.4,60,27.7,1008.0,0.0
Karachi,2026-04-24 12:00:00,31.2,57,28.4,1007.0,0.0
Karachi,2026-04-24 13:00:00,31.6,55,29.9,1006.0,0.0
Karachi,2026-04-24 14:00:00,31.7,55,30.2,1006.0,0.0
Karachi,2026-04-24 15:00:00,31.4,56,29.2,1005.0,0.0
Karachi,2026-04-24 16:00:00,30.9,57,28.4,1005.0,0.0
Karachi,2026-04-24 17:00:00,30.1,60,27.7,1005.0,0.0
Karachi,2026-04-24 18:00:00,29.0,66,27.4,1005.0,0.0
Karachi,2026-04-24 19:00:00,27.9,73,25.9,1006.0,0.0
Karachi,2026-04-24 20:00:00,27.2,78,24.1,1006.0,0.0
Karachi,2026-04-24 21:00:00,27.0,79,20.2,1007.0,0.0
Karachi,2026-04-24 22:00:00,26.8,81,20.5,1008.0,0.0
Karachi,2026-04-24 23:00:00,26.6,82,18.4,1008.0,0.0
Karachi,2026-04-25 00:00:00,26.4,82,18.4,1008.0,0.0
Karachi,2026-04-25 01:00:00,26.2,83,19.8,1007.0,0.0
Karachi,2026-04-25 02:00:00,25.9,84,20.5,1007.0,0.0
Karachi,2026-04-25 03:00:00,25.8,86,19.4,1006.0,0.0
Karachi,2026-04-25 04:00:00,25.7,86,20.2,1006.0,0.0
Karachi,2026-04-25 05:00:00,25.5,87,16.6,1007.0,0.0
Karachi,2026-04-25 06:00:00,25.4,89,14.8,1007.0,0.0
Karachi,2026-04-25 07:00:00,25.8,86,16.6,1008.0,0.0
Karachi,2026-04-25 08:00:00,27.1,78,19.4,1008.0,0.0
Karachi,2026-04-25 09:00:00,28.5,69,21.2,1009.0,0.0
Karachi,2026-04-25 10:00:00,30.1,61,23.4,1009.0,0.0
Karachi,2026-04-25 11:00:00,31.2,57,26.3,1008.0,0.0
Karachi,2026-04-25 12:00:00,31.9,54,27.4,1008.0,0.0
Karachi,2026-04-25 13:00:00,32.5,52,29.2,1007.0,0.0
Karachi,2026-04-25 14:00:00,32.6,50,32.0,1007.0,0.0
Karachi,2026-04-25 15:00:00,32.5,50,31.3,1006.0,0.0
Karachi,2026-04-25 16:00:00,32.0,52,31.7,1006.0,0.0
Karachi,2026-04-25 17:00:00,31.2,53,30.2,1006.0,0.0
Karachi,2026-04-25 18:00:00,30.1,57,28.1,1006.0,0.0
Karachi,2026-04-25 19:00:00,28.8,63,24.5,1006.0,0.0
Karachi,2026-04-25 20:00:00,28.2,68,23.0,1007.0,0.0
Karachi,2026-04-25 21:00:00,27.9,70,22.7,1008.0,0.0
Karachi,2026-04-25 22:00:00,27.7,71,20.5,1008.0,0.0
Karachi,2026-04-25 23:00:00,27.5,72,20.2,1008.0,0.0
Islamabad,2026-04-19 00:00:00,20.4,72,4.0,1012.0,1.5
Islamabad,2026-04-19 01:00:00,19.7,70,20.9,1010.0,0.3
Islamabad,2026-04-19 02:00:00,19.0,70,15.8,1010.0,0.0
Islamabad,2026-04-19 03:00:00,18.7,70,18.0,1010.0,0.0
Islamabad,2026-04-19 04:00:00,18.7,65,22.3,1009.0,0.0
Islamabad,2026-04-19 05:00:00,18.0,63,18.7,1008.0,0.0
Islamabad,2026-04-19 06:00:00,18.1,62,19.1,1008.0,0.0
Islamabad,2026-04-19 07:00:00,19.5,60,16.9,1008.0,0.0
Islamabad,2026-04-19 08:00:00,22.8,52,11.9,1008.0,0.0
Islamabad,2026-04-19 09:00:00,24.6,47,6.8,1009.0,0.0
Islamabad,2026-04-19 10:00:00,25.1,45,4.7,1009.0,0.0
Islamabad,2026-04-19 11:00:00,26.0,42,4.0,1009.0,0.0
Islamabad,2026-04-19 12:00:00,27.0,39,2.2,1008.0,0.0
Islamabad,2026-04-19 13:00:00,28.1,35,5.4,1008.0,0.0
Islamabad,2026-04-19 14:00:00,29.3,30,5.8,1007.0,0.0
Islamabad,2026-04-19 15:00:00,29.8,30,5.4,1006.0,0.0
Islamabad,2026-04-19 16:00:00,29.8,30,6.5,1006.0,0.0
Islamabad,2026-04-19 17:00:00,28.8,34,11.9,1006.0,0.0
Islamabad,2026-04-19 18:00:00,25.3,42,14.4,1007.0,0.0
Islamabad,2026-04-19 19:00:00,21.8,46,10.4,1007.0,0.0
Islamabad,2026-04-19 20:00:00,20.9,47,13.0,1008.0,0.0
Islamabad,2026-04-19 21:00:00,20.3,46,13.0,1008.0,0.0
Islamabad,2026-04-19 22:00:00,19.7,44,12.2,1008.0,0.0
Islamabad,2026-04-19 23:00:00,19.2,44,11.5,1009.0,0.0
Islamabad,2026-04-20 00:00:00,20.5,43,11.2,1009.0,0.0
Islamabad,2026-04-20 01:00:00,20.1,43,8.6,1009.0,0.0
Islamabad,2026-04-20 02:00:00,19.6,44,7.2,1009.0,0.0
Islamabad,2026-04-20 03:00:00,19.4,44,7.9,1009.0,0.0
Islamabad,2026-04-20 04:00:00,19.1,44,8.3,1009.0,0.0
Islamabad,2026-04-20 05:00:00,18.8,44,8.6,1009.0,0.0
Islamabad,2026-04-20 06:00:00,18.9,44,9.0,1009.0,0.0
Islamabad,2026-04-20 07:00:00,22.1,42,7.6,1009.0,0.0
Islamabad,2026-04-20 08:00:00,25.9,34,5.4,1009.0,0.0
Islamabad,2026-04-20 09:00:00,27.8,31,6.5,1010.0,0.0
Islamabad,2026-04-20 10:00:00,29.5,28,7.2,1009.0,0.0
Islamabad,2026-04-20 11:00:00,30.9,25,8.3,1008.0,0.0
Islamabad,2026-04-20 12:00:00,32.0,23,11.2,1008.0,0.0
Islamabad,2026-04-20 13:00:00,32.4,22,12.2,1007.0,0.0
Islamabad,2026-04-20 14:00:00,32.6,22,13.7,1006.0,0.0
Islamabad,2026-04-20 15:00:00,32.3,22,15.5,1006.0,0.0
Islamabad,2026-04-20 16:00:00,31.6,24,17.3,1006.0,0.0
Islamabad,2026-04-20 17:00:00,30.4,28,16.6,1006.0,0.0
Islamabad,2026-04-20 18:00:00,27.3,35,11.5,1006.0,0.0
Islamabad,2026-04-20 19:00:00,24.7,36,10.1,1007.0,0.0
Islamabad,2026-04-20 20:00:00,24.1,37,9.4,1007.0,0.0
Islamabad,2026-04-20 21:00:00,23.1,39,10.8,1007.0,0.0
Islamabad,2026-04-20 22:00:00,22.2,42,10.4,1008.0,0.0
Islamabad,2026-04-20 23:00:00,21.7,42,9.7,1008.0,0.0
Islamabad,2026-04-21 00:00:00,21.5,38,9.0,1007.0,0.0
Islamabad,2026-04-21 01:00:00,21.0,38,9.4,1007.0,0.0
Islamabad,2026-04-21 02:00:00,20.4,38,8.6,1007.0,0.0
Islamabad,2026-04-21 03:00:00,20.1,37,8.6,1006.0,0.0
Islamabad,2026-04-21 04:00:00,19.8,36,8.6,1006.0,0.0
Islamabad,2026-04-21 05:00:00,19.4,36,7.9,1006.0,0.0
Islamabad,2026-04-21 06:00:00,19.4,37,7.2,1006.0,0.0
Islamabad,2026-04-21 07:00:00,22.5,34,6.1,1007.0,0.0
Islamabad,2026-04-21 08:00:00,26.4,28,7.6,1008.0,0.0
Islamabad,2026-04-21 09:00:00,28.9,23,9.0,1008.0,0.0
Islamabad,2026-04-21 10:00:00,31.0,20,7.2,1007.0,0.0
Islamabad,2026-04-21 11:00:00,32.6,18,7.6,1007.0,0.0
Islamabad,2026-04-21 12:00:00,33.9,16,10.1,1006.0,0.0
Islamabad,2026-04-21 13:00:00,34.5,15,11.5,1006.0,0.0
Islamabad,2026-04-21 14:00:00,34.8,15,13.3,1005.0,0.0
Islamabad,2026-04-21 15:00:00,34.6,15,16.2,1004.0,0.0
Islamabad,2026-04-21 16:00:00,34.1,16,18.4,1004.0,0.0
Islamabad,2026-04-21 17:00:00,33.0,18,19.1,1004.0,0.0
Islamabad,2026-04-21 18:00:00,29.7,24,11.9,1004.0,0.0
Islamabad,2026-04-21 19:00:00,26.2,25,9.7,1005.0,0.0
Islamabad,2026-04-21 20:00:00,25.3,26,8.3,1006.0,0.0
Islamabad,2026-04-21 21:00:00,24.7,26,8.6,1006.0,0.0
Islamabad,2026-04-21 22:00:00,24.1,27,9.0,1006.0,0.0
Islamabad,2026-04-21 23:00:00,23.5,28,9.0,1006.0,0.0
Islamabad,2026-04-22 00:00:00,23.8,30,8.3,1006.0,0.0
Islamabad,2026-04-22 01:00:00,23.4,30,8.3,1006.0,0.0
Islamabad,2026-04-22 02:00:00,23.3,30,8.3,1005.0,0.0
Islamabad,2026-04-22 03:00:00,22.6,31,7.9,1005.0,0.0
Islamabad,2026-04-22 04:00:00,21.8,32,6.8,1005.0,0.0
Islamabad,2026-04-22 05:00:00,21.2,33,6.5,1005.0,0.0
Islamabad,2026-04-22 06:00:00,21.2,35,6.5,1006.0,0.0
Islamabad,2026-04-22 07:00:00,24.5,33,6.5,1006.0,0.0
Islamabad,2026-04-22 08:00:00,28.5,26,5.4,1006.0,0.0
Islamabad,2026-04-22 09:00:00,30.8,23,4.7,1006.0,0.0
Islamabad,2026-04-22 10:00:00,32.6,21,8.3,1006.0,0.0
Islamabad,2026-04-22 11:00:00,33.9,19,9.4,1006.0,0.0
Islamabad,2026-04-22 12:00:00,34.8,17,9.4,1005.0,0.0
Islamabad,2026-04-22 13:00:00,35.6,16,12.2,1004.0,0.0
Islamabad,2026-04-22 14:00:00,35.7,16,14.4,1004.0,0.0
Islamabad,2026-04-22 15:00:00,35.4,17,13.7,1003.0,0.0
Islamabad,2026-04-22 16:00:00,35.0,17,13.0,1003.0,0.0
Islamabad,2026-04-22 17:00:00,34.2,19,10.4,1003.0,0.0
Islamabad,2026-04-22 18:00:00,31.0,25,9.0,1003.0,0.0
Islamabad,2026-04-22 19:00:00,27.5,26,6.5,1003.0,0.0
Islamabad,2026-04-22 20:00:00,26.7,27,6.1,1004.0,0.0
Islamabad,2026-04-22 21:00:00,26.0,28,7.6,1005.0,0.0
Islamabad,2026-04-22 22:00:00,25.5,29,8.6,1005.0,0.0
Islamabad,2026-04-22 23:00:00,25.0,30,9.0,1005.0,0.0
Islamabad,2026-04-23 00:00:00,24.5,33,9.7,1006.0,0.0
Islamabad,2026-04-23 01:00:00,24.2,33,10.4,1005.0,0.0
Islamabad,2026-04-23 02:00:00,23.9,34,10.8,1005.0,0.0
Islamabad,2026-04-23 03:00:00,23.7,34,10.8,1004.0,0.0
Islamabad,2026-04-23 04:00:00,23.3,35,10.8,1004.0,0.0
Islamabad,2026-04-23 05:00:00,22.7,35,9.4,1004.0,0.0
Islamabad,2026-04-23 06:00:00,22.5,37,9.0,1005.0,0.0
Islamabad,2026-04-23 07:00:00,24.7,38,8.6,1005.0,0.0
Islamabad,2026-04-23 08:00:00,28.5,32,7.9,1006.0,0.0
Islamabad,2026-04-23 09:00:00,29.9,31,10.1,1006.0,0.0
Islamabad,2026-04-23 10:00:00,32.2,27,10.4,1006.0,0.0
Islamabad,2026-04-23 11:00:00,34.0,24,13.0,1006.0,0.0
Islamabad,2026-04-23 12:00:00,35.1,22,14.4,1006.0,0.0
Islamabad,2026-04-23 13:00:00,35.6,22,15.5,1005.0,0.0
Islamabad,2026-04-23 14:00:00,35.7,21,15.8,1005.0,0.0
Islamabad,2026-04-23 15:00:00,35.6,21,16.9,1004.0,0.0
Islamabad,2026-04-23 16:00:00,34.9,22,16.6,1004.0,0.0
Islamabad,2026-04-23 17:00:00,33.9,25,13.3,1004.0,0.0
Islamabad,2026-04-23 18:00:00,30.9,31,9.7,1004.0,0.0
Islamabad,2026-04-23 19:00:00,28.5,32,8.6,1004.0,0.0
Islamabad,2026-04-23 20:00:00,27.8,32,10.1,1005.0,0.0
Islamabad,2026-04-23 21:00:00,27.2,34,9.7,1005.0,0.0
Islamabad,2026-04-23 22:00:00,26.3,35,9.7,1005.0,0.0
Islamabad,2026-04-23 23:00:00,25.7,37,9.4,1006.0,0.0
Islamabad,2026-04-24 00:00:00,24.2,41,11.9,1006.0,0.0
Islamabad,2026-04-24 01:00:00,23.9,42,17.3,1006.0,0.0
Islamabad,2026-04-24 02:00:00,23.3,44,13.3,1006.0,0.0
Islamabad,2026-04-24 03:00:00,22.9,44,9.7,1005.0,0.0
Islamabad,2026-04-24 04:00:00,22.6,45,10.8,1005.0,0.0
Islamabad,2026-04-24 05:00:00,21.8,47,10.8,1006.0,0.0
Islamabad,2026-04-24 06:00:00,21.5,49,10.1,1006.0,0.0
Islamabad,2026-04-24 07:00:00,24.5,45,11.2,1007.0,0.0
Islamabad,2026-04-24 08:00:00,27.8,38,11.2,1007.0,0.0
Islamabad,2026-04-24 09:00:00,29.7,33,9.4,1007.0,0.0
Islamabad,2026-04-24 10:00:00,32.1,28,8.3,1007.0,0.0
Islamabad,2026-04-24 11:00:00,33.9,25,9.7,1006.0,0.0
Islamabad,2026-04-24 12:00:00,35.2,23,11.5,1006.0,0.0
Islamabad,2026-04-24 13:00:00,36.0,21,14.4,1005.0,0.0
Islamabad,2026-04-24 14:00:00,36.3,20,14.8,1004.0,0.0
Islamabad,2026-04-24 15:00:00,36.4,20,14.8,1003.0,0.0
Islamabad,2026-04-24 16:00:00,35.7,21,16.2,1003.0,0.0
Islamabad,2026-04-24 17:00:00,34.3,25,14.4,1003.0,0.0
Islamabad,2026-04-24 18:00:00,31.3,31,12.6,1003.0,0.0
Islamabad,2026-04-24 19:00:00,27.9,34,9.4,1004.0,0.0
Islamabad,2026-04-24 20:00:00,27.4,35,10.4,1005.0,0.0
Islamabad,2026-04-24 21:00:00,26.9,36,11.5,1007.0,0.0
Islamabad,2026-04-24 22:00:00,27.4,36,18.7,1007.0,0.0
Islamabad,2026-04-24 23:00:00,26.6,40,19.8,1007.0,0.0
Islamabad,2026-04-25 00:00:00,21.3,60,7.9,1008.0,0.6
Islamabad,2026-04-25 01:00:00,20.6,62,7.9,1008.0,0.3
Islamabad,2026-04-25 02:00:00,20.6,60,7.2,1008.0,0.1
Islamabad,2026-04-25 03:00:00,19.8,64,6.5,1008.0,0.1
Islamabad,2026-04-25 04:00:00,19.9,62,8.6,1008.0,0.0
Islamabad,2026-04-25 05:00:00,20.1,60,8.6,1008.0,0.0
Islamabad,2026-04-25 06:00:00,20.5,57,9.0,1009.0,0.0
Islamabad,2026-04-25 07:00:00,23.7,51,8.3,1009.0,0.0
Islamabad,2026-04-25 08:00:00,26.9,41,7.6,1009.0,0.0
Islamabad,2026-04-25 09:00:00,29.4,34,6.8,1010.0,0.0
Islamabad,2026-04-25 10:00:00,31.4,30,6.1,1009.0,0.0
Islamabad,2026-04-25 11:00:00,33.2,26,9.4,1009.0,0.0
Islamabad,2026-04-25 12:00:00,34.3,24,9.7,1008.0,0.0
Islamabad,2026-04-25 13:00:00,35.1,23,10.8,1008.0,0.0
Islamabad,2026-04-25 14:00:00,35.5,21,10.8,1007.0,0.0
Islamabad,2026-04-25 15:00:00,35.7,20,12.6,1006.0,0.0
Islamabad,2026-04-25 16:00:00,35.3,20,16.2,1006.0,0.0
Islamabad,2026-04-25 17:00:00,34.3,22,18.0,1005.0,0.0
Islamabad,2026-04-25 18:00:00,31.9,28,15.5,1006.0,0.0
Islamabad,2026-04-25 19:00:00,27.7,31,12.6,1006.0,0.0
Islamabad,2026-04-25 20:00:00,26.7,32,10.4,1007.0,0.0
Islamabad,2026-04-25 21:00:00,26.1,33,9.4,1007.0,0.0
Islamabad,2026-04-25 22:00:00,25.3,34,7.9,1007.0,0.0
Islamabad,2026-04-25 23:00:00,24.7,36,8.3,1007.0,0.0
Sialkot,2026-04-19 00:00:00,25.7,38,13.0,1006.0,0.0
Sialkot,2026-04-19 01:00:00,25.5,43,20.9,1006.0,0.0
Sialkot,2026-04-19 02:00:00,24.3,51,22.0,1006.0,0.2
Sialkot,2026-04-19 03:00:00,24.7,48,33.8,1006.0,0.1
Sialkot,2026-04-19 04:00:00,24.3,48,33.5,1006.0,0.1
Sialkot,2026-04-19 05:00:00,23.2,50,30.2,1006.0,0.0
Sialkot,2026-04-19 06:00:00,22.9,51,18.7,1006.0,0.1
Sialkot,2026-04-19 07:00:00,23.8,50,15.8,1006.0,0.0
Sialkot,2026-04-19 08:00:00,25.6,46,16.6,1006.0,0.0
Sialkot,2026-04-19 09:00:00,28.8,35,16.9,1006.0,0.0
Sialkot,2026-04-19 10:00:00,30.8,30,14.0,1006.0,0.0
Sialkot,2026-04-19 11:00:00,32.6,25,11.2,1006.0,0.0
Sialkot,2026-04-19 12:00:00,33.9,22,9.4,1005.0,0.0
Sialkot,2026-04-19 13:00:00,35.4,19,8.3,1004.0,0.0
Sialkot,2026-04-19 14:00:00,34.3,21,21.6,1004.0,0.0
Sialkot,2026-04-19 15:00:00,27.5,39,29.9,1005.0,0.0
Sialkot,2026-04-19 16:00:00,28.3,35,17.6,1004.0,0.0
Sialkot,2026-04-19 17:00:00,28.5,34,16.2,1005.0,0.0
Sialkot,2026-04-19 18:00:00,27.1,38,18.0,1004.0,0.0
Sialkot,2026-04-19 19:00:00,25.2,42,7.2,1005.0,0.0
Sialkot,2026-04-19 20:00:00,24.7,42,7.2,1006.0,0.0
Sialkot,2026-04-19 21:00:00,22.9,47,11.5,1007.0,0.0
Sialkot,2026-04-19 22:00:00,22.3,49,9.4,1007.0,0.0
Sialkot,2026-04-19 23:00:00,22.8,47,12.2,1007.0,0.0
Sialkot,2026-04-20 00:00:00,23.4,42,10.8,1008.0,0.0
Sialkot,2026-04-20 01:00:00,23.1,42,10.1,1007.0,0.0
Sialkot,2026-04-20 02:00:00,22.6,41,9.7,1007.0,0.0
Sialkot,2026-04-20 03:00:00,22.1,40,11.9,1007.0,0.0
Sialkot,2026-04-20 04:00:00,22.0,40,11.5,1006.0,0.0
Sialkot,2026-04-20 05:00:00,21.7,42,11.2,1006.0,0.0
Sialkot,2026-04-20 06:00:00,21.9,42,10.8,1007.0,0.0
Sialkot,2026-04-20 07:00:00,24.8,36,9.7,1007.0,0.0
Sialkot,2026-04-20 08:00:00,28.4,28,10.8,1007.0,0.0
Sialkot,2026-04-20 09:00:00,31.5,23,11.2,1008.0,0.0
Sialkot,2026-04-20 10:00:00,33.9,20,11.5,1007.0,0.0
Sialkot,2026-04-20 11:00:00,36.0,17,13.3,1006.0,0.0
Sialkot,2026-04-20 12:00:00,37.3,14,14.4,1005.0,0.0
Sialkot,2026-04-20 13:00:00,38.1,12,15.5,1004.0,0.0
Sialkot,2026-04-20 14:00:00,38.3,12,18.7,1003.0,0.0
Sialkot,2026-04-20 15:00:00,38.1,11,21.6,1003.0,0.0
Sialkot,2026-04-20 16:00:00,37.3,12,22.0,1002.0,0.0
Sialkot,2026-04-20 17:00:00,36.3,13,22.0,1003.0,0.0
Sialkot,2026-04-20 18:00:00,33.9,16,18.4,1003.0,0.0
Sialkot,2026-04-20 19:00:00,30.6,20,16.9,1004.0,0.0
Sialkot,2026-04-20 20:00:00,28.8,23,14.4,1004.0,0.0
Sialkot,2026-04-20 21:00:00,27.8,26,14.0,1005.0,0.0
Sialkot,2026-04-20 22:00:00,27.3,29,12.6,1005.0,0.0
Sialkot,2026-04-20 23:00:00,26.6,30,11.9,1005.0,0.0
Sialkot,2026-04-21 00:00:00,25.2,29,12.2,1005.0,0.0
Sialkot,2026-04-21 01:00:00,24.4,29,11.2,1004.0,0.0
Sialkot,2026-04-21 02:00:00,23.8,30,8.3,1004.0,0.0
Sialkot,2026-04-21 03:00:00,23.0,32,7.9,1004.0,0.0
Sialkot,2026-04-21 04:00:00,22.7,34,5.0,1004.0,0.0
Sialkot,2026-04-21 05:00:00,22.3,35,5.8,1004.0,0.0
Sialkot,2026-04-21 06:00:00,22.5,36,6.5,1005.0,0.0
Sialkot,2026-04-21 07:00:00,25.4,31,5.0,1005.0,0.0
Sialkot,2026-04-21 08:00:00,28.7,26,4.3,1006.0,0.0
Sialkot,2026-04-21 09:00:00,31.5,21,6.1,1006.0,0.0
Sialkot,2026-04-21 10:00:00,34.3,18,5.0,1006.0,0.0
Sialkot,2026-04-21 11:00:00,36.6,15,3.2,1005.0,0.0
Sialkot,2026-04-21 12:00:00,37.9,12,4.3,1005.0,0.0
Sialkot,2026-04-21 13:00:00,38.3,11,6.5,1004.0,0.0
Sialkot,2026-04-21 14:00:00,38.5,10,9.4,1003.0,0.0
Sialkot,2026-04-21 15:00:00,38.6,9,11.2,1002.0,0.0
Sialkot,2026-04-21 16:00:00,38.4,9,11.2,1002.0,0.0
Sialkot,2026-04-21 17:00:00,37.6,10,12.6,1002.0,0.0
Sialkot,2026-04-21 18:00:00,34.3,13,10.4,1002.0,0.0
Sialkot,2026-04-21 19:00:00,31.4,15,10.4,1002.0,0.0
Sialkot,2026-04-21 20:00:00,29.9,17,13.3,1003.0,0.0
Sialkot,2026-04-21 21:00:00,28.7,19,13.3,1004.0,0.0
Sialkot,2026-04-21 22:00:00,27.7,21,12.2,1004.0,0.0
Sialkot,2026-04-21 23:00:00,26.9,23,10.8,1004.0,0.0
Sialkot,2026-04-22 00:00:00,26.8,22,9.0,1004.0,0.0
Sialkot,2026-04-22 01:00:00,26.1,24,9.0,1003.0,0.0
Sialkot,2026-04-22 02:00:00,25.9,25,7.6,1003.0,0.0
Sialkot,2026-04-22 03:00:00,25.4,27,7.2,1003.0,0.0
Sialkot,2026-04-22 04:00:00,24.4,29,5.0,1003.0,0.0
Sialkot,2026-04-22 05:00:00,23.7,31,4.7,1003.0,0.0
Sialkot,2026-04-22 06:00:00,24.0,32,4.3,1004.0,0.0
Sialkot,2026-04-22 07:00:00,27.1,27,4.3,1004.0,0.0
Sialkot,2026-04-22 08:00:00,30.2,23,4.7,1005.0,0.0
Sialkot,2026-04-22 09:00:00,33.1,19,4.3,1005.0,0.0
Sialkot,2026-04-22 10:00:00,35.6,16,0.7,1005.0,0.0
Sialkot,2026-04-22 11:00:00,37.4,14,3.6,1004.0,0.0
Sialkot,2026-04-22 12:00:00,38.2,12,7.6,1004.0,0.0
Sialkot,2026-04-22 13:00:00,39.0,10,9.4,1003.0,0.0
Sialkot,2026-04-22 14:00:00,39.8,10,11.2,1002.0,0.0
Sialkot,2026-04-22 15:00:00,40.0,9,11.9,1001.0,0.0
Sialkot,2026-04-22 16:00:00,39.7,10,12.2,1001.0,0.0
Sialkot,2026-04-22 17:00:00,39.0,11,12.2,1001.0,0.0
Sialkot,2026-04-22 18:00:00,35.6,15,8.6,1001.0,0.0
Sialkot,2026-04-22 19:00:00,32.8,16,7.9,1001.0,0.0
Sialkot,2026-04-22 20:00:00,31.6,18,8.6,1002.0,0.0
Sialkot,2026-04-22 21:00:00,30.5,19,10.8,1002.0,0.0
Sialkot,2026-04-22 22:00:00,29.5,21,11.2,1003.0,0.0
Sialkot,2026-04-22 23:00:00,28.6,22,10.8,1003.0,0.0
Sialkot,2026-04-23 00:00:00,27.5,29,10.4,1003.0,0.0
Sialkot,2026-04-23 01:00:00,26.9,31,10.1,1003.0,0.0
Sialkot,2026-04-23 02:00:00,26.3,32,9.0,1002.0,0.0
Sialkot,2026-04-23 03:00:00,25.9,32,7.6,1002.0,0.0
Sialkot,2026-04-23 04:00:00,25.2,33,2.9,1002.0,0.0
Sialkot,2026-04-23 05:00:00,24.8,34,1.4,1003.0,0.0
Sialkot,2026-04-23 06:00:00,25.3,34,3.6,1003.0,0.0
Sialkot,2026-04-23 07:00:00,28.0,30,7.2,1004.0,0.0
Sialkot,2026-04-23 08:00:00,31.0,25,6.5,1004.0,0.0
Sialkot,2026-04-23 09:00:00,33.7,21,4.0,1005.0,0.0
Sialkot,2026-04-23 10:00:00,36.2,18,4.0,1005.0,0.0
Sialkot,2026-04-23 11:00:00,37.9,16,7.6,1004.0,0.0
Sialkot,2026-04-23 12:00:00,39.4,14,10.4,1004.0,0.0
Sialkot,2026-04-23 13:00:00,40.6,13,12.2,1003.0,0.0
Sialkot,2026-04-23 14:00:00,41.3,12,14.0,1002.0,0.0
Sialkot,2026-04-23 15:00:00,41.0,13,15.8,1001.0,0.0
Sialkot,2026-04-23 16:00:00,40.5,13,16.9,1001.0,0.0
Sialkot,2026-04-23 17:00:00,39.6,14,15.8,1000.0,0.0
Sialkot,2026-04-23 18:00:00,36.7,18,12.2,1001.0,0.0
Sialkot,2026-04-23 19:00:00,33.9,21,15.1,1001.0,0.0
Sialkot,2026-04-23 20:00:00,32.3,24,15.1,1002.0,0.0
Sialkot,2026-04-23 21:00:00,31.3,26,13.3,1002.0,0.0
Sialkot,2026-04-23 22:00:00,30.6,27,11.5,1002.0,0.0
Sialkot,2026-04-23 23:00:00,29.9,28,11.2,1002.0,0.0
Sialkot,2026-04-24 00:00:00,29.8,26,10.8,1002.0,0.0
Sialkot,2026-04-24 01:00:00,28.9,29,8.6,1002.0,0.0
Sialkot,2026-04-24 02:00:00,28.2,31,11.5,1003.0,0.0
Sialkot,2026-04-24 03:00:00,28.1,32,11.2,1003.0,0.0
Sialkot,2026-04-24 04:00:00,28.7,32,11.2,1003.0,0.0
Sialkot,2026-04-24 05:00:00,28.8,31,12.2,1003.0,0.0
Sialkot,2026-04-24 06:00:00,28.0,32,9.7,1003.0,0.0
Sialkot,2026-04-24 07:00:00,30.6,27,7.6,1004.0,0.0
Sialkot,2026-04-24 08:00:00,34.1,21,5.0,1004.0,0.0
Sialkot,2026-04-24 09:00:00,37.1,17,2.2,1004.0,0.0
Sialkot,2026-04-24 10:00:00,39.5,15,4.7,1004.0,0.0
Sialkot,2026-04-24 11:00:00,40.6,13,10.1,1004.0,0.0
Sialkot,2026-04-24 12:00:00,41.6,12,15.8,1003.0,0.0
Sialkot,2026-04-24 13:00:00,41.9,12,21.2,1002.0,0.0
Sialkot,2026-04-24 14:00:00,41.7,12,21.2,1001.0,0.0
Sialkot,2026-04-24 15:00:00,41.7,12,18.7,1001.0,0.0
Sialkot,2026-04-24 16:00:00,41.4,12,17.6,1000.0,0.0
Sialkot,2026-04-24 17:00:00,40.7,12,18.0,1000.0,0.0
Sialkot,2026-04-24 18:00:00,38.4,14,15.8,1000.0,0.0
Sialkot,2026-04-24 19:00:00,34.6,17,14.0,1001.0,0.0
Sialkot,2026-04-24 20:00:00,33.7,19,14.4,1002.0,0.0
Sialkot,2026-04-24 21:00:00,32.4,22,14.0,1003.0,0.0
Sialkot,2026-04-24 22:00:00,30.9,25,14.0,1004.0,0.0
Sialkot,2026-04-24 23:00:00,29.8,27,11.9,1004.0,0.0
Sialkot,2026-04-25 00:00:00,28.1,37,22.7,1005.0,1.3
Sialkot,2026-04-25 01:00:00,27.1,45,21.6,1005.0,0.0
Sialkot,2026-04-25 02:00:00,26.7,47,11.2,1005.0,0.1
Sialkot,2026-04-25 03:00:00,26.0,50,12.2,1005.0,0.0
Sialkot,2026-04-25 04:00:00,25.6,49,8.6,1006.0,0.0
Sialkot,2026-04-25 05:00:00,25.7,46,10.1,1006.0,0.0
Sialkot,2026-04-25 06:00:00,26.2,44,9.0,1006.0,0.0
Sialkot,2026-04-25 07:00:00,28.5,38,13.0,1007.0,0.0
Sialkot,2026-04-25 08:00:00,32.1,28,15.5,1007.0,0.0
Sialkot,2026-04-25 09:00:00,34.8,23,11.5,1007.0,0.0
Sialkot,2026-04-25 10:00:00,37.3,19,10.4,1006.0,0.0
Sialkot,2026-04-25 11:00:00,39.8,16,4.3,1006.0,0.0
Sialkot,2026-04-25 12:00:00,41.3,14,1.4,1005.0,0.0
Sialkot,2026-04-25 13:00:00,41.4,14,6.5,1005.0,0.0
Sialkot,2026-04-25 14:00:00,41.3,13,10.8,1004.0,0.0
Sialkot,2026-04-25 15:00:00,41.7,13,14.8,1003.0,0.0
Sialkot,2026-04-25 16:00:00,41.2,13,19.4,1002.0,0.0
Sialkot,2026-04-25 17:00:00,40.2,14,21.2,1002.0,0.0
Sialkot,2026-04-25 18:00:00,38.3,16,19.1,1002.0,0.0
Sialkot,2026-04-25 19:00:00,34.5,20,13.3,1003.0,0.0
Sialkot,2026-04-25 20:00:00,32.8,22,13.0,1004.0,0.0
Sialkot,2026-04-25 21:00:00,32.0,23,12.6,1004.0,0.0
Sialkot,2026-04-25 22:00:00,30.9,25,12.2,1005.0,0.0
Sialkot,2026-04-25 23:00:00,29.4,29,12.6,1005.0,0.0
Peshawar,2026-04-19 00:00:00,21.5,70,7.9,1010.0,0.0
Peshawar,2026-04-19 01:00:00,20.9,69,6.8,1010.0,0.0
Peshawar,2026-04-19 02:00:00,20.4,69,7.2,1009.0,0.0
Peshawar,2026-04-19 03:00:00,20.1,69,2.9,1009.0,0.0
Peshawar,2026-04-19 04:00:00,20.1,69,2.2,1009.0,0.0
Peshawar,2026-04-19 05:00:00,19.9,70,3.6,1009.0,0.0
Peshawar,2026-04-19 06:00:00,19.9,70,4.7,1010.0,0.0
Peshawar,2026-04-19 07:00:00,20.5,67,6.8,1010.0,0.0
Peshawar,2026-04-19 08:00:00,21.7,61,5.0,1010.0,0.0
Peshawar,2026-04-19 09:00:00,22.9,56,4.3,1010.0,0.0
Peshawar,2026-04-19 10:00:00,24.5,50,3.6,1010.0,0.0
Peshawar,2026-04-19 11:00:00,26.1,47,4.0,1009.0,0.0
Peshawar,2026-04-19 12:00:00,27.4,43,1.8,1009.0,0.0
Peshawar,2026-04-19 13:00:00,28.5,40,1.1,1008.0,0.0
Peshawar,2026-04-19 14:00:00,29.3,37,0.4,1007.0,0.0
Peshawar,2026-04-19 15:00:00,29.7,36,2.5,1006.0,0.0
Peshawar,2026-04-19 16:00:00,29.8,36,2.5,1006.0,0.0
Peshawar,2026-04-19 17:00:00,29.6,36,4.3,1006.0,0.0
Peshawar,2026-04-19 18:00:00,28.9,40,4.3,1006.0,0.0
Peshawar,2026-04-19 19:00:00,27.0,44,1.1,1006.0,0.0
Peshawar,2026-04-19 20:00:00,26.3,46,2.9,1007.0,0.0
Peshawar,2026-04-19 21:00:00,25.5,47,3.2,1007.0,0.0
Peshawar,2026-04-19 22:00:00,24.5,50,4.0,1008.0,0.4
Peshawar,2026-04-19 23:00:00,23.1,55,4.0,1008.0,0.8
Peshawar,2026-04-20 00:00:00,24.0,45,4.0,1008.0,0.0
Peshawar,2026-04-20 01:00:00,23.3,47,5.0,1008.0,0.0
Peshawar,2026-04-20 02:00:00,22.6,50,4.7,1009.0,0.0
Peshawar,2026-04-20 03:00:00,22.0,52,4.7,1008.0,0.0
Peshawar,2026-04-20 04:00:00,21.6,53,4.3,1009.0,0.0
Peshawar,2026-04-20 05:00:00,21.2,54,2.5,1009.0,0.0
Peshawar,2026-04-20 06:00:00,21.3,55,2.2,1009.0,0.0
Peshawar,2026-04-20 07:00:00,23.7,49,2.2,1010.0,0.0
Peshawar,2026-04-20 08:00:00,25.1,44,2.5,1010.0,0.0
Peshawar,2026-04-20 09:00:00,26.4,41,4.0,1010.0,0.0
Peshawar,2026-04-20 10:00:00,27.8,38,5.8,1010.0,0.0
Peshawar,2026-04-20 11:00:00,29.3,35,4.3,1009.0,0.0
Peshawar,2026-04-20 12:00:00,30.6,31,3.2,1008.0,0.0
Peshawar,2026-04-20 13:00:00,31.6,28,2.2,1008.0,0.0
Peshawar,2026-04-20 14:00:00,32.3,26,1.4,1007.0,0.0
Peshawar,2026-04-20 15:00:00,32.6,24,2.5,1006.0,0.0
Peshawar,2026-04-20 16:00:00,32.5,23,2.9,1006.0,0.0
Peshawar,2026-04-20 17:00:00,27.0,48,34.2,1007.0,0.1
Peshawar,2026-04-20 18:00:00,25.7,41,19.1,1007.0,0.0
Peshawar,2026-04-20 19:00:00,24.9,43,13.7,1007.0,0.0
Peshawar,2026-04-20 20:00:00,24.7,43,10.1,1007.0,0.0
Peshawar,2026-04-20 21:00:00,24.5,42,7.2,1008.0,0.0
Peshawar,2026-04-20 22:00:00,24.3,41,4.3,1008.0,0.0
Peshawar,2026-04-20 23:00:00,24.0,41,2.2,1008.0,0.0
Peshawar,2026-04-21 00:00:00,24.6,37,3.2,1008.0,0.0
Peshawar,2026-04-21 01:00:00,23.9,38,0.7,1007.0,0.0
Peshawar,2026-04-21 02:00:00,23.3,40,1.8,1007.0,0.0
Peshawar,2026-04-21 03:00:00,22.5,41,4.3,1007.0,0.0
Peshawar,2026-04-21 04:00:00,21.7,42,3.2,1007.0,0.0
Peshawar,2026-04-21 05:00:00,21.3,42,2.9,1006.0,0.0
Peshawar,2026-04-21 06:00:00,21.3,43,3.2,1007.0,0.0
Peshawar,2026-04-21 07:00:00,24.1,40,1.1,1008.0,0.0
Peshawar,2026-04-21 08:00:00,25.9,34,2.9,1008.0,0.0
Peshawar,2026-04-21 09:00:00,27.5,32,3.6,1009.0,0.0
Peshawar,2026-04-21 10:00:00,29.3,29,4.7,1008.0,0.0
Peshawar,2026-04-21 11:00:00,30.8,27,3.6,1008.0,0.0
Peshawar,2026-04-21 12:00:00,32.2,24,3.2,1007.0,0.0
Peshawar,2026-04-21 13:00:00,33.6,22,2.2,1006.0,0.0
Peshawar,2026-04-21 14:00:00,34.5,20,2.9,1006.0,0.0
Peshawar,2026-04-21 15:00:00,34.9,19,6.1,1004.0,0.0
Peshawar,2026-04-21 16:00:00,35.0,18,6.1,1004.0,0.0
Peshawar,2026-04-21 17:00:00,34.9,18,5.0,1004.0,0.0
Peshawar,2026-04-21 18:00:00,33.6,22,5.0,1004.0,0.0
Peshawar,2026-04-21 19:00:00,30.2,24,2.9,1004.0,0.0
Peshawar,2026-04-21 20:00:00,29.3,24,1.8,1005.0,0.0
Peshawar,2026-04-21 21:00:00,28.7,25,1.4,1005.0,0.0
Peshawar,2026-04-21 22:00:00,28.0,25,3.6,1005.0,0.0
Peshawar,2026-04-21 23:00:00,27.3,26,2.2,1005.0,0.0
Peshawar,2026-04-22 00:00:00,26.8,34,1.4,1006.0,0.0
Peshawar,2026-04-22 01:00:00,25.8,36,2.9,1006.0,0.0
Peshawar,2026-04-22 02:00:00,24.8,37,3.2,1005.0,0.0
Peshawar,2026-04-22 03:00:00,24.1,38,3.6,1005.0,0.0
Peshawar,2026-04-22 04:00:00,23.5,38,1.8,1005.0,0.0
Peshawar,2026-04-22 05:00:00,23.1,38,2.5,1005.0,0.0
Peshawar,2026-04-22 06:00:00,22.9,40,2.9,1006.0,0.0
Peshawar,2026-04-22 07:00:00,25.7,38,2.2,1006.0,0.0
Peshawar,2026-04-22 08:00:00,27.4,32,3.2,1007.0,0.0
Peshawar,2026-04-22 09:00:00,29.0,30,4.0,1007.0,0.0
Peshawar,2026-04-22 10:00:00,30.7,27,5.0,1007.0,0.0
Peshawar,2026-04-22 11:00:00,32.1,25,2.9,1006.0,0.0
Peshawar,2026-04-22 12:00:00,33.6,22,2.5,1006.0,0.0
Peshawar,2026-04-22 13:00:00,34.7,19,1.8,1005.0,0.0
Peshawar,2026-04-22 14:00:00,35.5,17,3.2,1004.0,0.0
Peshawar,2026-04-22 15:00:00,35.7,16,5.0,1003.0,0.0
Peshawar,2026-04-22 16:00:00,35.7,16,5.4,1002.0,0.0
Peshawar,2026-04-22 17:00:00,35.4,18,5.0,1002.0,0.0
Peshawar,2026-04-22 18:00:00,33.6,22,6.1,1002.0,0.0
Peshawar,2026-04-22 19:00:00,31.0,24,6.1,1003.0,0.0
Peshawar,2026-04-22 20:00:00,29.0,28,5.8,1004.0,0.0
Peshawar,2026-04-22 21:00:00,28.2,32,5.8,1004.0,0.0
Peshawar,2026-04-22 22:00:00,27.3,37,12.6,1006.0,0.6
Peshawar,2026-04-22 23:00:00,26.9,40,6.5,1005.0,0.3
Peshawar,2026-04-23 00:00:00,28.1,40,1.1,1005.0,0.0
Peshawar,2026-04-23 01:00:00,27.3,41,6.8,1005.0,0.0
Peshawar,2026-04-23 02:00:00,26.8,44,7.2,1005.0,0.0
Peshawar,2026-04-23 03:00:00,26.2,47,8.6,1005.0,0.0
Peshawar,2026-04-23 04:00:00,25.6,49,7.2,1005.0,0.0
Peshawar,2026-04-23 05:00:00,24.9,50,5.8,1006.0,0.0
Peshawar,2026-04-23 06:00:00,24.7,51,5.4,1006.0,0.0
Peshawar,2026-04-23 07:00:00,26.7,48,4.0,1007.0,0.0
Peshawar,2026-04-23 08:00:00,28.4,42,5.0,1007.0,0.0
Peshawar,2026-04-23 09:00:00,29.9,38,6.5,1007.0,0.0
Peshawar,2026-04-23 10:00:00,31.5,33,7.6,1007.0,0.0
Peshawar,2026-04-23 11:00:00,32.9,29,8.3,1007.0,0.0
Peshawar,2026-04-23 12:00:00,34.1,26,8.3,1006.0,0.0
Peshawar,2026-04-23 13:00:00,35.0,23,7.2,1006.0,0.0
Peshawar,2026-04-23 14:00:00,35.7,22,5.8,1005.0,0.0
Peshawar,2026-04-23 15:00:00,35.9,22,5.8,1004.0,0.0
Peshawar,2026-04-23 16:00:00,35.6,23,6.5,1003.0,0.0
Peshawar,2026-04-23 17:00:00,34.4,27,9.4,1003.0,0.0
Peshawar,2026-04-23 18:00:00,32.9,30,10.8,1003.0,0.0
Peshawar,2026-04-23 19:00:00,30.6,32,10.8,1004.0,0.0
Peshawar,2026-04-23 20:00:00,29.9,33,9.0,1004.0,0.0
Peshawar,2026-04-23 21:00:00,29.0,36,10.1,1005.0,0.0
Peshawar,2026-04-23 22:00:00,28.1,39,8.6,1006.0,0.0
Peshawar,2026-04-23 23:00:00,27.1,43,9.0,1006.0,0.0
Peshawar,2026-04-24 00:00:00,23.6,65,18.0,1008.0,0.0
Peshawar,2026-04-24 01:00:00,24.4,63,11.9,1007.0,0.0
Peshawar,2026-04-24 02:00:00,24.0,64,11.5,1007.0,0.0
Peshawar,2026-04-24 03:00:00,23.5,64,11.2,1007.0,0.0
Peshawar,2026-04-24 04:00:00,23.1,63,8.6,1007.0,0.0
Peshawar,2026-04-24 05:00:00,23.0,61,7.9,1007.0,0.0
Peshawar,2026-04-24 06:00:00,23.0,59,6.8,1008.0,0.0
Peshawar,2026-04-24 07:00:00,25.0,53,5.4,1008.0,0.0
Peshawar,2026-04-24 08:00:00,26.8,44,4.3,1008.0,0.0
Peshawar,2026-04-24 09:00:00,28.8,38,5.0,1009.0,0.0
Peshawar,2026-04-24 10:00:00,30.5,34,6.5,1008.0,0.0
Peshawar,2026-04-24 11:00:00,32.4,30,7.2,1008.0,0.0
Peshawar,2026-04-24 12:00:00,33.7,26,6.1,1007.0,0.0
Peshawar,2026-04-24 13:00:00,34.6,25,4.0,1006.0,0.0
Peshawar,2026-04-24 14:00:00,35.4,23,1.8,1005.0,0.0
Peshawar,2026-04-24 15:00:00,35.7,22,2.5,1003.0,0.0
Peshawar,2026-04-24 16:00:00,34.3,25,3.2,1003.0,0.0
Peshawar,2026-04-24 17:00:00,35.1,24,2.9,1002.0,0.0
Peshawar,2026-04-24 18:00:00,32.2,32,2.2,1003.0,0.0
Peshawar,2026-04-24 19:00:00,31.3,34,14.8,1004.0,0.0
Peshawar,2026-04-24 20:00:00,28.0,46,16.6,1007.0,0.0
Peshawar,2026-04-24 21:00:00,25.9,53,18.0,1008.0,0.4
Peshawar,2026-04-24 22:00:00,25.5,53,9.4,1009.0,0.0
Peshawar,2026-04-24 23:00:00,25.4,54,7.6,1010.0,0.9
Peshawar,2026-04-25 00:00:00,23.8,56,4.3,1009.0,0.0
Peshawar,2026-04-25 01:00:00,23.6,56,2.9,1008.0,0.0
Peshawar,2026-04-25 02:00:00,23.2,56,1.8,1008.0,0.0
Peshawar,2026-04-25 03:00:00,22.9,56,1.8,1008.0,0.0
Peshawar,2026-04-25 04:00:00,22.5,58,3.2,1009.0,0.0
Peshawar,2026-04-25 05:00:00,22.3,58,2.2,1009.0,0.0
Peshawar,2026-04-25 06:00:00,22.7,57,1.4,1009.0,0.0
Peshawar,2026-04-25 07:00:00,24.9,51,1.4,1010.0,0.0
Peshawar,2026-04-25 08:00:00,26.5,46,2.2,1010.0,0.0
Peshawar,2026-04-25 09:00:00,28.2,41,4.0,1010.0,0.0
Peshawar,2026-04-25 10:00:00,30.0,36,3.2,1010.0,0.0
Peshawar,2026-04-25 11:00:00,31.8,31,3.2,1010.0,0.0
Peshawar,2026-04-25 12:00:00,33.3,27,3.2,1009.0,0.0
Peshawar,2026-04-25 13:00:00,34.5,24,5.4,1008.0,0.0
Peshawar,2026-04-25 14:00:00,35.3,22,6.8,1007.0,0.0
Peshawar,2026-04-25 15:00:00,35.7,20,6.8,1006.0,0.0
Peshawar,2026-04-25 16:00:00,35.8,20,7.6,1006.0,0.0
Peshawar,2026-04-25 17:00:00,35.5,20,7.6,1005.0,0.0
Peshawar,2026-04-25 18:00:00,34.4,24,6.8,1005.0,0.0
Peshawar,2026-04-25 19:00:00,31.5,26,5.4,1006.0,0.0
Peshawar,2026-04-25 20:00:00,30.6,28,6.1,1006.0,0.0
Peshawar,2026-04-25 21:00:00,29.8,29,6.8,1006.0,0.0
Peshawar,2026-04-25 22:00:00,29.1,31,7.6,1006.0,0.0
Peshawar,2026-04-25 23:00:00,28.4,32,6.5,1006.0,0.0
Swat,2026-04-19 00:00:00,28.5,67,10.4,1008.0,0.0
Swat,2026-04-19 01:00:00,28.2,69,9.4,1007.0,0.0
Swat,2026-04-19 02:00:00,27.9,71,10.4,1006.0,0.0
Swat,2026-04-19 03:00:00,27.5,73,8.3,1006.0,0.0
Swat,2026-04-19 04:00:00,27.2,74,9.4,1007.0,0.0
Swat,2026-04-19 05:00:00,26.9,75,8.3,1007.0,0.0
Swat,2026-04-19 06:00:00,26.8,75,5.8,1008.0,0.0
Swat,2026-04-19 07:00:00,28.3,69,6.5,1009.0,0.0
Swat,2026-04-19 08:00:00,30.4,60,6.1,1010.0,0.0
Swat,2026-04-19 09:00:00,32.6,52,5.4,1010.0,0.0
Swat,2026-04-19 10:00:00,34.7,44,6.5,1010.0,0.0
Swat,2026-04-19 11:00:00,36.5,39,8.3,1009.0,0.0
Swat,2026-04-19 12:00:00,38.0,35,9.0,1008.0,0.1
Swat,2026-04-19 13:00:00,36.8,37,8.6,1006.0,0.2
Swat,2026-04-19 14:00:00,35.7,40,8.6,1006.0,0.0
Swat,2026-04-19 15:00:00,34.3,44,13.3,1005.0,0.1
Swat,2026-04-19 16:00:00,32.5,52,13.0,1004.0,0.1
Swat,2026-04-19 17:00:00,30.1,64,17.3,1005.0,2.7
Swat,2026-04-19 18:00:00,27.1,80,20.2,1006.0,1.9
Swat,2026-04-19 19:00:00,25.8,87,19.4,1008.0,1.8
Swat,2026-04-19 20:00:00,25.6,83,12.6,1008.0,1.2
Swat,2026-04-19 21:00:00,25.3,83,7.9,1009.0,1.5
Swat,2026-04-19 22:00:00,25.6,79,9.0,1009.0,0.0
Swat,2026-04-19 23:00:00,25.6,79,6.1,1010.0,0.0
Swat,2026-04-20 00:00:00,26.4,80,9.4,1009.0,0.0
Swat,2026-04-20 01:00:00,26.3,80,7.6,1008.0,0.0
Swat,2026-04-20 02:00:00,26.2,81,8.3,1007.0,0.0
Swat,2026-04-20 03:00:00,26.1,82,7.9,1007.0,0.0
Swat,2026-04-20 04:00:00,26.0,82,7.9,1007.0,0.0
Swat,2026-04-20 05:00:00,25.9,83,5.4,1008.0,0.0
Swat,2026-04-20 06:00:00,25.5,85,1.8,1009.0,0.6
Swat,2026-04-20 07:00:00,26.8,79,3.6,1010.0,0.0
Swat,2026-04-20 08:00:00,29.0,70,5.8,1011.0,0.0
Swat,2026-04-20 09:00:00,31.2,59,8.6,1011.0,0.0
Swat,2026-04-20 10:00:00,33.3,50,9.4,1011.0,0.0
Swat,2026-04-20 11:00:00,35.1,44,11.2,1010.0,0.0
Swat,2026-04-20 12:00:00,35.9,40,12.2,1009.0,0.2
Swat,2026-04-20 13:00:00,35.9,39,12.6,1007.0,0.1
Swat,2026-04-20 14:00:00,36.2,38,15.8,1006.0,0.0
Swat,2026-04-20 15:00:00,34.9,42,17.3,1005.0,0.0
Swat,2026-04-20 16:00:00,33.3,47,11.2,1005.0,0.1
Swat,2026-04-20 17:00:00,30.2,61,12.2,1005.0,0.2
Swat,2026-04-20 18:00:00,28.3,72,14.0,1006.0,0.6
Swat,2026-04-20 19:00:00,27.5,75,10.4,1007.0,0.5
Swat,2026-04-20 20:00:00,26.8,79,10.4,1008.0,0.0
Swat,2026-04-20 21:00:00,26.7,79,9.7,1008.0,0.0
Swat,2026-04-20 22:00:00,26.9,78,7.6,1009.0,0.0
Swat,2026-04-20 23:00:00,26.8,77,6.1,1008.0,0.0
Swat,2026-04-21 00:00:00,26.6,78,6.1,1008.0,0.0
Swat,2026-04-21 01:00:00,26.4,79,6.8,1008.0,0.0
Swat,2026-04-21 02:00:00,26.1,80,7.9,1007.0,0.0
Swat,2026-04-21 03:00:00,25.9,80,8.6,1007.0,0.0
Swat,2026-04-21 04:00:00,25.7,82,8.3,1007.0,0.0
Swat,2026-04-21 05:00:00,25.5,83,8.3,1008.0,0.0
Swat,2026-04-21 06:00:00,25.4,84,7.9,1008.0,0.0
Swat,2026-04-21 07:00:00,26.7,77,7.9,1009.0,0.0
Swat,2026-04-21 08:00:00,28.8,66,8.6,1010.0,0.0
Swat,2026-04-21 09:00:00,30.8,57,7.9,1010.0,0.0
Swat,2026-04-21 10:00:00,32.7,50,6.8,1010.0,0.0
Swat,2026-04-21 11:00:00,34.5,44,5.4,1010.0,0.0
Swat,2026-04-21 12:00:00,35.8,40,5.0,1008.0,0.0
Swat,2026-04-21 13:00:00,36.6,38,4.7,1007.0,0.0
Swat,2026-04-21 14:00:00,35.7,39,11.2,1006.0,0.3
Swat,2026-04-21 15:00:00,33.9,45,15.5,1005.0,0.0
Swat,2026-04-21 16:00:00,33.1,48,14.4,1005.0,0.0
Swat,2026-04-21 17:00:00,33.0,48,17.6,1005.0,0.0
Swat,2026-04-21 18:00:00,31.8,52,16.9,1006.0,0.0
Swat,2026-04-21 19:00:00,30.4,57,16.2,1007.0,0.0
Swat,2026-04-21 20:00:00,29.1,62,14.0,1008.0,0.0
Swat,2026-04-21 21:00:00,28.3,66,13.0,1008.0,0.0
Swat,2026-04-21 22:00:00,27.9,68,12.2,1008.0,0.0
Swat,2026-04-21 23:00:00,27.6,70,9.7,1008.0,0.0
Swat,2026-04-22 00:00:00,27.1,74,12.2,1007.0,0.0
Swat,2026-04-22 01:00:00,27.1,74,12.2,1006.0,0.0
Swat,2026-04-22 02:00:00,26.9,73,11.9,1005.0,0.0
Swat,2026-04-22 03:00:00,26.6,74,11.9,1005.0,0.0
Swat,2026-04-22 04:00:00,26.3,76,10.1,1006.0,0.0
Swat,2026-04-22 05:00:00,26.1,78,6.1,1007.0,0.0
Swat,2026-04-22 06:00:00,26.0,79,3.6,1007.0,0.0
Swat,2026-04-22 07:00:00,27.5,74,6.8,1008.0,0.0
Swat,2026-04-22 08:00:00,29.6,65,9.7,1009.0,0.0
Swat,2026-04-22 09:00:00,31.9,56,10.1,1010.0,0.0
Swat,2026-04-22 10:00:00,33.9,48,9.4,1009.0,0.0
Swat,2026-04-22 11:00:00,35.9,42,7.6,1008.0,0.0
Swat,2026-04-22 12:00:00,37.4,37,6.8,1007.0,0.0
Swat,2026-04-22 13:00:00,37.6,36,8.6,1006.0,0.1
Swat,2026-04-22 14:00:00,36.0,39,16.2,1004.0,0.1
Swat,2026-04-22 15:00:00,33.6,48,16.9,1004.0,0.0
Swat,2026-04-22 16:00:00,34.8,44,16.2,1004.0,0.0
Swat,2026-04-22 17:00:00,34.3,46,18.0,1004.0,0.0
Swat,2026-04-22 18:00:00,32.6,52,18.0,1004.0,0.0
Swat,2026-04-22 19:00:00,30.7,60,20.5,1005.0,0.0
Swat,2026-04-22 20:00:00,29.5,66,17.6,1006.0,0.0
Swat,2026-04-22 21:00:00,28.9,68,14.8,1007.0,0.0
Swat,2026-04-22 22:00:00,28.4,70,13.3,1007.0,0.0
Swat,2026-04-22 23:00:00,28.0,71,13.3,1007.0,0.0
Swat,2026-04-23 00:00:00,27.9,71,15.5,1006.0,0.0
Swat,2026-04-23 01:00:00,27.6,72,14.4,1005.0,0.0
Swat,2026-04-23 02:00:00,27.2,74,13.3,1005.0,0.0
Swat,2026-04-23 03:00:00,27.0,75,11.5,1005.0,0.0
Swat,2026-04-23 04:00:00,26.9,76,10.4,1006.0,0.0
Swat,2026-04-23 05:00:00,26.8,77,10.4,1006.0,0.0
Swat,2026-04-23 06:00:00,26.8,77,12.2,1007.0,0.0
Swat,2026-04-23 07:00:00,28.2,71,14.8,1008.0,0.0
Swat,2026-04-23 08:00:00,30.4,61,14.0,1009.0,0.0
Swat,2026-04-23 09:00:00,32.6,52,12.6,1009.0,0.0
Swat,2026-04-23 10:00:00,34.7,45,10.8,1009.0,0.0
Swat,2026-04-23 11:00:00,36.5,40,9.7,1008.0,0.0
Swat,2026-04-23 12:00:00,38.0,35,9.4,1006.0,0.0
Swat,2026-04-23 13:00:00,39.2,31,8.3,1005.0,0.0
Swat,2026-04-23 14:00:00,38.9,31,8.6,1003.0,0.2
Swat,2026-04-23 15:00:00,36.3,37,19.8,1003.0,0.0
Swat,2026-04-23 16:00:00,34.2,44,22.0,1003.0,0.0
Swat,2026-04-23 17:00:00,33.9,44,23.4,1003.0,0.0
Swat,2026-04-23 18:00:00,32.3,48,20.9,1004.0,0.0
Swat,2026-04-23 19:00:00,30.3,55,18.0,1005.0,0.1
Swat,2026-04-23 20:00:00,29.4,58,16.2,1006.0,0.0
Swat,2026-04-23 21:00:00,28.8,61,13.7,1007.0,0.0
Swat,2026-04-23 22:00:00,28.3,64,13.7,1008.0,0.0
Swat,2026-04-23 23:00:00,28.0,65,14.8,1007.0,0.0
Swat,2026-04-24 00:00:00,27.6,72,15.1,1007.0,0.0
Swat,2026-04-24 01:00:00,27.4,73,11.9,1006.0,0.0
Swat,2026-04-24 02:00:00,27.1,74,9.4,1006.0,0.0
Swat,2026-04-24 03:00:00,26.9,74,8.6,1006.0,0.0
Swat,2026-04-24 04:00:00,26.6,74,8.6,1006.0,0.0
Swat,2026-04-24 05:00:00,26.3,75,8.3,1007.0,0.0
Swat,2026-04-24 06:00:00,25.6,78,6.8,1008.0,0.0
Swat,2026-04-24 07:00:00,27.3,69,6.8,1009.0,0.0
Swat,2026-04-24 08:00:00,29.8,56,7.9,1010.0,0.0
Swat,2026-04-24 09:00:00,32.1,46,9.4,1010.0,0.0
Swat,2026-04-24 10:00:00,34.2,39,10.8,1010.0,0.0
Swat,2026-04-24 11:00:00,36.1,34,10.1,1009.0,0.0
Swat,2026-04-24 12:00:00,37.8,30,9.4,1008.0,0.0
Swat,2026-04-24 13:00:00,39.2,27,7.9,1006.0,0.0
Swat,2026-04-24 14:00:00,40.1,25,6.1,1005.0,0.0
Swat,2026-04-24 15:00:00,40.4,24,5.4,1004.0,0.0
Swat,2026-04-24 16:00:00,40.0,24,6.5,1003.0,0.0
Swat,2026-04-24 17:00:00,38.7,26,9.0,1002.0,0.0
Swat,2026-04-24 18:00:00,35.4,34,7.2,1004.0,0.0
Swat,2026-04-24 19:00:00,32.0,47,17.3,1005.0,0.0
Swat,2026-04-24 20:00:00,30.3,54,19.1,1006.0,0.0
Swat,2026-04-24 21:00:00,29.2,59,17.3,1007.0,0.0
Swat,2026-04-24 22:00:00,28.6,61,15.1,1008.0,0.0
Swat,2026-04-24 23:00:00,28.1,63,11.2,1009.0,0.0
Swat,2026-04-25 00:00:00,27.7,67,11.5,1008.0,0.0
Swat,2026-04-25 01:00:00,27.4,69,7.6,1007.0,0.0
Swat,2026-04-25 02:00:00,27.2,70,7.2,1007.0,0.0
Swat,2026-04-25 03:00:00,27.0,71,8.6,1008.0,0.0
Swat,2026-04-25 04:00:00,26.6,72,8.3,1008.0,0.0
Swat,2026-04-25 05:00:00,26.4,74,6.1,1009.0,0.0
Swat,2026-04-25 06:00:00,26.3,74,2.9,1010.0,0.0
Swat,2026-04-25 07:00:00,28.0,67,4.7,1010.0,0.0
Swat,2026-04-25 08:00:00,30.2,58,6.1,1011.0,0.0
Swat,2026-04-25 09:00:00,32.4,50,6.8,1012.0,0.0
Swat,2026-04-25 10:00:00,34.6,44,5.8,1011.0,0.0
Swat,2026-04-25 11:00:00,37.0,38,2.5,1011.0,0.0
Swat,2026-04-25 12:00:00,38.4,35,2.2,1009.0,0.0
Swat,2026-04-25 13:00:00,38.4,34,4.0,1008.0,0.2
Swat,2026-04-25 14:00:00,37.0,35,4.3,1007.0,0.1
Swat,2026-04-25 15:00:00,37.0,35,5.0,1006.0,0.0
Swat,2026-04-25 16:00:00,36.7,37,10.4,1006.0,0.0
Swat,2026-04-25 17:00:00,35.5,41,14.0,1006.0,0.0
Swat,2026-04-25 18:00:00,33.7,47,16.2,1006.0,0.0
Swat,2026-04-25 19:00:00,31.1,57,15.5,1007.0,0.0
Swat,2026-04-25 20:00:00,30.2,62,13.7,1008.0,0.0
Swat,2026-04-25 21:00:00,29.4,66,14.0,1008.0,0.0
Swat,2026-04-25 22:00:00,28.8,68,14.0,1009.0,0.0
Swat,2026-04-25 23:00:00,28.4,70,14.0,1009.0,0.0
Murree,2026-04-19 00:00:00,14.2,89,4.7,1014.0,1.6
Murree,2026-04-19 01:00:00,14.4,88,7.6,1014.0,1.4
Murree,2026-04-19 02:00:00,13.9,89,19.1,1013.0,0.6
Murree,2026-04-19 03:00:00,12.3,90,16.6,1014.0,0.0
Murree,2026-04-19 04:00:00,10.7,87,16.2,1013.0,0.0
Murree,2026-04-19 05:00:00,10.0,84,17.3,1013.0,0.2
Murree,2026-04-19 06:00:00,10.4,82,15.5,1013.0,0.0
Murree,2026-04-19 07:00:00,12.0,79,14.4,1012.0,0.1
Murree,2026-04-19 08:00:00,16.2,70,13.3,1012.0,0.0
Murree,2026-04-19 09:00:00,17.6,66,13.0,1012.0,0.0
Murree,2026-04-19 10:00:00,19.7,58,11.2,1012.0,0.0
Murree,2026-04-19 11:00:00,21.0,54,12.2,1011.0,0.0
Murree,2026-04-19 12:00:00,21.3,52,12.6,1011.0,0.0
Murree,2026-04-19 13:00:00,22.0,48,9.7,1010.0,0.0
Murree,2026-04-19 14:00:00,22.5,44,8.6,1010.0,0.0
Murree,2026-04-19 15:00:00,22.8,44,11.2,1009.0,0.0
Murree,2026-04-19 16:00:00,22.5,44,11.2,1009.0,0.0
Murree,2026-04-19 17:00:00,21.6,51,10.8,1009.0,0.0
Murree,2026-04-19 18:00:00,18.0,62,10.8,1010.0,0.0
Murree,2026-04-19 19:00:00,14.4,65,12.6,1011.0,0.1
Murree,2026-04-19 20:00:00,13.5,67,14.4,1012.0,0.0
Murree,2026-04-19 21:00:00,12.8,67,14.0,1012.0,0.0
Murree,2026-04-19 22:00:00,12.0,68,13.7,1012.0,0.0
Murree,2026-04-19 23:00:00,11.4,67,14.4,1013.0,0.0
Murree,2026-04-20 00:00:00,12.8,64,13.7,1013.0,0.0
Murree,2026-04-20 01:00:00,12.6,62,13.3,1013.0,0.0
Murree,2026-04-20 02:00:00,12.5,60,13.0,1013.0,0.0
Murree,2026-04-20 03:00:00,12.4,58,13.0,1012.0,0.0
Murree,2026-04-20 04:00:00,12.2,58,12.6,1012.0,0.0
Murree,2026-04-20 05:00:00,12.1,57,12.6,1012.0,0.0
Murree,2026-04-20 06:00:00,12.1,60,12.6,1013.0,0.0
Murree,2026-04-20 07:00:00,14.3,61,11.5,1013.0,0.0
Murree,2026-04-20 08:00:00,19.2,50,10.1,1012.0,0.0
Murree,2026-04-20 09:00:00,21.8,43,7.6,1012.0,0.0
Murree,2026-04-20 10:00:00,23.7,38,4.7,1012.0,0.0
Murree,2026-04-20 11:00:00,25.3,33,2.2,1011.0,0.0
Murree,2026-04-20 12:00:00,26.2,30,2.5,1010.0,0.0
Murree,2026-04-20 13:00:00,26.7,29,5.0,1009.0,0.0
Murree,2026-04-20 14:00:00,26.7,29,6.8,1008.0,0.0
Murree,2026-04-20 15:00:00,26.1,30,9.0,1008.0,0.0
Murree,2026-04-20 16:00:00,25.3,34,9.7,1008.0,0.0
Murree,2026-04-20 17:00:00,24.1,44,6.5,1008.0,0.0
Murree,2026-04-20 18:00:00,20.2,54,2.9,1009.0,0.0
Murree,2026-04-20 19:00:00,17.4,54,6.1,1010.0,0.0
Murree,2026-04-20 20:00:00,16.5,54,8.6,1011.0,0.0
Murree,2026-04-20 21:00:00,15.9,53,8.6,1011.0,0.0
Murree,2026-04-20 22:00:00,15.3,53,9.7,1012.0,0.0
Murree,2026-04-20 23:00:00,14.9,52,10.8,1012.0,0.0
Murree,2026-04-21 00:00:00,14.4,47,11.9,1011.0,0.0
Murree,2026-04-21 01:00:00,14.0,47,11.2,1012.0,0.0
Murree,2026-04-21 02:00:00,13.7,46,12.6,1011.0,0.0
Murree,2026-04-21 03:00:00,13.5,46,12.6,1011.0,0.0
Murree,2026-04-21 04:00:00,13.4,45,13.3,1010.0,0.0
Murree,2026-04-21 05:00:00,13.1,45,13.3,1010.0,0.0
Murree,2026-04-21 06:00:00,12.9,49,13.7,1010.0,0.0
Murree,2026-04-21 07:00:00,15.2,51,11.5,1011.0,0.0
Murree,2026-04-21 08:00:00,20.5,42,9.7,1011.0,0.0
Murree,2026-04-21 09:00:00,23.1,35,7.9,1010.0,0.0
Murree,2026-04-21 10:00:00,25.1,30,6.5,1010.0,0.0
Murree,2026-04-21 11:00:00,26.7,26,4.7,1009.0,0.0
Murree,2026-04-21 12:00:00,27.7,23,3.6,1009.0,0.0
Murree,2026-04-21 13:00:00,28.2,22,5.4,1008.0,0.0
Murree,2026-04-21 14:00:00,28.2,22,6.5,1008.0,0.0
Murree,2026-04-21 15:00:00,27.9,23,7.2,1007.0,0.0
Murree,2026-04-21 16:00:00,27.6,24,6.8,1007.0,0.0
Murree,2026-04-21 17:00:00,26.6,32,7.9,1007.0,0.0
Murree,2026-04-21 18:00:00,21.7,42,4.0,1008.0,0.0
Murree,2026-04-21 19:00:00,19.1,40,4.3,1008.0,0.0
Murree,2026-04-21 20:00:00,18.4,39,5.0,1009.0,0.0
Murree,2026-04-21 21:00:00,17.9,39,6.8,1010.0,0.0
Murree,2026-04-21 22:00:00,17.2,40,9.4,1010.0,0.0
Murree,2026-04-21 23:00:00,16.6,42,10.4,1010.0,0.0
Murree,2026-04-22 00:00:00,17.8,40,9.0,1010.0,0.0
Murree,2026-04-22 01:00:00,17.1,41,9.7,1010.0,0.0
Murree,2026-04-22 02:00:00,16.7,42,9.7,1009.0,0.0
Murree,2026-04-22 03:00:00,16.4,43,11.5,1009.0,0.0
Murree,2026-04-22 04:00:00,16.1,43,11.9,1009.0,0.0
Murree,2026-04-22 05:00:00,15.9,43,11.5,1009.0,0.0
Murree,2026-04-22 06:00:00,15.6,46,11.5,1009.0,0.0
Murree,2026-04-22 07:00:00,17.7,48,10.1,1010.0,0.0
Murree,2026-04-22 08:00:00,22.3,41,8.6,1009.0,0.0
Murree,2026-04-22 09:00:00,24.9,33,6.5,1009.0,0.0
Murree,2026-04-22 10:00:00,27.0,28,3.2,1009.0,0.0
Murree,2026-04-22 11:00:00,28.4,26,4.0,1008.0,0.0
Murree,2026-04-22 12:00:00,29.3,24,5.4,1008.0,0.0
Murree,2026-04-22 13:00:00,29.5,24,7.6,1007.0,0.0
Murree,2026-04-22 14:00:00,29.4,24,10.1,1006.0,0.0
Murree,2026-04-22 15:00:00,29.2,25,9.4,1006.0,0.0
Murree,2026-04-22 16:00:00,28.6,26,8.6,1006.0,0.0
Murree,2026-04-22 17:00:00,27.7,32,6.5,1006.0,0.0
Murree,2026-04-22 18:00:00,23.2,42,4.0,1006.0,0.0
Murree,2026-04-22 19:00:00,20.6,40,4.3,1007.0,0.0
Murree,2026-04-22 20:00:00,19.7,40,6.1,1008.0,0.0
Murree,2026-04-22 21:00:00,19.4,41,6.5,1009.0,0.0
Murree,2026-04-22 22:00:00,19.0,42,7.2,1009.0,0.0
Murree,2026-04-22 23:00:00,18.6,42,8.3,1009.0,0.0
Murree,2026-04-23 00:00:00,18.0,45,9.0,1010.0,0.0
Murree,2026-04-23 01:00:00,17.6,45,8.6,1010.0,0.0
Murree,2026-04-23 02:00:00,17.8,44,13.7,1010.0,0.0
Murree,2026-04-23 03:00:00,17.6,45,15.5,1009.0,0.0
Murree,2026-04-23 04:00:00,17.7,44,12.2,1009.0,0.0
Murree,2026-04-23 05:00:00,17.1,45,10.8,1009.0,0.0
Murree,2026-04-23 06:00:00,17.0,48,11.9,1009.0,0.0
Murree,2026-04-23 07:00:00,19.2,50,7.9,1009.0,0.0
Murree,2026-04-23 08:00:00,23.6,42,5.8,1009.0,0.0
Murree,2026-04-23 09:00:00,26.1,36,3.6,1009.0,0.0
Murree,2026-04-23 10:00:00,27.8,33,1.8,1009.0,0.0
Murree,2026-04-23 11:00:00,28.9,31,7.2,1008.0,0.0
Murree,2026-04-23 12:00:00,29.2,30,10.4,1008.0,0.0
Murree,2026-04-23 13:00:00,29.2,31,11.5,1008.0,0.0
Murree,2026-04-23 14:00:00,29.3,31,11.9,1007.0,0.0
Murree,2026-04-23 15:00:00,28.9,32,11.9,1007.0,0.0
Murree,2026-04-23 16:00:00,28.1,35,10.1,1007.0,0.0
Murree,2026-04-23 17:00:00,26.9,43,6.5,1007.0,0.0
Murree,2026-04-23 18:00:00,23.6,51,1.4,1007.0,0.0
Murree,2026-04-23 19:00:00,20.6,51,4.3,1007.0,0.0
Murree,2026-04-23 20:00:00,20.0,52,2.5,1009.0,0.0
Murree,2026-04-23 21:00:00,19.6,52,7.6,1009.0,0.0
Murree,2026-04-23 22:00:00,18.8,55,9.7,1010.0,0.0
Murree,2026-04-23 23:00:00,18.1,57,10.4,1010.0,0.0
Murree,2026-04-24 00:00:00,17.3,58,9.0,1010.0,0.3
Murree,2026-04-24 01:00:00,16.8,59,6.8,1010.0,0.1
Murree,2026-04-24 02:00:00,17.0,58,10.4,1010.0,0.0
Murree,2026-04-24 03:00:00,16.7,58,13.7,1010.0,0.0
Murree,2026-04-24 04:00:00,16.5,57,11.5,1010.0,0.0
Murree,2026-04-24 05:00:00,16.2,55,12.2,1009.0,0.0
Murree,2026-04-24 06:00:00,16.1,57,12.2,1010.0,0.0
Murree,2026-04-24 07:00:00,17.9,56,11.5,1010.0,0.0
Murree,2026-04-24 08:00:00,22.4,48,9.4,1010.0,0.0
Murree,2026-04-24 09:00:00,24.8,40,8.6,1010.0,0.0
Murree,2026-04-24 10:00:00,27.5,33,5.4,1010.0,0.0
Murree,2026-04-24 11:00:00,29.4,30,2.5,1009.0,0.0
Murree,2026-04-24 12:00:00,30.1,28,7.2,1008.0,0.0
Murree,2026-04-24 13:00:00,30.1,28,11.2,1008.0,0.0
Murree,2026-04-24 14:00:00,30.0,30,12.6,1007.0,0.0
Murree,2026-04-24 15:00:00,29.3,31,10.4,1006.0,0.0
Murree,2026-04-24 16:00:00,29.0,32,7.9,1006.0,0.0
Murree,2026-04-24 17:00:00,28.2,38,6.5,1006.0,0.0
Murree,2026-04-24 18:00:00,24.2,48,5.8,1006.0,0.0
Murree,2026-04-24 19:00:00,20.7,52,5.4,1008.0,0.0
Murree,2026-04-24 20:00:00,20.0,52,5.8,1009.0,0.0
Murree,2026-04-24 21:00:00,20.5,50,4.3,1010.0,0.0
Murree,2026-04-24 22:00:00,20.3,50,3.2,1010.0,0.0
Murree,2026-04-24 23:00:00,20.6,50,4.0,1011.0,0.0
Murree,2026-04-25 00:00:00,16.1,67,9.4,1012.0,0.5
Murree,2026-04-25 01:00:00,15.4,66,13.7,1012.0,0.3
Murree,2026-04-25 02:00:00,14.8,67,12.2,1012.0,0.2
Murree,2026-04-25 03:00:00,14.5,68,14.0,1012.0,0.2
Murree,2026-04-25 04:00:00,14.1,70,13.0,1012.0,0.1
Murree,2026-04-25 05:00:00,14.2,69,13.3,1012.0,0.0
Murree,2026-04-25 06:00:00,14.6,68,13.0,1013.0,0.0
Murree,2026-04-25 07:00:00,17.6,65,11.9,1012.0,0.0
Murree,2026-04-25 08:00:00,21.5,53,11.2,1012.0,0.0
Murree,2026-04-25 09:00:00,23.8,45,9.7,1012.0,0.0
Murree,2026-04-25 10:00:00,25.8,40,6.5,1012.0,0.0
Murree,2026-04-25 11:00:00,27.8,35,1.1,1012.0,0.0
Murree,2026-04-25 12:00:00,28.6,33,5.4,1011.0,0.0
Murree,2026-04-25 13:00:00,29.1,32,8.6,1010.0,0.0
Murree,2026-04-25 14:00:00,29.1,31,11.5,1010.0,0.0
Murree,2026-04-25 15:00:00,28.9,31,11.9,1008.0,0.0
Murree,2026-04-25 16:00:00,28.2,32,12.2,1008.0,0.0
Murree,2026-04-25 17:00:00,27.0,37,8.6,1008.0,0.0
Murree,2026-04-25 18:00:00,24.1,46,6.8,1009.0,0.0
Murree,2026-04-25 19:00:00,20.1,49,5.0,1010.0,0.0
Murree,2026-04-25 20:00:00,19.0,50,3.6,1011.0,0.0
Murree,2026-04-25 21:00:00,18.8,49,5.8,1011.0,0.0
Murree,2026-04-25 22:00:00,18.3,51,9.0,1011.0,0.0
Murree,2026-04-25 23:00:00,17.9,53,9.4,1011.0,0.0
Gilgit,2026-04-19 00:00:00,-4.7,95,4.0,1018.0,0.1
Gilgit,2026-04-19 01:00:00,-4.8,94,5.8,1017.0,0.1
Gilgit,2026-04-19 02:00:00,-6.6,94,5.4,1016.0,0.1
Gilgit,2026-04-19 03:00:00,-4.8,94,3.2,1016.0,0.2
Gilgit,2026-04-19 04:00:00,-4.5,94,5.4,1014.0,0.1
Gilgit,2026-04-19 05:00:00,-6.8,94,6.5,1014.0,0.2
Gilgit,2026-04-19 06:00:00,-4.4,94,4.3,1014.0,0.4
Gilgit,2026-04-19 07:00:00,-3.7,94,6.1,1013.0,0.4
Gilgit,2026-04-19 08:00:00,-3.2,90,5.4,1012.0,0.3
Gilgit,2026-04-19 09:00:00,-2.7,91,4.7,1012.0,0.8
Gilgit,2026-04-19 10:00:00,-2.5,94,7.6,1012.0,1.2
Gilgit,2026-04-19 11:00:00,-2.5,93,9.7,1012.0,1.4
Gilgit,2026-04-19 12:00:00,-2.6,93,7.9,1012.0,1.3
Gilgit,2026-04-19 13:00:00,-2.8,90,5.0,1012.0,1.0
Gilgit,2026-04-19 14:00:00,-2.9,89,4.3,1011.0,0.9
Gilgit,2026-04-19 15:00:00,-2.6,90,5.4,1011.0,0.9
Gilgit,2026-04-19 16:00:00,-2.5,88,3.6,1012.0,0.6
Gilgit,2026-04-19 17:00:00,-2.8,93,7.6,1013.0,1.1
Gilgit,2026-04-19 18:00:00,-3.5,96,5.4,1014.0,1.5
Gilgit,2026-04-19 19:00:00,-4.3,96,4.7,1016.0,1.6
Gilgit,2026-04-19 20:00:00,-4.6,96,2.9,1017.0,1.2
Gilgit,2026-04-19 21:00:00,-5.0,95,4.0,1018.0,0.6
Gilgit,2026-04-19 22:00:00,-5.7,96,3.6,1018.0,0.4
Gilgit,2026-04-19 23:00:00,-6.1,96,3.2,1018.0,0.1
Gilgit,2026-04-20 00:00:00,-16.6,90,10.1,1026.0,0.0
Gilgit,2026-04-20 01:00:00,-17.6,90,10.1,1028.0,0.0
Gilgit,2026-04-20 02:00:00,-18.3,91,8.6,1030.0,0.0
Gilgit,2026-04-20 03:00:00,-18.5,90,10.8,1030.0,0.0
Gilgit,2026-04-20 04:00:00,-18.6,90,10.4,1030.0,0.0
Gilgit,2026-04-20 05:00:00,-18.9,90,9.0,1031.0,0.0
Gilgit,2026-04-20 06:00:00,-18.2,89,9.7,1031.0,0.0
Gilgit,2026-04-20 07:00:00,-14.2,84,7.9,1026.0,0.0
Gilgit,2026-04-20 08:00:00,-7.2,79,7.2,1023.0,0.0
Gilgit,2026-04-20 09:00:00,-5.2,74,7.6,1022.0,0.0
Gilgit,2026-04-20 10:00:00,-3.4,65,8.3,1020.0,0.0
Gilgit,2026-04-20 11:00:00,-1.8,60,8.3,1018.0,0.0
Gilgit,2026-04-20 12:00:00,-0.4,59,10.1,1017.0,0.0
Gilgit,2026-04-20 13:00:00,0.5,57,10.8,1016.0,0.0
Gilgit,2026-04-20 14:00:00,0.9,54,10.4,1016.0,0.0
Gilgit,2026-04-20 15:00:00,1.3,51,10.1,1016.0,0.0
Gilgit,2026-04-20 16:00:00,1.2,53,7.6,1017.0,0.0
Gilgit,2026-04-20 17:00:00,0.4,63,4.3,1018.0,0.0
Gilgit,2026-04-20 18:00:00,-6.5,67,5.8,1019.0,0.0
Gilgit,2026-04-20 19:00:00,-9.1,72,9.4,1023.0,0.0
Gilgit,2026-04-20 20:00:00,-10.8,76,11.2,1025.0,0.0
Gilgit,2026-04-20 21:00:00,-12.1,79,11.2,1027.0,0.0
Gilgit,2026-04-20 22:00:00,-12.7,81,11.5,1028.0,0.0
Gilgit,2026-04-20 23:00:00,-13.0,82,10.4,1028.0,0.0
Gilgit,2026-04-21 00:00:00,-14.4,84,10.4,1030.0,0.0
Gilgit,2026-04-21 01:00:00,-14.6,85,10.4,1030.0,0.0
Gilgit,2026-04-21 02:00:00,-14.9,85,10.4,1031.0,0.0
Gilgit,2026-04-21 03:00:00,-15.3,84,10.1,1032.0,0.0
Gilgit,2026-04-21 04:00:00,-15.9,84,10.1,1033.0,0.0
Gilgit,2026-04-21 05:00:00,-16.3,83,10.4,1034.0,0.0
Gilgit,2026-04-21 06:00:00,-16.0,80,9.0,1034.0,0.0
Gilgit,2026-04-21 07:00:00,-13.9,71,6.5,1031.0,0.0
Gilgit,2026-04-21 08:00:00,-7.9,61,5.4,1030.0,0.0
Gilgit,2026-04-21 09:00:00,-5.8,53,5.8,1028.0,0.0
Gilgit,2026-04-21 10:00:00,-4.3,45,4.7,1026.0,0.0
Gilgit,2026-04-21 11:00:00,-3.0,51,6.5,1026.0,0.0
Gilgit,2026-04-21 12:00:00,-2.6,45,3.6,1024.0,0.0
Gilgit,2026-04-21 13:00:00,-1.5,49,3.2,1023.0,0.0
Gilgit,2026-04-21 14:00:00,-0.9,49,1.4,1022.0,0.0
Gilgit,2026-04-21 15:00:00,-0.5,46,1.8,1021.0,0.0
Gilgit,2026-04-21 16:00:00,0.2,52,2.9,1021.0,0.0
Gilgit,2026-04-21 17:00:00,-0.3,60,4.0,1021.0,0.0
Gilgit,2026-04-21 18:00:00,-6.8,65,10.1,1022.0,0.0
Gilgit,2026-04-21 19:00:00,-8.7,66,10.1,1024.0,0.0
Gilgit,2026-04-21 20:00:00,-9.9,66,9.4,1026.0,0.0
Gilgit,2026-04-21 21:00:00,-10.6,67,10.8,1028.0,0.0
Gilgit,2026-04-21 22:00:00,-10.8,66,10.1,1028.0,0.0
Gilgit,2026-04-21 23:00:00,-11.3,67,9.7,1028.0,0.0
Gilgit,2026-04-22 00:00:00,-11.2,66,12.2,1026.0,0.0
Gilgit,2026-04-22 01:00:00,-12.2,68,11.9,1027.0,0.0
Gilgit,2026-04-22 02:00:00,-12.6,69,10.8,1026.0,0.0
Gilgit,2026-04-22 03:00:00,-12.9,69,10.4,1027.0,0.0
Gilgit,2026-04-22 04:00:00,-13.4,68,13.3,1027.0,0.0
Gilgit,2026-04-22 05:00:00,-13.4,67,7.6,1028.0,0.0
Gilgit,2026-04-22 06:00:00,-13.5,66,11.9,1029.0,0.0
Gilgit,2026-04-22 07:00:00,-11.2,61,9.0,1026.0,0.0
Gilgit,2026-04-22 08:00:00,-4.7,55,7.6,1024.0,0.0
Gilgit,2026-04-22 09:00:00,-2.2,51,7.9,1022.0,0.0
Gilgit,2026-04-22 10:00:00,-0.4,48,6.8,1020.0,0.0
Gilgit,2026-04-22 11:00:00,0.9,48,5.4,1019.0,0.0
Gilgit,2026-04-22 12:00:00,2.0,50,5.0,1017.0,0.0
Gilgit,2026-04-22 13:00:00,2.8,56,5.4,1016.0,0.0
Gilgit,2026-04-22 14:00:00,3.3,56,6.1,1015.0,0.0
Gilgit,2026-04-22 15:00:00,3.5,55,7.2,1015.0,0.0
Gilgit,2026-04-22 16:00:00,3.4,55,7.9,1015.0,0.0
Gilgit,2026-04-22 17:00:00,2.5,59,9.4,1015.0,0.0
Gilgit,2026-04-22 18:00:00,-3.1,65,10.4,1017.0,0.0
Gilgit,2026-04-22 19:00:00,-7.0,67,11.5,1020.0,0.0
Gilgit,2026-04-22 20:00:00,-7.3,67,13.7,1021.0,0.0
Gilgit,2026-04-22 21:00:00,-8.1,66,11.9,1022.0,0.0
Gilgit,2026-04-22 22:00:00,-8.5,66,11.2,1023.0,0.0
Gilgit,2026-04-22 23:00:00,-9.1,67,11.5,1023.0,0.0
Gilgit,2026-04-23 00:00:00,-10.2,66,13.3,1022.0,0.0
Gilgit,2026-04-23 01:00:00,-10.5,67,11.2,1023.0,0.0
Gilgit,2026-04-23 02:00:00,-11.3,68,9.0,1024.0,0.0
Gilgit,2026-04-23 03:00:00,-11.6,69,9.7,1025.0,0.0
Gilgit,2026-04-23 04:00:00,-11.9,70,11.2,1026.0,0.0
Gilgit,2026-04-23 05:00:00,-11.6,69,9.7,1026.0,0.0
Gilgit,2026-04-23 06:00:00,-11.3,70,12.2,1026.0,0.0
Gilgit,2026-04-23 07:00:00,-9.2,67,14.0,1024.0,0.0
Gilgit,2026-04-23 08:00:00,-2.1,64,9.4,1022.0,0.0
Gilgit,2026-04-23 09:00:00,-0.2,62,5.8,1021.0,0.0
Gilgit,2026-04-23 10:00:00,1.2,62,6.5,1020.0,0.0
Gilgit,2026-04-23 11:00:00,2.2,67,5.4,1019.0,0.0
Gilgit,2026-04-23 12:00:00,3.0,67,6.8,1018.0,0.0
Gilgit,2026-04-23 13:00:00,3.6,68,7.6,1017.0,0.0
Gilgit,2026-04-23 14:00:00,3.8,68,6.8,1016.0,0.0
Gilgit,2026-04-23 15:00:00,4.0,68,6.5,1016.0,0.0
Gilgit,2026-04-23 16:00:00,3.9,65,7.9,1016.0,0.0
Gilgit,2026-04-23 17:00:00,3.0,66,8.6,1016.0,0.0
Gilgit,2026-04-23 18:00:00,0.1,71,9.4,1018.0,0.0
Gilgit,2026-04-23 19:00:00,-5.7,73,13.0,1020.0,0.0
Gilgit,2026-04-23 20:00:00,-6.4,73,13.0,1022.0,0.0
Gilgit,2026-04-23 21:00:00,-6.7,73,12.6,1022.0,0.0
Gilgit,2026-04-23 22:00:00,-7.0,74,11.2,1022.0,0.0
Gilgit,2026-04-23 23:00:00,-6.6,76,8.6,1022.0,0.0
Gilgit,2026-04-24 00:00:00,-8.9,71,10.8,1024.0,0.0
Gilgit,2026-04-24 01:00:00,-9.3,73,11.9,1024.0,0.0
Gilgit,2026-04-24 02:00:00,-9.3,74,9.4,1022.0,0.0
Gilgit,2026-04-24 03:00:00,-10.0,75,9.0,1024.0,0.0
Gilgit,2026-04-24 04:00:00,-10.3,77,12.6,1024.0,0.0
Gilgit,2026-04-24 05:00:00,-10.5,77,10.1,1024.0,0.0
Gilgit,2026-04-24 06:00:00,-10.4,77,9.4,1025.0,0.0
Gilgit,2026-04-24 07:00:00,-5.2,74,8.6,1025.0,0.0
Gilgit,2026-04-24 08:00:00,-2.2,70,6.8,1024.0,0.0
Gilgit,2026-04-24 09:00:00,-0.7,66,5.8,1023.0,0.0
Gilgit,2026-04-24 10:00:00,0.5,65,6.1,1022.0,0.0
Gilgit,2026-04-24 11:00:00,1.7,66,7.9,1019.0,0.0
Gilgit,2026-04-24 12:00:00,2.6,65,4.3,1018.0,0.0
Gilgit,2026-04-24 13:00:00,3.2,64,3.2,1018.0,0.0
Gilgit,2026-04-24 14:00:00,3.8,65,6.1,1016.0,0.0
Gilgit,2026-04-24 15:00:00,4.1,66,5.4,1015.0,0.0
Gilgit,2026-04-24 16:00:00,4.2,66,6.5,1015.0,0.0
Gilgit,2026-04-24 17:00:00,3.6,67,6.1,1016.0,0.0
Gilgit,2026-04-24 18:00:00,1.5,72,8.6,1016.0,0.0
Gilgit,2026-04-24 19:00:00,-4.9,77,11.5,1018.0,0.0
Gilgit,2026-04-24 20:00:00,-6.0,80,11.5,1020.0,0.0
Gilgit,2026-04-24 21:00:00,-6.4,80,11.5,1021.0,0.0
Gilgit,2026-04-24 22:00:00,-6.2,80,9.7,1021.0,0.0
Gilgit,2026-04-24 23:00:00,-6.5,80,10.4,1021.0,0.0
Gilgit,2026-04-25 00:00:00,-6.6,84,6.5,1022.0,0.0
Gilgit,2026-04-25 01:00:00,-5.7,84,5.4,1022.0,0.0
Gilgit,2026-04-25 02:00:00,-4.0,83,5.4,1021.0,0.0
Gilgit,2026-04-25 03:00:00,-2.8,88,5.8,1022.0,0.4
Gilgit,2026-04-25 04:00:00,-2.6,91,6.8,1022.0,0.3
Gilgit,2026-04-25 05:00:00,-2.7,93,6.1,1022.0,0.4
Gilgit,2026-04-25 06:00:00,-2.4,94,3.6,1022.0,0.3
Gilgit,2026-04-25 07:00:00,-1.7,90,3.6,1022.0,0.1
Gilgit,2026-04-25 08:00:00,-1.1,87,3.2,1022.0,0.1
Gilgit,2026-04-25 09:00:00,-0.7,84,4.7,1022.0,0.1
Gilgit,2026-04-25 10:00:00,-0.5,80,6.5,1022.0,0.2
Gilgit,2026-04-25 11:00:00,-0.7,82,5.4,1023.0,0.3
Gilgit,2026-04-25 12:00:00,-0.9,83,2.9,1023.0,0.1
Gilgit,2026-04-25 13:00:00,-0.3,78,2.2,1023.0,0.1
Gilgit,2026-04-25 14:00:00,0.2,76,2.5,1023.0,0.2
Gilgit,2026-04-25 15:00:00,-0.1,82,1.4,1023.0,0.3
Gilgit,2026-04-25 16:00:00,-0.1,82,1.4,1023.0,0.2
Gilgit,2026-04-25 17:00:00,-0.2,82,0.4,1023.0,0.0
Gilgit,2026-04-25 18:00:00,-0.3,81,4.7,1023.0,0.0
Gilgit,2026-04-25 19:00:00,-0.8,84,6.5,1025.0,0.2
Gilgit,2026-04-25 20:00:00,-1.2,89,8.3,1026.0,0.2
Gilgit,2026-04-25 21:00:00,-1.3,87,8.6,1026.0,0.0
Gilgit,2026-04-25 22:00:00,-2.9,86,6.5,1026.0,0.0
Gilgit,2026-04-25 23:00:00,-5.3,86,4.7,1026.0,0.0
Faisalabad,2026-04-19 00:00:00,27.4,43,24.1,1007.0,0.0
Faisalabad,2026-04-19 01:00:00,26.2,48,20.5,1007.0,0.0
Faisalabad,2026-04-19 02:00:00,25.5,50,18.4,1006.0,0.0
Faisalabad,2026-04-19 03:00:00,24.7,50,15.5,1006.0,0.0
Faisalabad,2026-04-19 04:00:00,23.9,51,11.9,1006.0,0.0
Faisalabad,2026-04-19 05:00:00,23.4,51,12.6,1006.0,0.0
Faisalabad,2026-04-19 06:00:00,23.7,49,13.7,1006.0,0.0
Faisalabad,2026-04-19 07:00:00,24.7,47,10.4,1007.0,0.0
Faisalabad,2026-04-19 08:00:00,26.3,43,13.3,1007.0,0.0
Faisalabad,2026-04-19 09:00:00,29.5,34,11.9,1007.0,0.0
Faisalabad,2026-04-19 10:00:00,31.9,28,8.6,1007.0,0.0
Faisalabad,2026-04-19 11:00:00,32.8,26,8.6,1006.0,0.0
Faisalabad,2026-04-19 12:00:00,33.5,24,9.0,1006.0,0.0
Faisalabad,2026-04-19 13:00:00,34.7,23,9.0,1005.0,0.0
Faisalabad,2026-04-19 14:00:00,34.3,23,9.7,1005.0,0.0
Faisalabad,2026-04-19 15:00:00,35.0,22,6.1,1004.0,0.0
Faisalabad,2026-04-19 16:00:00,35.8,19,7.2,1004.0,0.0
Faisalabad,2026-04-19 17:00:00,35.5,19,7.9,1004.0,0.0
Faisalabad,2026-04-19 18:00:00,33.9,22,6.5,1004.0,0.0
Faisalabad,2026-04-19 19:00:00,31.1,26,7.6,1004.0,0.0
Faisalabad,2026-04-19 20:00:00,29.4,29,10.4,1005.0,0.0
Faisalabad,2026-04-19 21:00:00,27.7,34,14.8,1006.0,0.0
Faisalabad,2026-04-19 22:00:00,26.6,35,14.8,1006.0,0.0
Faisalabad,2026-04-19 23:00:00,25.6,36,10.8,1006.0,0.0
Faisalabad,2026-04-20 00:00:00,27.2,31,10.1,1006.0,0.0
Faisalabad,2026-04-20 01:00:00,26.8,32,5.8,1006.0,0.0
Faisalabad,2026-04-20 02:00:00,26.0,34,4.0,1006.0,0.0
Faisalabad,2026-04-20 03:00:00,25.1,36,8.6,1006.0,0.0
Faisalabad,2026-04-20 04:00:00,24.4,37,8.6,1006.0,0.0
Faisalabad,2026-04-20 05:00:00,23.9,38,9.4,1006.0,0.0
Faisalabad,2026-04-20 06:00:00,23.8,39,8.6,1006.0,0.0
Faisalabad,2026-04-20 07:00:00,26.3,34,7.6,1007.0,0.0
Faisalabad,2026-04-20 08:00:00,29.5,27,6.5,1007.0,0.0
Faisalabad,2026-04-20 09:00:00,32.5,23,3.2,1008.0,0.0
Faisalabad,2026-04-20 10:00:00,34.8,20,5.8,1008.0,0.0
Faisalabad,2026-04-20 11:00:00,36.4,18,8.3,1007.0,0.0
Faisalabad,2026-04-20 12:00:00,37.7,16,9.4,1006.0,0.0
Faisalabad,2026-04-20 13:00:00,38.5,14,9.7,1005.0,0.0
Faisalabad,2026-04-20 14:00:00,39.2,13,11.9,1004.0,0.0
Faisalabad,2026-04-20 15:00:00,39.4,12,13.0,1003.0,0.0
Faisalabad,2026-04-20 16:00:00,39.0,12,15.8,1002.0,0.0
Faisalabad,2026-04-20 17:00:00,38.0,12,20.2,1003.0,0.0
Faisalabad,2026-04-20 18:00:00,36.5,13,19.4,1003.0,0.0
Faisalabad,2026-04-20 19:00:00,33.8,16,16.6,1004.0,0.0
Faisalabad,2026-04-20 20:00:00,31.7,20,13.7,1004.0,0.0
Faisalabad,2026-04-20 21:00:00,30.4,23,13.3,1005.0,0.0
Faisalabad,2026-04-20 22:00:00,29.3,25,13.0,1005.0,0.0
Faisalabad,2026-04-20 23:00:00,28.4,27,12.6,1005.0,0.0
Faisalabad,2026-04-21 00:00:00,27.4,26,7.9,1006.0,0.0
Faisalabad,2026-04-21 01:00:00,27.0,27,8.6,1005.0,0.0
Faisalabad,2026-04-21 02:00:00,26.5,28,10.8,1005.0,0.0
Faisalabad,2026-04-21 03:00:00,26.0,29,11.2,1005.0,0.0
Faisalabad,2026-04-21 04:00:00,25.7,30,12.2,1004.0,0.0
Faisalabad,2026-04-21 05:00:00,25.3,31,9.4,1004.0,0.0
Faisalabad,2026-04-21 06:00:00,25.2,31,4.7,1005.0,0.0
Faisalabad,2026-04-21 07:00:00,27.9,27,1.8,1006.0,0.0
Faisalabad,2026-04-21 08:00:00,31.0,22,3.6,1006.0,0.0
Faisalabad,2026-04-21 09:00:00,33.9,18,7.6,1007.0,0.0
Faisalabad,2026-04-21 10:00:00,35.9,15,10.8,1006.0,0.0
Faisalabad,2026-04-21 11:00:00,37.6,13,12.6,1006.0,0.0
Faisalabad,2026-04-21 12:00:00,39.0,12,14.8,1005.0,0.0
Faisalabad,2026-04-21 13:00:00,39.8,11,15.5,1004.0,0.0
Faisalabad,2026-04-21 14:00:00,40.3,10,16.6,1003.0,0.0
Faisalabad,2026-04-21 15:00:00,40.3,10,17.6,1002.0,0.0
Faisalabad,2026-04-21 16:00:00,40.0,10,18.7,1002.0,0.0
Faisalabad,2026-04-21 17:00:00,39.3,10,16.9,1002.0,0.0
Faisalabad,2026-04-21 18:00:00,37.6,11,12.2,1002.0,0.0
Faisalabad,2026-04-21 19:00:00,33.9,14,12.2,1003.0,0.0
Faisalabad,2026-04-21 20:00:00,32.2,16,10.8,1004.0,0.0
Faisalabad,2026-04-21 21:00:00,31.0,17,9.7,1004.0,0.0
Faisalabad,2026-04-21 22:00:00,30.1,18,9.7,1004.0,0.0
Faisalabad,2026-04-21 23:00:00,29.3,19,10.4,1004.0,0.0
Faisalabad,2026-04-22 00:00:00,28.5,22,9.4,1004.0,0.0
Faisalabad,2026-04-22 01:00:00,28.1,22,7.9,1004.0,0.0
Faisalabad,2026-04-22 02:00:00,27.7,22,9.0,1003.0,0.0
Faisalabad,2026-04-22 03:00:00,27.4,22,9.7,1003.0,0.0
Faisalabad,2026-04-22 04:00:00,26.9,23,6.8,1003.0,0.0
Faisalabad,2026-04-22 05:00:00,26.3,24,1.4,1004.0,0.0
Faisalabad,2026-04-22 06:00:00,26.5,23,5.0,1004.0,0.0
Faisalabad,2026-04-22 07:00:00,29.1,20,3.6,1005.0,0.0
Faisalabad,2026-04-22 08:00:00,32.3,17,4.3,1005.0,0.0
Faisalabad,2026-04-22 09:00:00,35.7,14,6.5,1005.0,0.0
Faisalabad,2026-04-22 10:00:00,38.0,12,6.8,1005.0,0.0
Faisalabad,2026-04-22 11:00:00,39.5,11,7.6,1004.0,0.0
Faisalabad,2026-04-22 12:00:00,40.5,10,7.9,1003.0,0.0
Faisalabad,2026-04-22 13:00:00,41.1,9,9.4,1002.0,0.0
Faisalabad,2026-04-22 14:00:00,41.2,9,11.2,1002.0,0.0
Faisalabad,2026-04-22 15:00:00,41.0,8,11.5,1001.0,0.0
Faisalabad,2026-04-22 16:00:00,41.0,8,10.1,1000.0,0.0
Faisalabad,2026-04-22 17:00:00,40.6,8,8.6,1000.0,0.0
Faisalabad,2026-04-22 18:00:00,38.5,10,6.8,1000.0,0.0
Faisalabad,2026-04-22 19:00:00,35.2,11,6.1,1001.0,0.0
Faisalabad,2026-04-22 20:00:00,33.9,13,7.9,1001.0,0.0
Faisalabad,2026-04-22 21:00:00,32.7,14,9.4,1002.0,0.0
Faisalabad,2026-04-22 22:00:00,31.6,16,9.0,1002.0,0.0
Faisalabad,2026-04-22 23:00:00,30.8,18,5.8,1002.0,0.0
Faisalabad,2026-04-23 00:00:00,30.2,21,9.7,1003.0,0.0
Faisalabad,2026-04-23 01:00:00,29.2,23,4.7,1003.0,0.0
Faisalabad,2026-04-23 02:00:00,28.8,24,6.8,1003.0,0.0
Faisalabad,2026-04-23 03:00:00,28.3,25,6.8,1003.0,0.0
Faisalabad,2026-04-23 04:00:00,28.2,25,7.6,1003.0,0.0
Faisalabad,2026-04-23 05:00:00,28.0,26,8.6,1002.0,0.0
Faisalabad,2026-04-23 06:00:00,28.2,26,7.6,1003.0,0.0
Faisalabad,2026-04-23 07:00:00,31.0,22,8.3,1003.0,0.0
Faisalabad,2026-04-23 08:00:00,34.6,17,8.6,1004.0,0.0
Faisalabad,2026-04-23 09:00:00,37.4,14,7.6,1004.0,0.0
Faisalabad,2026-04-23 10:00:00,39.3,12,6.8,1004.0,0.0
Faisalabad,2026-04-23 11:00:00,40.6,11,7.6,1004.0,0.0
Faisalabad,2026-04-23 12:00:00,41.9,10,7.2,1003.0,0.0
Faisalabad,2026-04-23 13:00:00,42.8,9,6.5,1002.0,0.0
Faisalabad,2026-04-23 14:00:00,43.3,9,7.6,1001.0,0.0
Faisalabad,2026-04-23 15:00:00,43.4,9,9.7,1000.0,0.0
Faisalabad,2026-04-23 16:00:00,42.9,9,11.5,1000.0,0.0
Faisalabad,2026-04-23 17:00:00,42.3,10,14.0,1000.0,0.0
Faisalabad,2026-04-23 18:00:00,40.5,11,14.4,1000.0,0.0
Faisalabad,2026-04-23 19:00:00,36.8,15,11.9,1000.0,0.0
Faisalabad,2026-04-23 20:00:00,35.0,18,10.4,1001.0,0.0
Faisalabad,2026-04-23 21:00:00,33.8,21,7.9,1002.0,0.0
Faisalabad,2026-04-23 22:00:00,32.9,23,9.7,1003.0,0.0
Faisalabad,2026-04-23 23:00:00,32.7,24,8.6,1003.0,0.0
Faisalabad,2026-04-24 00:00:00,31.3,28,16.6,1004.0,0.0
Faisalabad,2026-04-24 01:00:00,30.2,30,12.6,1003.0,0.0
Faisalabad,2026-04-24 02:00:00,29.9,31,11.5,1003.0,0.0
Faisalabad,2026-04-24 03:00:00,29.3,31,9.4,1003.0,0.0
Faisalabad,2026-04-24 04:00:00,29.2,31,9.4,1003.0,0.0
Faisalabad,2026-04-24 05:00:00,28.7,32,8.6,1003.0,0.0
Faisalabad,2026-04-24 06:00:00,28.7,32,9.4,1004.0,0.0
Faisalabad,2026-04-24 07:00:00,31.2,27,9.0,1004.0,0.0
Faisalabad,2026-04-24 08:00:00,33.8,23,10.8,1005.0,0.0
Faisalabad,2026-04-24 09:00:00,35.9,21,10.8,1005.0,0.0
Faisalabad,2026-04-24 10:00:00,38.0,18,9.4,1005.0,0.0
Faisalabad,2026-04-24 11:00:00,39.9,16,10.8,1004.0,0.0
Faisalabad,2026-04-24 12:00:00,41.2,14,12.6,1004.0,0.0
Faisalabad,2026-04-24 13:00:00,42.1,13,13.3,1003.0,0.0
Faisalabad,2026-04-24 14:00:00,42.7,12,14.4,1002.0,0.0
Faisalabad,2026-04-24 15:00:00,42.9,11,15.5,1001.0,0.0
Faisalabad,2026-04-24 16:00:00,42.5,12,15.8,1000.0,0.0
Faisalabad,2026-04-24 17:00:00,41.9,12,14.0,1000.0,0.0
Faisalabad,2026-04-24 18:00:00,40.4,13,10.8,1000.0,0.0
Faisalabad,2026-04-24 19:00:00,37.1,15,10.4,1001.0,0.0
Faisalabad,2026-04-24 20:00:00,36.1,17,7.9,1002.0,0.0
Faisalabad,2026-04-24 21:00:00,34.7,18,8.6,1003.0,0.0
Faisalabad,2026-04-24 22:00:00,33.5,20,12.2,1004.0,0.0
Faisalabad,2026-04-24 23:00:00,33.2,25,22.0,1004.0,0.0
Faisalabad,2026-04-25 00:00:00,33.5,26,4.3,1004.0,0.0
Faisalabad,2026-04-25 01:00:00,30.7,34,8.3,1005.0,0.0
Faisalabad,2026-04-25 02:00:00,29.4,38,12.6,1005.0,0.0
Faisalabad,2026-04-25 03:00:00,28.5,40,11.2,1005.0,0.0
Faisalabad,2026-04-25 04:00:00,28.4,38,13.3,1005.0,0.0
Faisalabad,2026-04-25 05:00:00,27.9,38,12.2,1005.0,0.0
Faisalabad,2026-04-25 06:00:00,27.7,38,10.4,1006.0,0.0
Faisalabad,2026-04-25 07:00:00,29.9,33,11.5,1006.0,0.0
Faisalabad,2026-04-25 08:00:00,33.0,26,9.7,1007.0,0.0
Faisalabad,2026-04-25 09:00:00,35.6,22,9.0,1007.0,0.0
Faisalabad,2026-04-25 10:00:00,37.4,19,7.2,1007.0,0.0
Faisalabad,2026-04-25 11:00:00,39.2,17,5.8,1006.0,0.0
Faisalabad,2026-04-25 12:00:00,40.3,16,7.2,1006.0,0.0
Faisalabad,2026-04-25 13:00:00,40.9,15,10.4,1005.0,0.0
Faisalabad,2026-04-25 14:00:00,41.4,14,11.5,1004.0,0.0
Faisalabad,2026-04-25 15:00:00,41.6,14,11.2,1003.0,0.0
Faisalabad,2026-04-25 16:00:00,41.7,14,11.2,1002.0,0.0
Faisalabad,2026-04-25 17:00:00,41.3,14,13.0,1002.0,0.0
Faisalabad,2026-04-25 18:00:00,40.1,15,13.3,1002.0,0.0
Faisalabad,2026-04-25 19:00:00,36.7,18,12.2,1003.0,0.0
Faisalabad,2026-04-25 20:00:00,35.0,20,12.6,1004.0,0.0
Faisalabad,2026-04-25 21:00:00,33.9,22,11.5,1004.0,0.0
Faisalabad,2026-04-25 22:00:00,32.9,24,10.8,1005.0,0.0
Faisalabad,2026-04-25 23:00:00,32.0,25,10.4,1005.0,0.0
Multan,2026-04-19 00:00:00,24.8,52,29.5,1007.0,0.0
Multan,2026-04-19 01:00:00,24.3,52,22.0,1006.0,0.0
Multan,2026-04-19 02:00:00,24.5,48,16.9,1006.0,0.0
Multan,2026-04-19 03:00:00,24.6,46,11.9,1005.0,0.0
Multan,2026-04-19 04:00:00,24.8,46,12.6,1005.0,0.0
Multan,2026-04-19 05:00:00,25.0,45,11.2,1005.0,0.0
Multan,2026-04-19 06:00:00,24.8,46,8.6,1005.0,0.0
Multan,2026-04-19 07:00:00,25.9,43,4.0,1006.0,0.0
Multan,2026-04-19 08:00:00,27.4,39,6.1,1007.0,0.0
Multan,2026-04-19 09:00:00,28.7,36,8.3,1008.0,0.0
Multan,2026-04-19 10:00:00,30.3,32,8.3,1008.0,0.0
Multan,2026-04-19 11:00:00,31.2,30,7.6,1007.0,0.0
Multan,2026-04-19 12:00:00,32.7,27,7.9,1006.0,0.0
Multan,2026-04-19 13:00:00,34.5,24,5.4,1006.0,0.0
Multan,2026-04-19 14:00:00,35.6,22,6.1,1005.0,0.0
Multan,2026-04-19 15:00:00,36.4,20,6.5,1004.0,0.0
Multan,2026-04-19 16:00:00,36.7,18,5.0,1003.0,0.0
Multan,2026-04-19 17:00:00,36.6,17,5.8,1003.0,0.0
Multan,2026-04-19 18:00:00,35.7,19,5.4,1003.0,0.0
Multan,2026-04-19 19:00:00,33.2,21,6.5,1004.0,0.0
Multan,2026-04-19 20:00:00,32.2,22,6.1,1004.0,0.0
Multan,2026-04-19 21:00:00,31.5,23,6.5,1004.0,0.0
Multan,2026-04-19 22:00:00,30.8,24,9.4,1005.0,0.0
Multan,2026-04-19 23:00:00,29.9,26,10.8,1005.0,0.0
Multan,2026-04-20 00:00:00,29.4,27,5.0,1006.0,0.0
Multan,2026-04-20 01:00:00,28.8,28,1.8,1005.0,0.0
Multan,2026-04-20 02:00:00,28.7,28,2.9,1005.0,0.0
Multan,2026-04-20 03:00:00,28.6,28,3.6,1005.0,0.0
Multan,2026-04-20 04:00:00,28.0,29,11.5,1005.0,0.0
Multan,2026-04-20 05:00:00,26.8,31,11.2,1006.0,0.0
Multan,2026-04-20 06:00:00,26.7,31,7.6,1006.0,0.0
Multan,2026-04-20 07:00:00,28.8,27,6.8,1006.0,0.0
Multan,2026-04-20 08:00:00,31.5,23,6.1,1007.0,0.0
Multan,2026-04-20 09:00:00,33.7,20,1.4,1008.0,0.0
Multan,2026-04-20 10:00:00,35.4,19,3.6,1008.0,0.0
Multan,2026-04-20 11:00:00,36.9,17,4.3,1007.0,0.0
Multan,2026-04-20 12:00:00,38.0,16,6.8,1006.0,0.0
Multan,2026-04-20 13:00:00,38.9,14,7.6,1005.0,0.0
Multan,2026-04-20 14:00:00,39.5,13,7.6,1004.0,0.0
Multan,2026-04-20 15:00:00,39.7,12,9.4,1003.0,0.0
Multan,2026-04-20 16:00:00,39.3,12,9.7,1002.0,0.0
Multan,2026-04-20 17:00:00,39.2,12,9.4,1002.0,0.0
Multan,2026-04-20 18:00:00,38.3,13,8.6,1002.0,0.0
Multan,2026-04-20 19:00:00,35.6,15,8.6,1003.0,0.0
Multan,2026-04-20 20:00:00,34.2,17,9.7,1004.0,0.0
Multan,2026-04-20 21:00:00,33.3,18,9.4,1004.0,0.0
Multan,2026-04-20 22:00:00,32.3,19,10.4,1005.0,0.0
Multan,2026-04-20 23:00:00,31.0,22,10.1,1005.0,0.0
Multan,2026-04-21 00:00:00,29.6,21,8.3,1005.0,0.0
Multan,2026-04-21 01:00:00,28.7,22,5.0,1005.0,0.0
Multan,2026-04-21 02:00:00,28.5,22,7.6,1005.0,0.0
Multan,2026-04-21 03:00:00,28.0,23,8.3,1004.0,0.0
Multan,2026-04-21 04:00:00,27.9,23,9.0,1004.0,0.0
Multan,2026-04-21 05:00:00,27.3,24,9.0,1004.0,0.0
Multan,2026-04-21 06:00:00,26.8,25,8.3,1005.0,0.0
Multan,2026-04-21 07:00:00,28.9,22,7.6,1006.0,0.0
Multan,2026-04-21 08:00:00,31.6,19,8.3,1006.0,0.0
Multan,2026-04-21 09:00:00,33.9,17,6.8,1007.0,0.0
Multan,2026-04-21 10:00:00,36.1,15,5.0,1006.0,0.0
Multan,2026-04-21 11:00:00,38.0,13,1.4,1006.0,0.0
Multan,2026-04-21 12:00:00,39.2,11,3.2,1005.0,0.0
Multan,2026-04-21 13:00:00,40.1,10,9.7,1004.0,0.0
Multan,2026-04-21 14:00:00,40.8,9,9.7,1003.0,0.0
Multan,2026-04-21 15:00:00,41.0,8,8.3,1002.0,0.0
Multan,2026-04-21 16:00:00,41.1,7,7.9,1002.0,0.0
Multan,2026-04-21 17:00:00,40.8,7,6.8,1001.0,0.0
Multan,2026-04-21 18:00:00,39.5,8,5.8,1002.0,0.0
Multan,2026-04-21 19:00:00,35.6,11,6.8,1002.0,0.0
Multan,2026-04-21 20:00:00,34.1,13,6.5,1003.0,0.0
Multan,2026-04-21 21:00:00,33.0,14,6.5,1003.0,0.0
Multan,2026-04-21 22:00:00,32.3,15,7.6,1004.0,0.0
Multan,2026-04-21 23:00:00,31.8,15,8.3,1003.0,0.0
Multan,2026-04-22 00:00:00,31.6,14,11.9,1003.0,0.0
Multan,2026-04-22 01:00:00,31.0,14,9.4,1003.0,0.0
Multan,2026-04-22 02:00:00,30.6,15,10.1,1003.0,0.0
Multan,2026-04-22 03:00:00,30.1,16,11.5,1002.0,0.0
Multan,2026-04-22 04:00:00,29.8,17,12.2,1002.0,0.0
Multan,2026-04-22 05:00:00,29.3,18,9.7,1003.0,0.0
Multan,2026-04-22 06:00:00,28.8,19,7.6,1003.0,0.0
Multan,2026-04-22 07:00:00,30.6,18,6.1,1004.0,0.0
Multan,2026-04-22 08:00:00,33.1,15,7.2,1004.0,0.0
Multan,2026-04-22 09:00:00,35.8,13,9.4,1005.0,0.0
Multan,2026-04-22 10:00:00,38.1,11,11.9,1005.0,0.0
Multan,2026-04-22 11:00:00,39.8,10,13.0,1004.0,0.0
Multan,2026-04-22 12:00:00,41.1,9,14.8,1003.0,0.0
Multan,2026-04-22 13:00:00,42.1,9,15.5,1002.0,0.0
Multan,2026-04-22 14:00:00,42.7,8,14.4,1001.0,0.0
Multan,2026-04-22 15:00:00,42.9,8,13.7,1000.0,0.0
Multan,2026-04-22 16:00:00,42.7,8,12.6,1000.0,0.0
Multan,2026-04-22 17:00:00,42.3,8,12.6,999.0,0.0
Multan,2026-04-22 18:00:00,40.8,9,12.6,1000.0,0.0
Multan,2026-04-22 19:00:00,37.5,11,13.7,1000.0,0.0
Multan,2026-04-22 20:00:00,36.0,13,13.0,1001.0,0.0
Multan,2026-04-22 21:00:00,34.8,14,13.3,1002.0,0.0
Multan,2026-04-22 22:00:00,34.0,14,14.8,1002.0,0.0
Multan,2026-04-22 23:00:00,33.9,14,17.6,1002.0,0.0
Multan,2026-04-23 00:00:00,34.1,14,21.6,1002.0,0.0
Multan,2026-04-23 01:00:00,33.1,16,19.8,1002.0,0.0
Multan,2026-04-23 02:00:00,32.6,16,18.4,1002.0,0.0
Multan,2026-04-23 03:00:00,31.6,17,16.6,1002.0,0.0
Multan,2026-04-23 04:00:00,30.9,18,15.8,1002.0,0.0
Multan,2026-04-23 05:00:00,30.4,18,14.8,1002.0,0.0
Multan,2026-04-23 06:00:00,29.8,20,12.6,1002.0,0.0
Multan,2026-04-23 07:00:00,31.2,21,11.5,1003.0,0.0
Multan,2026-04-23 08:00:00,34.0,20,13.3,1004.0,0.0
Multan,2026-04-23 09:00:00,36.7,16,14.0,1004.0,0.0
Multan,2026-04-23 10:00:00,38.8,14,13.3,1004.0,0.0
Multan,2026-04-23 11:00:00,40.4,12,12.6,1004.0,0.0
Multan,2026-04-23 12:00:00,41.4,12,11.9,1003.0,0.0
Multan,2026-04-23 13:00:00,41.6,12,10.8,1002.0,0.0
Multan,2026-04-23 14:00:00,41.6,12,9.4,1002.0,0.0
Multan,2026-04-23 15:00:00,41.8,12,8.6,1001.0,0.0
Multan,2026-04-23 16:00:00,41.9,12,8.6,1001.0,0.0
Multan,2026-04-23 17:00:00,41.5,12,9.7,1000.0,0.0
Multan,2026-04-23 18:00:00,40.4,13,11.5,1001.0,0.0
Multan,2026-04-23 19:00:00,37.7,15,11.9,1001.0,0.0
Multan,2026-04-23 20:00:00,36.3,16,8.3,1001.0,0.0
Multan,2026-04-23 21:00:00,35.1,17,6.1,1002.0,0.0
Multan,2026-04-23 22:00:00,34.4,17,11.5,1002.0,0.0
Multan,2026-04-23 23:00:00,33.8,17,10.8,1002.0,0.0
Multan,2026-04-24 00:00:00,31.9,27,4.3,1003.0,0.0
Multan,2026-04-24 01:00:00,31.5,28,6.8,1003.0,0.0
Multan,2026-04-24 02:00:00,30.5,30,7.2,1003.0,0.1
Multan,2026-04-24 03:00:00,29.3,34,8.3,1004.0,0.0
Multan,2026-04-24 04:00:00,29.1,34,7.2,1004.0,0.0
Multan,2026-04-24 05:00:00,28.7,35,5.4,1004.0,0.0
Multan,2026-04-24 06:00:00,28.9,34,3.2,1005.0,0.0
Multan,2026-04-24 07:00:00,30.9,30,2.9,1005.0,0.0
Multan,2026-04-24 08:00:00,33.3,25,3.6,1006.0,0.0
Multan,2026-04-24 09:00:00,35.9,21,4.7,1006.0,0.0
Multan,2026-04-24 10:00:00,38.1,18,7.6,1006.0,0.0
Multan,2026-04-24 11:00:00,39.9,15,11.2,1005.0,0.0
Multan,2026-04-24 12:00:00,41.2,14,11.5,1004.0,0.0
Multan,2026-04-24 13:00:00,42.3,12,10.4,1003.0,0.0
Multan,2026-04-24 14:00:00,43.2,12,10.1,1002.0,0.0
Multan,2026-04-24 15:00:00,43.6,11,10.1,1001.0,0.0
Multan,2026-04-24 16:00:00,43.6,10,9.7,1000.0,0.0
Multan,2026-04-24 17:00:00,43.0,10,10.4,1000.0,0.0
Multan,2026-04-24 18:00:00,41.6,11,12.6,1000.0,0.0
Multan,2026-04-24 19:00:00,38.5,14,11.9,1000.0,0.0
Multan,2026-04-24 20:00:00,35.9,19,9.7,1002.0,0.1
Multan,2026-04-24 21:00:00,34.7,22,14.8,1003.0,1.5
Multan,2026-04-24 22:00:00,33.3,29,13.7,1004.0,0.0
Multan,2026-04-24 23:00:00,32.5,32,10.1,1004.0,0.0
Multan,2026-04-25 00:00:00,30.0,37,10.8,1005.0,0.0
Multan,2026-04-25 01:00:00,29.7,37,14.8,1005.0,0.0
Multan,2026-04-25 02:00:00,28.9,40,14.0,1005.0,0.0
Multan,2026-04-25 03:00:00,28.6,41,13.3,1005.0,0.0
Multan,2026-04-25 04:00:00,28.4,41,12.2,1005.0,0.1
Multan,2026-04-25 05:00:00,28.3,41,11.5,1006.0,0.0
Multan,2026-04-25 06:00:00,28.3,42,11.2,1006.0,0.0
Multan,2026-04-25 07:00:00,29.8,39,13.7,1007.0,0.0
Multan,2026-04-25 08:00:00,32.2,33,14.4,1007.0,0.0
Multan,2026-04-25 09:00:00,34.6,28,13.3,1008.0,0.0
Multan,2026-04-25 10:00:00,36.2,24,7.2,1008.0,0.0
Multan,2026-04-25 11:00:00,37.9,21,7.2,1007.0,0.0
Multan,2026-04-25 12:00:00,39.3,19,7.6,1006.0,0.0
Multan,2026-04-25 13:00:00,40.5,18,9.0,1005.0,0.0
Multan,2026-04-25 14:00:00,41.2,16,11.2,1005.0,0.0
Multan,2026-04-25 15:00:00,41.4,16,8.6,1004.0,0.0
Multan,2026-04-25 16:00:00,41.4,16,6.1,1003.0,0.0
Multan,2026-04-25 17:00:00,41.3,16,6.1,1002.0,0.0
Multan,2026-04-25 18:00:00,40.6,16,5.0,1002.0,0.0
Multan,2026-04-25 19:00:00,38.3,19,7.2,1003.0,0.0
Multan,2026-04-25 20:00:00,36.8,20,10.8,1004.0,0.0
Multan,2026-04-25 21:00:00,35.7,22,10.8,1004.0,0.0
Multan,2026-04-25 22:00:00,35.0,24,9.4,1004.0,0.0
Multan,2026-04-25 23:00:00,34.3,24,6.8,1004.0,0.0
Hyderabad,2026-04-19 00:00:00,31.2,34,10.4,1008.0,0.0
Hyderabad,2026-04-19 01:00:00,31.1,33,8.3,1007.0,0.0
Hyderabad,2026-04-19 02:00:00,30.9,33,7.6,1006.0,0.0
Hyderabad,2026-04-19 03:00:00,30.7,33,9.4,1006.0,0.0
Hyderabad,2026-04-19 04:00:00,30.2,34,14.4,1006.0,0.0
Hyderabad,2026-04-19 05:00:00,29.5,36,15.1,1007.0,0.0
Hyderabad,2026-04-19 06:00:00,29.5,37,14.8,1008.0,0.0
Hyderabad,2026-04-19 07:00:00,31.7,32,14.4,1008.0,0.0
Hyderabad,2026-04-19 08:00:00,33.9,27,15.8,1009.0,0.0
Hyderabad,2026-04-19 09:00:00,36.2,22,14.4,1009.0,0.0
Hyderabad,2026-04-19 10:00:00,37.7,19,12.2,1008.0,0.0
Hyderabad,2026-04-19 11:00:00,38.9,17,9.7,1008.0,0.0
Hyderabad,2026-04-19 12:00:00,39.9,15,7.9,1006.0,0.0
Hyderabad,2026-04-19 13:00:00,40.6,14,8.6,1005.0,0.0
Hyderabad,2026-04-19 14:00:00,40.8,12,7.9,1004.0,0.0
Hyderabad,2026-04-19 15:00:00,40.3,12,4.0,1003.0,0.0
Hyderabad,2026-04-19 16:00:00,39.1,14,16.6,1003.0,0.0
Hyderabad,2026-04-19 17:00:00,37.7,17,19.8,1004.0,0.0
Hyderabad,2026-04-19 18:00:00,36.3,19,19.4,1005.0,0.0
Hyderabad,2026-04-19 19:00:00,35.5,19,11.9,1006.0,0.0
Hyderabad,2026-04-19 20:00:00,36.1,19,16.9,1007.0,0.0
Hyderabad,2026-04-19 21:00:00,35.5,20,16.2,1008.0,0.0
Hyderabad,2026-04-19 22:00:00,34.0,22,21.6,1009.0,0.0
Hyderabad,2026-04-19 23:00:00,33.8,23,18.4,1008.0,0.1
Hyderabad,2026-04-20 00:00:00,30.0,43,13.3,1008.0,0.0
Hyderabad,2026-04-20 01:00:00,29.8,44,5.8,1008.0,0.0
Hyderabad,2026-04-20 02:00:00,29.9,43,5.8,1007.0,0.0
Hyderabad,2026-04-20 03:00:00,29.7,43,1.8,1007.0,0.0
Hyderabad,2026-04-20 04:00:00,29.6,43,6.1,1007.0,0.0
Hyderabad,2026-04-20 05:00:00,28.5,48,12.6,1008.0,0.0
Hyderabad,2026-04-20 06:00:00,27.3,54,11.9,1008.0,0.0
Hyderabad,2026-04-20 07:00:00,29.4,46,13.7,1009.0,0.0
Hyderabad,2026-04-20 08:00:00,32.8,34,15.8,1009.0,0.0
Hyderabad,2026-04-20 09:00:00,35.9,25,16.2,1008.0,0.0
Hyderabad,2026-04-20 10:00:00,36.8,22,6.1,1008.0,0.0
Hyderabad,2026-04-20 11:00:00,37.0,21,9.0,1008.0,0.0
Hyderabad,2026-04-20 12:00:00,37.7,20,14.0,1006.0,0.0
Hyderabad,2026-04-20 13:00:00,38.5,18,14.8,1005.0,0.0
Hyderabad,2026-04-20 14:00:00,39.1,17,12.6,1004.0,0.0
Hyderabad,2026-04-20 15:00:00,38.6,18,8.3,1003.0,0.0
Hyderabad,2026-04-20 16:00:00,34.0,26,7.6,1005.0,0.0
Hyderabad,2026-04-20 17:00:00,33.1,28,27.0,1005.0,0.0
Hyderabad,2026-04-20 18:00:00,31.9,30,22.0,1006.0,0.1
Hyderabad,2026-04-20 19:00:00,31.8,29,12.2,1007.0,0.3
Hyderabad,2026-04-20 20:00:00,31.6,29,15.1,1009.0,0.2
Hyderabad,2026-04-20 21:00:00,31.2,31,21.2,1009.0,0.0
Hyderabad,2026-04-20 22:00:00,32.5,25,24.5,1008.0,0.0
Hyderabad,2026-04-20 23:00:00,32.6,24,18.7,1007.0,0.0
Hyderabad,2026-04-21 00:00:00,31.9,29,6.8,1008.0,0.0
Hyderabad,2026-04-21 01:00:00,32.1,29,15.1,1007.0,0.0
Hyderabad,2026-04-21 02:00:00,32.8,26,18.0,1006.0,0.0
Hyderabad,2026-04-21 03:00:00,31.3,27,18.7,1005.0,0.0
Hyderabad,2026-04-21 04:00:00,32.9,24,14.4,1005.0,0.0
Hyderabad,2026-04-21 05:00:00,31.3,29,6.1,1006.0,0.0
Hyderabad,2026-04-21 06:00:00,30.2,38,12.6,1007.0,0.0
Hyderabad,2026-04-21 07:00:00,31.3,35,4.3,1009.0,0.0
Hyderabad,2026-04-21 08:00:00,31.5,33,5.4,1010.0,0.0
Hyderabad,2026-04-21 09:00:00,32.8,28,4.7,1010.0,0.0
Hyderabad,2026-04-21 10:00:00,34.6,24,2.9,1010.0,0.0
Hyderabad,2026-04-21 11:00:00,36.3,22,3.6,1009.0,0.0
Hyderabad,2026-04-21 12:00:00,37.4,20,8.6,1007.0,0.0
Hyderabad,2026-04-21 13:00:00,38.4,18,10.1,1006.0,0.0
Hyderabad,2026-04-21 14:00:00,38.4,18,7.6,1004.0,0.0
Hyderabad,2026-04-21 15:00:00,38.5,17,3.2,1004.0,0.0
Hyderabad,2026-04-21 16:00:00,37.7,19,9.4,1004.0,0.0
Hyderabad,2026-04-21 17:00:00,36.7,20,7.9,1004.0,0.0
Hyderabad,2026-04-21 18:00:00,34.8,23,10.8,1006.0,0.0
Hyderabad,2026-04-21 19:00:00,34.1,24,11.5,1006.0,0.2
Hyderabad,2026-04-21 20:00:00,34.2,24,4.7,1007.0,0.0
Hyderabad,2026-04-21 21:00:00,33.7,25,2.9,1007.0,0.4
Hyderabad,2026-04-21 22:00:00,33.3,26,8.3,1008.0,0.3
Hyderabad,2026-04-21 23:00:00,31.6,31,14.8,1009.0,0.2
Hyderabad,2026-04-22 00:00:00,30.7,33,4.0,1008.0,0.9
Hyderabad,2026-04-22 01:00:00,30.2,36,11.2,1007.0,0.0
Hyderabad,2026-04-22 02:00:00,29.4,41,14.0,1007.0,0.0
Hyderabad,2026-04-22 03:00:00,28.0,46,13.3,1007.0,0.4
Hyderabad,2026-04-22 04:00:00,27.6,47,11.9,1007.0,0.0
Hyderabad,2026-04-22 05:00:00,28.1,44,12.2,1008.0,0.0
Hyderabad,2026-04-22 06:00:00,29.1,41,13.7,1009.0,0.0
Hyderabad,2026-04-22 07:00:00,29.6,39,20.5,1010.0,0.0
Hyderabad,2026-04-22 08:00:00,30.3,36,20.5,1010.0,0.0
Hyderabad,2026-04-22 09:00:00,31.7,33,13.3,1010.0,0.0
Hyderabad,2026-04-22 10:00:00,34.0,26,7.9,1009.0,0.0
Hyderabad,2026-04-22 11:00:00,35.3,23,5.0,1008.0,0.0
Hyderabad,2026-04-22 12:00:00,36.5,20,2.9,1007.0,0.0
Hyderabad,2026-04-22 13:00:00,37.9,18,4.0,1006.0,0.0
Hyderabad,2026-04-22 14:00:00,38.6,16,6.8,1004.0,0.0
Hyderabad,2026-04-22 15:00:00,38.8,16,7.9,1004.0,0.0
Hyderabad,2026-04-22 16:00:00,38.6,16,7.9,1003.0,0.0
Hyderabad,2026-04-22 17:00:00,38.2,16,7.9,1004.0,0.0
Hyderabad,2026-04-22 18:00:00,36.9,18,6.1,1004.0,0.0
Hyderabad,2026-04-22 19:00:00,35.2,20,5.0,1005.0,0.1
Hyderabad,2026-04-22 20:00:00,33.5,23,2.2,1006.0,0.0
Hyderabad,2026-04-22 21:00:00,33.9,23,4.0,1007.0,0.0
Hyderabad,2026-04-22 22:00:00,33.8,23,6.8,1007.0,0.0
Hyderabad,2026-04-22 23:00:00,33.3,24,9.4,1006.0,0.0
Hyderabad,2026-04-23 00:00:00,31.8,30,8.3,1007.0,0.0
Hyderabad,2026-04-23 01:00:00,30.9,32,8.3,1007.0,0.0
Hyderabad,2026-04-23 02:00:00,31.1,32,10.1,1006.0,0.0
Hyderabad,2026-04-23 03:00:00,30.1,35,13.0,1006.0,0.0
Hyderabad,2026-04-23 04:00:00,29.2,40,10.1,1006.0,0.0
Hyderabad,2026-04-23 05:00:00,28.9,44,9.4,1006.0,0.0
Hyderabad,2026-04-23 06:00:00,29.4,42,7.6,1007.0,0.0
Hyderabad,2026-04-23 07:00:00,32.0,33,10.4,1007.0,0.0
Hyderabad,2026-04-23 08:00:00,34.3,26,9.7,1008.0,0.0
Hyderabad,2026-04-23 09:00:00,36.1,23,10.8,1008.0,0.0
Hyderabad,2026-04-23 10:00:00,37.4,21,10.1,1008.0,0.0
Hyderabad,2026-04-23 11:00:00,38.7,18,7.9,1006.0,0.0
Hyderabad,2026-04-23 12:00:00,38.4,17,7.6,1005.0,0.0
Hyderabad,2026-04-23 13:00:00,38.4,17,7.9,1004.0,0.0
Hyderabad,2026-04-23 14:00:00,38.0,18,7.2,1004.0,0.6
Hyderabad,2026-04-23 15:00:00,36.6,20,12.2,1004.0,0.8
Hyderabad,2026-04-23 16:00:00,34.3,24,9.7,1004.0,0.2
Hyderabad,2026-04-23 17:00:00,34.9,24,6.5,1004.0,0.0
Hyderabad,2026-04-23 18:00:00,34.6,24,12.2,1005.0,0.1
Hyderabad,2026-04-23 19:00:00,34.5,25,14.4,1006.0,0.0
Hyderabad,2026-04-23 20:00:00,33.0,26,13.3,1007.0,0.0
Hyderabad,2026-04-23 21:00:00,33.3,25,15.5,1006.0,0.0
Hyderabad,2026-04-23 22:00:00,32.6,27,13.0,1007.0,0.0
Hyderabad,2026-04-23 23:00:00,31.8,29,10.1,1007.0,0.0
Hyderabad,2026-04-24 00:00:00,31.5,27,2.9,1006.0,0.0
Hyderabad,2026-04-24 01:00:00,31.5,27,2.9,1006.0,0.0
Hyderabad,2026-04-24 02:00:00,31.0,28,6.1,1005.0,0.0
Hyderabad,2026-04-24 03:00:00,30.7,28,8.6,1005.0,0.0
Hyderabad,2026-04-24 04:00:00,30.1,29,7.9,1005.0,0.0
Hyderabad,2026-04-24 05:00:00,29.7,28,5.8,1006.0,0.0
Hyderabad,2026-04-24 06:00:00,29.8,28,2.5,1007.0,0.0
Hyderabad,2026-04-24 07:00:00,31.5,27,3.6,1008.0,0.0
Hyderabad,2026-04-24 08:00:00,33.4,24,2.9,1009.0,0.0
Hyderabad,2026-04-24 09:00:00,35.2,21,6.1,1009.0,0.0
Hyderabad,2026-04-24 10:00:00,37.0,19,10.4,1008.0,0.0
Hyderabad,2026-04-24 11:00:00,38.3,17,11.5,1007.0,0.0
Hyderabad,2026-04-24 12:00:00,39.2,16,9.7,1006.0,0.0
Hyderabad,2026-04-24 13:00:00,39.9,14,5.0,1004.0,0.0
Hyderabad,2026-04-24 14:00:00,39.9,14,1.4,1004.0,0.0
Hyderabad,2026-04-24 15:00:00,39.5,14,4.7,1003.0,0.0
Hyderabad,2026-04-24 16:00:00,38.8,15,9.4,1003.0,0.0
Hyderabad,2026-04-24 17:00:00,37.8,16,17.3,1004.0,0.0
Hyderabad,2026-04-24 18:00:00,36.0,18,12.6,1005.0,0.0
Hyderabad,2026-04-24 19:00:00,35.5,18,9.0,1005.0,0.0
Hyderabad,2026-04-24 20:00:00,35.0,19,9.0,1006.0,0.0
Hyderabad,2026-04-24 21:00:00,34.3,20,9.4,1007.0,0.0
Hyderabad,2026-04-24 22:00:00,33.7,23,11.9,1007.0,0.0
Hyderabad,2026-04-24 23:00:00,32.7,26,9.0,1007.0,0.0
Hyderabad,2026-04-25 00:00:00,33.1,23,13.3,1006.0,0.0
Hyderabad,2026-04-25 01:00:00,32.0,25,13.0,1006.0,0.0
Hyderabad,2026-04-25 02:00:00,31.6,26,12.6,1006.0,0.0
Hyderabad,2026-04-25 03:00:00,31.0,26,11.5,1006.0,0.0
Hyderabad,2026-04-25 04:00:00,30.4,28,8.6,1006.0,0.0
Hyderabad,2026-04-25 05:00:00,29.3,31,11.9,1007.0,0.0
Hyderabad,2026-04-25 06:00:00,29.4,31,9.4,1008.0,0.0
Hyderabad,2026-04-25 07:00:00,31.2,29,8.3,1009.0,0.0
Hyderabad,2026-04-25 08:00:00,33.0,26,10.4,1010.0,0.0
Hyderabad,2026-04-25 09:00:00,35.0,22,11.9,1010.0,0.0
Hyderabad,2026-04-25 10:00:00,36.5,20,10.4,1009.0,0.0
Hyderabad,2026-04-25 11:00:00,37.8,18,9.0,1008.0,0.0
Hyderabad,2026-04-25 12:00:00,38.9,16,6.8,1007.0,0.0
Hyderabad,2026-04-25 13:00:00,39.6,15,5.4,1006.0,0.0
Hyderabad,2026-04-25 14:00:00,40.0,14,5.0,1005.0,0.0
Hyderabad,2026-04-25 15:00:00,40.3,13,7.6,1004.0,0.0
Hyderabad,2026-04-25 16:00:00,40.1,13,10.4,1004.0,0.0
Hyderabad,2026-04-25 17:00:00,39.2,13,13.3,1004.0,0.0
Hyderabad,2026-04-25 18:00:00,37.9,15,9.7,1005.0,0.0
Hyderabad,2026-04-25 19:00:00,36.9,18,15.1,1006.0,0.0
Hyderabad,2026-04-25 20:00:00,35.9,20,22.3,1007.0,0.0
Hyderabad,2026-04-25 21:00:00,33.2,32,22.7,1008.0,0.0
Hyderabad,2026-04-25 22:00:00,31.5,42,19.8,1008.0,0.0
Hyderabad,2026-04-25 23:00:00,31.1,43,16.2,1008.0,0.0
Quetta,2026-04-19 00:00:00,18.0,50,1.4,1012.0,0.0
Quetta,2026-04-19 01:00:00,17.5,51,2.9,1012.0,0.0
Quetta,2026-04-19 02:00:00,16.3,50,4.7,1012.0,0.0
Quetta,2026-04-19 03:00:00,14.9,50,3.6,1012.0,0.0
Quetta,2026-04-19 04:00:00,13.5,49,2.2,1012.0,0.0
Quetta,2026-04-19 05:00:00,13.1,48,4.3,1012.0,0.0
Quetta,2026-04-19 06:00:00,12.6,47,4.7,1013.0,0.0
Quetta,2026-04-19 07:00:00,15.4,44,2.9,1013.0,0.0
Quetta,2026-04-19 08:00:00,17.6,35,2.5,1013.0,0.0
Quetta,2026-04-19 09:00:00,18.8,27,4.7,1013.0,0.0
Quetta,2026-04-19 10:00:00,20.1,20,9.4,1014.0,0.0
Quetta,2026-04-19 11:00:00,21.0,18,14.4,1014.0,0.0
Quetta,2026-04-19 12:00:00,21.8,17,16.9,1013.0,0.0
Quetta,2026-04-19 13:00:00,22.4,15,17.3,1012.0,0.0
Quetta,2026-04-19 14:00:00,23.2,14,22.3,1012.0,0.0
Quetta,2026-04-19 15:00:00,23.2,14,28.1,1011.0,0.0
Quetta,2026-04-19 16:00:00,23.0,14,26.3,1011.0,0.0
Quetta,2026-04-19 17:00:00,22.8,13,23.8,1011.0,0.0
Quetta,2026-04-19 18:00:00,22.4,13,23.4,1011.0,0.0
Quetta,2026-04-19 19:00:00,21.2,16,16.6,1012.0,0.0
Quetta,2026-04-19 20:00:00,19.6,18,10.4,1013.0,0.0
Quetta,2026-04-19 21:00:00,18.4,20,8.6,1013.0,0.0
Quetta,2026-04-19 22:00:00,17.2,21,7.6,1014.0,0.0
Quetta,2026-04-19 23:00:00,16.2,22,6.5,1014.0,0.0
Quetta,2026-04-20 00:00:00,15.8,26,4.3,1014.0,0.0
Quetta,2026-04-20 01:00:00,15.2,26,4.0,1013.0,0.0
Quetta,2026-04-20 02:00:00,14.7,26,5.0,1013.0,0.0
Quetta,2026-04-20 03:00:00,14.1,26,4.7,1012.0,0.0
Quetta,2026-04-20 04:00:00,13.5,26,4.3,1012.0,0.0
Quetta,2026-04-20 05:00:00,13.0,28,2.5,1012.0,0.0
Quetta,2026-04-20 06:00:00,12.9,28,1.4,1013.0,0.0
Quetta,2026-04-20 07:00:00,14.4,25,5.0,1014.0,0.0
Quetta,2026-04-20 08:00:00,18.8,18,1.8,1014.0,0.0
Quetta,2026-04-20 09:00:00,20.1,16,2.2,1014.0,0.0
Quetta,2026-04-20 10:00:00,21.3,13,2.9,1014.0,0.0
Quetta,2026-04-20 11:00:00,22.1,12,5.8,1013.0,0.0
Quetta,2026-04-20 12:00:00,22.9,12,7.2,1012.0,0.0
Quetta,2026-04-20 13:00:00,23.6,11,7.6,1012.0,0.0
Quetta,2026-04-20 14:00:00,24.1,11,7.6,1011.0,0.0
Quetta,2026-04-20 15:00:00,24.6,10,9.4,1010.0,0.0
Quetta,2026-04-20 16:00:00,24.7,10,9.7,1010.0,0.0
Quetta,2026-04-20 17:00:00,24.4,10,8.6,1010.0,0.0
Quetta,2026-04-20 18:00:00,24.1,11,8.3,1010.0,0.0
Quetta,2026-04-20 19:00:00,23.1,16,6.8,1011.0,0.0
Quetta,2026-04-20 20:00:00,20.9,19,4.3,1011.0,0.0
Quetta,2026-04-20 21:00:00,19.5,20,4.3,1012.0,0.0
Quetta,2026-04-20 22:00:00,18.5,22,0.7,1012.0,0.0
Quetta,2026-04-20 23:00:00,17.8,22,2.5,1013.0,0.0
Quetta,2026-04-21 00:00:00,17.3,24,4.7,1012.0,0.0
Quetta,2026-04-21 01:00:00,16.6,24,5.4,1012.0,0.0
Quetta,2026-04-21 02:00:00,16.4,24,5.4,1011.0,0.0
Quetta,2026-04-21 03:00:00,15.8,24,5.8,1011.0,0.0
Quetta,2026-04-21 04:00:00,15.5,24,5.8,1011.0,0.0
Quetta,2026-04-21 05:00:00,15.2,23,6.5,1011.0,0.0
Quetta,2026-04-21 06:00:00,15.3,23,6.1,1011.0,0.0
Quetta,2026-04-21 07:00:00,16.4,22,7.2,1012.0,0.0
Quetta,2026-04-21 08:00:00,20.9,18,5.4,1012.0,0.0
Quetta,2026-04-21 09:00:00,22.4,15,5.0,1012.0,0.0
Quetta,2026-04-21 10:00:00,23.6,14,4.3,1012.0,0.0
Quetta,2026-04-21 11:00:00,24.7,14,9.7,1012.0,0.0
Quetta,2026-04-21 12:00:00,25.4,14,13.3,1011.0,0.0
Quetta,2026-04-21 13:00:00,25.8,14,14.0,1010.0,0.0
Quetta,2026-04-21 14:00:00,26.1,14,12.6,1010.0,0.0
Quetta,2026-04-21 15:00:00,26.3,14,10.8,1009.0,0.0
Quetta,2026-04-21 16:00:00,26.5,14,9.4,1008.0,0.0
Quetta,2026-04-21 17:00:00,26.5,15,8.3,1008.0,0.0
Quetta,2026-04-21 18:00:00,26.2,17,8.3,1008.0,0.0
Quetta,2026-04-21 19:00:00,24.9,22,9.7,1009.0,0.0
Quetta,2026-04-21 20:00:00,23.6,27,2.5,1010.0,0.0
Quetta,2026-04-21 21:00:00,22.3,27,5.4,1010.0,0.0
Quetta,2026-04-21 22:00:00,21.2,27,7.6,1011.0,0.0
Quetta,2026-04-21 23:00:00,19.9,28,8.6,1011.0,0.0
Quetta,2026-04-22 00:00:00,18.8,33,8.3,1011.0,0.0
Quetta,2026-04-22 01:00:00,18.1,34,7.9,1010.0,0.0
Quetta,2026-04-22 02:00:00,17.8,34,9.0,1010.0,0.0
Quetta,2026-04-22 03:00:00,17.5,34,8.6,1010.0,0.0
Quetta,2026-04-22 04:00:00,17.2,35,8.3,1010.0,0.0
Quetta,2026-04-22 05:00:00,16.8,35,8.3,1010.0,0.0
Quetta,2026-04-22 06:00:00,16.5,36,8.3,1011.0,0.0
Quetta,2026-04-22 07:00:00,17.9,37,6.8,1012.0,0.0
Quetta,2026-04-22 08:00:00,21.5,31,6.5,1012.0,0.0
Quetta,2026-04-22 09:00:00,22.9,29,8.6,1012.0,0.0
Quetta,2026-04-22 10:00:00,23.9,28,9.4,1012.0,0.0
Quetta,2026-04-22 11:00:00,24.7,27,10.4,1011.0,0.0
Quetta,2026-04-22 12:00:00,25.6,25,12.2,1010.0,0.0
Quetta,2026-04-22 13:00:00,26.3,23,12.6,1009.0,0.0
Quetta,2026-04-22 14:00:00,27.0,22,14.8,1008.0,0.0
Quetta,2026-04-22 15:00:00,27.1,21,16.9,1008.0,0.0
Quetta,2026-04-22 16:00:00,26.7,21,20.5,1007.0,0.0
Quetta,2026-04-22 17:00:00,26.3,21,20.2,1007.0,0.0
Quetta,2026-04-22 18:00:00,25.9,22,17.6,1008.0,0.0
Quetta,2026-04-22 19:00:00,25.1,25,14.8,1008.0,0.0
Quetta,2026-04-22 20:00:00,23.9,29,9.4,1009.0,0.0
Quetta,2026-04-22 21:00:00,22.1,32,6.8,1010.0,0.0
Quetta,2026-04-22 22:00:00,21.5,32,6.5,1010.0,0.0
Quetta,2026-04-22 23:00:00,20.4,33,7.2,1010.0,0.0
Quetta,2026-04-23 00:00:00,21.1,31,6.5,1010.0,0.0
Quetta,2026-04-23 01:00:00,19.9,33,5.4,1010.0,0.0
Quetta,2026-04-23 02:00:00,19.4,33,5.0,1010.0,0.0
Quetta,2026-04-23 03:00:00,18.3,35,4.0,1010.0,0.0
Quetta,2026-04-23 04:00:00,18.0,35,4.3,1009.0,0.0
Quetta,2026-04-23 05:00:00,17.6,36,4.3,1010.0,0.0
Quetta,2026-04-23 06:00:00,17.2,37,4.0,1010.0,0.0
Quetta,2026-04-23 07:00:00,19.7,35,3.2,1011.0,0.0
Quetta,2026-04-23 08:00:00,22.5,29,3.2,1011.0,0.0
Quetta,2026-04-23 09:00:00,23.7,27,3.6,1012.0,0.0
Quetta,2026-04-23 10:00:00,24.8,24,5.0,1012.0,0.0
Quetta,2026-04-23 11:00:00,25.5,21,6.1,1011.0,0.0
Quetta,2026-04-23 12:00:00,26.2,20,6.5,1011.0,0.0
Quetta,2026-04-23 13:00:00,26.7,20,6.1,1010.0,0.0
Quetta,2026-04-23 14:00:00,27.4,18,6.5,1009.0,0.0
Quetta,2026-04-23 15:00:00,27.9,17,7.6,1008.0,0.0
Quetta,2026-04-23 16:00:00,28.2,17,10.4,1007.0,0.0
Quetta,2026-04-23 17:00:00,28.2,17,14.0,1007.0,0.0
Quetta,2026-04-23 18:00:00,27.8,18,12.2,1008.0,0.0
Quetta,2026-04-23 19:00:00,26.7,21,11.2,1008.0,0.0
Quetta,2026-04-23 20:00:00,25.4,24,6.1,1009.0,0.0
Quetta,2026-04-23 21:00:00,24.6,26,3.2,1010.0,0.0
Quetta,2026-04-23 22:00:00,23.9,27,7.9,1011.0,0.0
Quetta,2026-04-23 23:00:00,23.0,29,7.2,1011.0,0.0
Quetta,2026-04-24 00:00:00,20.3,32,9.0,1010.0,0.0
Quetta,2026-04-24 01:00:00,19.3,36,7.6,1010.0,0.0
Quetta,2026-04-24 02:00:00,18.8,37,7.2,1010.0,0.0
Quetta,2026-04-24 03:00:00,18.5,38,7.6,1010.0,0.0
Quetta,2026-04-24 04:00:00,18.1,38,6.8,1010.0,0.0
Quetta,2026-04-24 05:00:00,18.0,38,8.3,1010.0,0.0
Quetta,2026-04-24 06:00:00,17.5,40,7.2,1011.0,0.0
Quetta,2026-04-24 07:00:00,19.5,39,6.1,1011.0,0.0
Quetta,2026-04-24 08:00:00,22.7,33,4.7,1012.0,0.0
Quetta,2026-04-24 09:00:00,24.0,29,6.8,1012.0,0.0
Quetta,2026-04-24 10:00:00,25.0,27,10.8,1012.0,0.0
Quetta,2026-04-24 11:00:00,26.1,24,11.9,1012.0,0.0
Quetta,2026-04-24 12:00:00,27.1,21,14.0,1011.0,0.0
Quetta,2026-04-24 13:00:00,27.9,19,16.6,1010.0,0.0
Quetta,2026-04-24 14:00:00,28.5,18,20.5,1009.0,0.0
Quetta,2026-04-24 15:00:00,28.6,17,27.0,1009.0,0.0
Quetta,2026-04-24 16:00:00,28.2,17,27.0,1008.0,0.0
Quetta,2026-04-24 17:00:00,27.7,17,26.6,1009.0,0.0
Quetta,2026-04-24 18:00:00,26.8,19,28.8,1009.0,0.0
Quetta,2026-04-24 19:00:00,25.7,23,23.0,1010.0,0.0
Quetta,2026-04-24 20:00:00,24.8,26,15.5,1010.0,0.0
Quetta,2026-04-24 21:00:00,24.3,28,6.5,1011.0,0.0
Quetta,2026-04-24 22:00:00,22.3,31,4.0,1012.0,0.0
Quetta,2026-04-24 23:00:00,21.5,32,4.7,1012.0,0.0
Quetta,2026-04-25 00:00:00,20.4,35,5.0,1012.0,0.0
Quetta,2026-04-25 01:00:00,19.5,37,3.2,1011.0,0.0
Quetta,2026-04-25 02:00:00,19.5,36,3.2,1011.0,0.0
Quetta,2026-04-25 03:00:00,18.8,37,4.3,1011.0,0.0
Quetta,2026-04-25 04:00:00,18.2,37,5.8,1011.0,0.0
Quetta,2026-04-25 05:00:00,18.0,37,6.5,1012.0,0.0
Quetta,2026-04-25 06:00:00,17.7,38,6.5,1012.0,0.0
Quetta,2026-04-25 07:00:00,19.4,36,7.6,1013.0,0.0
Quetta,2026-04-25 08:00:00,22.8,31,9.4,1013.0,0.0
Quetta,2026-04-25 09:00:00,24.0,26,11.5,1014.0,0.0
Quetta,2026-04-25 10:00:00,24.7,23,11.9,1014.0,0.0
Quetta,2026-04-25 11:00:00,25.6,20,11.5,1014.0,0.0
Quetta,2026-04-25 12:00:00,26.4,20,11.9,1013.0,0.0
Quetta,2026-04-25 13:00:00,27.2,19,15.5,1012.0,0.0
Quetta,2026-04-25 14:00:00,27.8,18,18.7,1012.0,0.0
Quetta,2026-04-25 15:00:00,28.0,18,21.2,1011.0,0.0
Quetta,2026-04-25 16:00:00,27.8,18,24.8,1011.0,0.0
Quetta,2026-04-25 17:00:00,27.3,19,20.2,1011.0,0.0
Quetta,2026-04-25 18:00:00,26.6,20,16.2,1011.0,0.0
Quetta,2026-04-25 19:00:00,25.7,23,13.0,1012.0,0.0
Quetta,2026-04-25 20:00:00,24.7,26,11.9,1013.0,0.0
Quetta,2026-04-25 21:00:00,23.5,29,7.6,1014.0,0.0
Quetta,2026-04-25 22:00:00,22.6,30,6.5,1014.0,0.0
Quetta,2026-04-25 23:00:00,21.7,31,6.1,1014.0,0.0
Gujranwala,2026-04-19 00:00:00,26.3,42,19.8,1006.0,0.0
Gujranwala,2026-04-19 01:00:00,26.2,46,30.2,1007.0,0.0
Gujranwala,2026-04-19 02:00:00,24.7,49,32.0,1007.0,0.0
Gujranwala,2026-04-19 03:00:00,24.7,46,29.9,1006.0,0.0
Gujranwala,2026-04-19 04:00:00,24.0,48,27.4,1006.0,0.0
Gujranwala,2026-04-19 05:00:00,23.9,47,23.8,1006.0,0.0
Gujranwala,2026-04-19 06:00:00,24.1,44,20.2,1006.0,0.0
Gujranwala,2026-04-19 07:00:00,26.1,37,16.2,1006.0,0.0
Gujranwala,2026-04-19 08:00:00,28.0,32,16.6,1006.0,0.0
Gujranwala,2026-04-19 09:00:00,29.6,30,16.6,1006.0,0.0
Gujranwala,2026-04-19 10:00:00,31.9,25,14.0,1006.0,0.0
Gujranwala,2026-04-19 11:00:00,33.5,22,12.6,1006.0,0.0
Gujranwala,2026-04-19 12:00:00,34.5,20,10.8,1005.0,0.0
Gujranwala,2026-04-19 13:00:00,34.5,20,11.5,1005.0,0.0
Gujranwala,2026-04-19 14:00:00,34.6,20,15.8,1004.0,0.0
Gujranwala,2026-04-19 15:00:00,31.6,27,24.8,1005.0,0.0
Gujranwala,2026-04-19 16:00:00,29.6,29,17.3,1005.0,0.0
Gujranwala,2026-04-19 17:00:00,30.1,28,16.6,1004.0,0.0
Gujranwala,2026-04-19 18:00:00,28.4,32,22.7,1004.0,0.0
Gujranwala,2026-04-19 19:00:00,26.0,36,14.4,1005.0,0.0
Gujranwala,2026-04-19 20:00:00,24.9,39,11.2,1006.0,0.0
Gujranwala,2026-04-19 21:00:00,24.1,43,14.8,1007.0,0.0
Gujranwala,2026-04-19 22:00:00,23.0,48,11.2,1007.0,0.0
Gujranwala,2026-04-19 23:00:00,23.2,46,14.4,1006.0,0.0
Gujranwala,2026-04-20 00:00:00,23.3,43,11.2,1007.0,0.0
Gujranwala,2026-04-20 01:00:00,22.9,44,8.3,1007.0,0.0
Gujranwala,2026-04-20 02:00:00,22.6,44,7.6,1006.0,0.0
Gujranwala,2026-04-20 03:00:00,22.2,44,8.3,1007.0,0.0
Gujranwala,2026-04-20 04:00:00,22.1,44,8.6,1006.0,0.0
Gujranwala,2026-04-20 05:00:00,22.0,43,8.6,1007.0,0.0
Gujranwala,2026-04-20 06:00:00,22.3,42,9.0,1007.0,0.0
Gujranwala,2026-04-20 07:00:00,25.3,35,9.7,1007.0,0.0
Gujranwala,2026-04-20 08:00:00,29.2,27,11.5,1007.0,0.0
Gujranwala,2026-04-20 09:00:00,32.5,22,11.9,1007.0,0.0
Gujranwala,2026-04-20 10:00:00,34.9,19,13.0,1007.0,0.0
Gujranwala,2026-04-20 11:00:00,36.8,16,14.0,1006.0,0.0
Gujranwala,2026-04-20 12:00:00,38.0,14,15.8,1005.0,0.0
Gujranwala,2026-04-20 13:00:00,38.5,12,16.9,1004.0,0.0
Gujranwala,2026-04-20 14:00:00,38.7,11,18.4,1003.0,0.0
Gujranwala,2026-04-20 15:00:00,38.3,12,20.2,1003.0,0.0
Gujranwala,2026-04-20 16:00:00,37.5,12,20.9,1003.0,0.0
Gujranwala,2026-04-20 17:00:00,36.9,13,18.7,1003.0,0.0
Gujranwala,2026-04-20 18:00:00,34.5,15,14.8,1003.0,0.0
Gujranwala,2026-04-20 19:00:00,31.3,18,15.1,1004.0,0.0
Gujranwala,2026-04-20 20:00:00,29.9,21,14.4,1004.0,0.0
Gujranwala,2026-04-20 21:00:00,28.9,24,14.0,1005.0,0.0
Gujranwala,2026-04-20 22:00:00,27.7,28,13.3,1005.0,0.0
Gujranwala,2026-04-20 23:00:00,26.5,31,11.9,1005.0,0.0
Gujranwala,2026-04-21 00:00:00,26.0,29,11.5,1005.0,0.0
Gujranwala,2026-04-21 01:00:00,25.1,31,10.8,1005.0,0.0
Gujranwala,2026-04-21 02:00:00,24.6,33,10.8,1005.0,0.0
Gujranwala,2026-04-21 03:00:00,24.0,34,9.4,1005.0,0.0
Gujranwala,2026-04-21 04:00:00,23.5,35,7.6,1004.0,0.0
Gujranwala,2026-04-21 05:00:00,23.0,37,7.2,1004.0,0.0
Gujranwala,2026-04-21 06:00:00,23.2,37,7.2,1005.0,0.0
Gujranwala,2026-04-21 07:00:00,26.1,31,7.6,1005.0,0.0
Gujranwala,2026-04-21 08:00:00,29.4,26,8.3,1006.0,0.0
Gujranwala,2026-04-21 09:00:00,32.3,21,9.0,1006.0,0.0
Gujranwala,2026-04-21 10:00:00,34.7,17,9.0,1006.0,0.0
Gujranwala,2026-04-21 11:00:00,36.8,14,9.7,1005.0,0.0
Gujranwala,2026-04-21 12:00:00,38.1,11,10.8,1004.0,0.0
Gujranwala,2026-04-21 13:00:00,38.9,9,11.9,1004.0,0.0
Gujranwala,2026-04-21 14:00:00,39.4,9,13.0,1003.0,0.0
Gujranwala,2026-04-21 15:00:00,39.6,9,14.8,1002.0,0.0
Gujranwala,2026-04-21 16:00:00,39.0,9,16.2,1002.0,0.0
Gujranwala,2026-04-21 17:00:00,38.1,10,18.0,1002.0,0.0
Gujranwala,2026-04-21 18:00:00,35.8,12,14.4,1002.0,0.0
Gujranwala,2026-04-21 19:00:00,32.2,15,13.0,1003.0,0.0
Gujranwala,2026-04-21 20:00:00,30.7,16,13.3,1003.0,0.0
Gujranwala,2026-04-21 21:00:00,29.6,17,13.0,1004.0,0.0
Gujranwala,2026-04-21 22:00:00,28.6,18,13.0,1004.0,0.0
Gujranwala,2026-04-21 23:00:00,27.6,20,11.5,1004.0,0.0
Gujranwala,2026-04-22 00:00:00,27.2,22,10.1,1004.0,0.0
Gujranwala,2026-04-22 01:00:00,26.8,23,10.8,1004.0,0.0
Gujranwala,2026-04-22 02:00:00,26.4,24,10.1,1003.0,0.0
Gujranwala,2026-04-22 03:00:00,26.0,24,10.1,1003.0,0.0
Gujranwala,2026-04-22 04:00:00,25.1,26,9.7,1003.0,0.0
Gujranwala,2026-04-22 05:00:00,24.5,27,8.6,1003.0,0.0
Gujranwala,2026-04-22 06:00:00,24.7,28,7.2,1004.0,0.0
Gujranwala,2026-04-22 07:00:00,27.8,24,6.8,1004.0,0.0
Gujranwala,2026-04-22 08:00:00,31.0,20,6.8,1005.0,0.0
Gujranwala,2026-04-22 09:00:00,33.7,17,7.2,1005.0,0.0
Gujranwala,2026-04-22 10:00:00,35.9,14,8.3,1005.0,0.0
Gujranwala,2026-04-22 11:00:00,37.9,12,9.4,1004.0,0.0
Gujranwala,2026-04-22 12:00:00,39.5,10,11.5,1004.0,0.0
Gujranwala,2026-04-22 13:00:00,40.6,10,12.6,1003.0,0.0
Gujranwala,2026-04-22 14:00:00,41.2,9,13.3,1002.0,0.0
Gujranwala,2026-04-22 15:00:00,41.4,9,13.7,1001.0,0.0
Gujranwala,2026-04-22 16:00:00,40.9,9,14.4,1000.0,0.0
Gujranwala,2026-04-22 17:00:00,40.1,10,15.1,1000.0,0.0
Gujranwala,2026-04-22 18:00:00,37.4,12,12.2,1000.0,0.0
Gujranwala,2026-04-22 19:00:00,33.6,15,11.9,1001.0,0.0
Gujranwala,2026-04-22 20:00:00,32.0,17,10.1,1002.0,0.0
Gujranwala,2026-04-22 21:00:00,30.8,18,8.6,1002.0,0.0
Gujranwala,2026-04-22 22:00:00,30.1,20,8.3,1002.0,0.0
Gujranwala,2026-04-22 23:00:00,29.3,21,7.9,1003.0,0.0
Gujranwala,2026-04-23 00:00:00,28.6,26,10.4,1003.0,0.0
Gujranwala,2026-04-23 01:00:00,27.9,27,9.4,1003.0,0.0
Gujranwala,2026-04-23 02:00:00,27.2,28,6.8,1002.0,0.0
Gujranwala,2026-04-23 03:00:00,26.6,29,4.3,1003.0,0.0
Gujranwala,2026-04-23 04:00:00,26.2,30,2.9,1002.0,0.0
Gujranwala,2026-04-23 05:00:00,26.0,30,4.3,1002.0,0.0
Gujranwala,2026-04-23 06:00:00,26.5,30,1.8,1003.0,0.0
Gujranwala,2026-04-23 07:00:00,29.6,25,2.5,1003.0,0.0
Gujranwala,2026-04-23 08:00:00,32.7,21,7.9,1004.0,0.0
Gujranwala,2026-04-23 09:00:00,35.3,18,9.7,1004.0,0.0
Gujranwala,2026-04-23 10:00:00,37.6,16,10.4,1004.0,0.0
Gujranwala,2026-04-23 11:00:00,39.6,14,11.5,1004.0,0.0
Gujranwala,2026-04-23 12:00:00,41.0,12,11.5,1003.0,0.0
Gujranwala,2026-04-23 13:00:00,41.8,11,11.5,1002.0,0.0
Gujranwala,2026-04-23 14:00:00,42.3,11,12.2,1001.0,0.0
Gujranwala,2026-04-23 15:00:00,42.3,11,14.0,1001.0,0.0
Gujranwala,2026-04-23 16:00:00,41.8,11,16.9,1000.0,0.0
Gujranwala,2026-04-23 17:00:00,40.8,12,20.2,1000.0,0.0
Gujranwala,2026-04-23 18:00:00,38.4,15,18.4,1000.0,0.0
Gujranwala,2026-04-23 19:00:00,34.9,19,15.5,1001.0,0.0
Gujranwala,2026-04-23 20:00:00,33.1,22,14.4,1002.0,0.0
Gujranwala,2026-04-23 21:00:00,32.0,24,13.3,1002.0,0.0
Gujranwala,2026-04-23 22:00:00,31.4,26,12.6,1002.0,0.0
Gujranwala,2026-04-23 23:00:00,31.0,27,12.2,1002.0,0.0
Gujranwala,2026-04-24 00:00:00,30.6,27,9.7,1003.0,0.0
Gujranwala,2026-04-24 01:00:00,30.4,28,11.9,1003.0,0.0
Gujranwala,2026-04-24 02:00:00,30.1,30,15.1,1003.0,0.0
Gujranwala,2026-04-24 03:00:00,29.7,31,14.0,1003.0,0.0
Gujranwala,2026-04-24 04:00:00,29.3,32,14.4,1003.0,0.0
Gujranwala,2026-04-24 05:00:00,28.1,35,10.4,1003.0,0.0
Gujranwala,2026-04-24 06:00:00,28.3,35,8.3,1003.0,0.0
Gujranwala,2026-04-24 07:00:00,30.9,30,8.3,1004.0,0.0
Gujranwala,2026-04-24 08:00:00,33.5,25,7.6,1004.0,0.0
Gujranwala,2026-04-24 09:00:00,36.3,20,8.3,1005.0,0.0
Gujranwala,2026-04-24 10:00:00,38.5,17,11.9,1005.0,0.0
Gujranwala,2026-04-24 11:00:00,40.1,15,13.7,1004.0,0.0
Gujranwala,2026-04-24 12:00:00,41.3,14,14.4,1003.0,0.0
Gujranwala,2026-04-24 13:00:00,42.0,12,15.1,1002.0,0.0
Gujranwala,2026-04-24 14:00:00,42.4,12,16.2,1001.0,0.0
Gujranwala,2026-04-24 15:00:00,42.4,11,18.4,1000.0,0.0
Gujranwala,2026-04-24 16:00:00,42.0,11,19.1,1000.0,0.0
Gujranwala,2026-04-24 17:00:00,41.2,11,19.1,1000.0,0.0
Gujranwala,2026-04-24 18:00:00,39.1,14,16.6,1000.0,0.0
Gujranwala,2026-04-24 19:00:00,35.3,17,13.7,1001.0,0.0
Gujranwala,2026-04-24 20:00:00,33.9,20,13.3,1002.0,0.0
Gujranwala,2026-04-24 21:00:00,33.0,22,13.0,1003.0,0.0
Gujranwala,2026-04-24 22:00:00,32.4,23,13.0,1003.0,0.0
Gujranwala,2026-04-24 23:00:00,31.5,26,14.0,1004.0,0.0
Gujranwala,2026-04-25 00:00:00,28.8,39,23.4,1005.0,0.0
Gujranwala,2026-04-25 01:00:00,29.5,36,19.4,1005.0,0.0
Gujranwala,2026-04-25 02:00:00,29.0,37,14.8,1005.0,0.0
Gujranwala,2026-04-25 03:00:00,28.1,38,12.2,1006.0,0.0
Gujranwala,2026-04-25 04:00:00,27.2,40,11.2,1006.0,0.0
Gujranwala,2026-04-25 05:00:00,26.7,42,8.6,1006.0,0.0
Gujranwala,2026-04-25 06:00:00,27.1,40,10.1,1006.0,0.0
Gujranwala,2026-04-25 07:00:00,29.6,34,12.2,1006.0,0.0
Gujranwala,2026-04-25 08:00:00,32.8,27,14.0,1007.0,0.0
Gujranwala,2026-04-25 09:00:00,35.6,22,13.7,1007.0,0.0
Gujranwala,2026-04-25 10:00:00,37.8,18,7.6,1007.0,0.0
Gujranwala,2026-04-25 11:00:00,40.1,16,4.3,1006.0,0.0
Gujranwala,2026-04-25 12:00:00,41.1,14,7.2,1005.0,0.0
Gujranwala,2026-04-25 13:00:00,41.6,13,11.2,1005.0,0.0
Gujranwala,2026-04-25 14:00:00,42.1,13,13.3,1004.0,0.0
Gujranwala,2026-04-25 15:00:00,42.1,12,17.3,1003.0,0.0
Gujranwala,2026-04-25 16:00:00,41.6,13,20.2,1002.0,0.0
Gujranwala,2026-04-25 17:00:00,40.7,13,19.4,1002.0,0.0
Gujranwala,2026-04-25 18:00:00,39.1,15,16.9,1002.0,0.0
Gujranwala,2026-04-25 19:00:00,35.4,19,12.6,1003.0,0.0
Gujranwala,2026-04-25 20:00:00,33.8,21,13.0,1004.0,0.0
Gujranwala,2026-04-25 21:00:00,32.3,24,11.9,1004.0,0.0
Gujranwala,2026-04-25 22:00:00,31.5,25,11.9,1004.0,0.0
Gujranwala,2026-04-25 23:00:00,30.8,27,14.0,1005.0,0.0
Bahawalpur,2026-04-19 00:00:00,26.0,49,34.9,1007.0,0.0
Bahawalpur,2026-04-19 01:00:00,26.0,47,29.9,1006.0,0.0
Bahawalpur,2026-04-19 02:00:00,25.6,48,25.6,1005.0,0.0
Bahawalpur,2026-04-19 03:00:00,25.2,48,19.4,1005.0,0.0
Bahawalpur,2026-04-19 04:00:00,25.1,48,15.5,1005.0,0.0
Bahawalpur,2026-04-19 05:00:00,25.2,47,14.0,1005.0,0.0
Bahawalpur,2026-04-19 06:00:00,25.2,46,13.7,1006.0,0.0
Bahawalpur,2026-04-19 07:00:00,26.7,41,16.6,1006.0,0.0
Bahawalpur,2026-04-19 08:00:00,28.8,35,18.4,1007.0,0.0
Bahawalpur,2026-04-19 09:00:00,30.9,31,14.8,1007.0,0.0
Bahawalpur,2026-04-19 10:00:00,33.0,27,15.1,1007.0,0.0
Bahawalpur,2026-04-19 11:00:00,34.7,24,14.4,1006.0,0.0
Bahawalpur,2026-04-19 12:00:00,35.6,22,11.5,1005.0,0.0
Bahawalpur,2026-04-19 13:00:00,36.3,20,5.4,1005.0,0.0
Bahawalpur,2026-04-19 14:00:00,37.1,18,4.3,1004.0,0.0
Bahawalpur,2026-04-19 15:00:00,37.7,17,5.0,1003.0,0.0
Bahawalpur,2026-04-19 16:00:00,38.0,16,5.0,1002.0,0.0
Bahawalpur,2026-04-19 17:00:00,37.9,15,6.8,1002.0,0.0
Bahawalpur,2026-04-19 18:00:00,37.0,16,7.9,1003.0,0.0
Bahawalpur,2026-04-19 19:00:00,34.2,20,7.9,1003.0,0.0
Bahawalpur,2026-04-19 20:00:00,33.2,21,9.4,1004.0,0.0
Bahawalpur,2026-04-19 21:00:00,32.5,22,9.4,1004.0,0.0
Bahawalpur,2026-04-19 22:00:00,31.8,23,7.6,1005.0,0.0
Bahawalpur,2026-04-19 23:00:00,31.3,23,6.8,1005.0,0.0
Bahawalpur,2026-04-20 00:00:00,31.0,23,10.1,1005.0,0.0
Bahawalpur,2026-04-20 01:00:00,30.4,24,10.1,1005.0,0.0
Bahawalpur,2026-04-20 02:00:00,29.8,25,9.7,1005.0,0.0
Bahawalpur,2026-04-20 03:00:00,29.0,26,12.6,1005.0,0.0
Bahawalpur,2026-04-20 04:00:00,28.3,27,11.9,1005.0,0.0
Bahawalpur,2026-04-20 05:00:00,28.0,27,11.9,1005.0,0.0
Bahawalpur,2026-04-20 06:00:00,27.8,28,11.2,1006.0,0.0
Bahawalpur,2026-04-20 07:00:00,29.7,25,10.4,1006.0,0.0
Bahawalpur,2026-04-20 08:00:00,32.5,22,14.0,1007.0,0.0
Bahawalpur,2026-04-20 09:00:00,34.9,19,13.0,1007.0,0.0
Bahawalpur,2026-04-20 10:00:00,36.7,17,10.8,1007.0,0.0
Bahawalpur,2026-04-20 11:00:00,37.9,15,7.6,1006.0,0.0
Bahawalpur,2026-04-20 12:00:00,38.9,14,4.7,1005.0,0.0
Bahawalpur,2026-04-20 13:00:00,39.6,13,2.9,1004.0,0.0
Bahawalpur,2026-04-20 14:00:00,40.0,12,4.7,1003.0,0.0
Bahawalpur,2026-04-20 15:00:00,40.2,12,4.0,1002.0,0.0
Bahawalpur,2026-04-20 16:00:00,40.1,12,4.7,1002.0,0.0
Bahawalpur,2026-04-20 17:00:00,39.9,12,5.0,1002.0,0.0
Bahawalpur,2026-04-20 18:00:00,39.2,12,5.0,1002.0,0.0
Bahawalpur,2026-04-20 19:00:00,36.8,14,5.0,1003.0,0.0
Bahawalpur,2026-04-20 20:00:00,35.9,14,2.2,1004.0,0.0
Bahawalpur,2026-04-20 21:00:00,35.1,15,3.6,1004.0,0.0
Bahawalpur,2026-04-20 22:00:00,34.4,16,6.1,1005.0,0.0
Bahawalpur,2026-04-20 23:00:00,33.9,16,9.4,1004.0,0.0
Bahawalpur,2026-04-21 00:00:00,31.6,18,3.6,1005.0,0.0
Bahawalpur,2026-04-21 01:00:00,31.1,18,1.1,1004.0,0.0
Bahawalpur,2026-04-21 02:00:00,30.8,18,2.5,1004.0,0.0
Bahawalpur,2026-04-21 03:00:00,30.6,18,3.6,1004.0,0.0
Bahawalpur,2026-04-21 04:00:00,30.0,19,5.0,1004.0,0.0
Bahawalpur,2026-04-21 05:00:00,28.9,21,7.2,1004.0,0.0
Bahawalpur,2026-04-21 06:00:00,28.1,22,7.9,1005.0,0.0
Bahawalpur,2026-04-21 07:00:00,30.0,20,7.2,1006.0,0.0
Bahawalpur,2026-04-21 08:00:00,32.8,17,4.7,1006.0,0.0
Bahawalpur,2026-04-21 09:00:00,35.0,14,3.6,1006.0,0.0
Bahawalpur,2026-04-21 10:00:00,36.8,13,4.7,1006.0,0.0
Bahawalpur,2026-04-21 11:00:00,38.8,11,10.1,1006.0,0.0
Bahawalpur,2026-04-21 12:00:00,40.3,10,14.4,1005.0,0.0
Bahawalpur,2026-04-21 13:00:00,41.2,9,16.9,1004.0,0.0
Bahawalpur,2026-04-21 14:00:00,41.6,8,15.8,1003.0,0.0
Bahawalpur,2026-04-21 15:00:00,41.7,8,15.5,1002.0,0.0
Bahawalpur,2026-04-21 16:00:00,41.6,8,15.8,1002.0,0.0
Bahawalpur,2026-04-21 17:00:00,41.1,8,15.1,1002.0,0.0
Bahawalpur,2026-04-21 18:00:00,39.9,8,13.3,1002.0,0.0
Bahawalpur,2026-04-21 19:00:00,36.9,10,12.6,1002.0,0.0
Bahawalpur,2026-04-21 20:00:00,35.6,11,12.2,1003.0,0.0
Bahawalpur,2026-04-21 21:00:00,34.8,12,11.9,1003.0,0.0
Bahawalpur,2026-04-21 22:00:00,33.9,13,11.2,1004.0,0.0
Bahawalpur,2026-04-21 23:00:00,33.1,14,10.1,1004.0,0.0
Bahawalpur,2026-04-22 00:00:00,33.0,14,9.7,1004.0,0.0
Bahawalpur,2026-04-22 01:00:00,32.4,15,10.1,1003.0,0.0
Bahawalpur,2026-04-22 02:00:00,31.9,16,10.8,1003.0,0.0
Bahawalpur,2026-04-22 03:00:00,31.3,17,13.0,1003.0,0.0
Bahawalpur,2026-04-22 04:00:00,30.5,18,12.2,1003.0,0.0
Bahawalpur,2026-04-22 05:00:00,30.1,18,13.7,1004.0,0.0
Bahawalpur,2026-04-22 06:00:00,29.8,18,14.8,1004.0,0.0
Bahawalpur,2026-04-22 07:00:00,31.4,16,18.0,1005.0,0.0
Bahawalpur,2026-04-22 08:00:00,33.7,17,23.8,1005.0,0.0
Bahawalpur,2026-04-22 09:00:00,36.4,16,24.8,1005.0,0.0
Bahawalpur,2026-04-22 10:00:00,38.8,14,24.8,1005.0,0.0
Bahawalpur,2026-04-22 11:00:00,40.5,12,23.8,1005.0,0.0
Bahawalpur,2026-04-22 12:00:00,41.5,10,23.8,1004.0,0.0
Bahawalpur,2026-04-22 13:00:00,42.1,9,23.8,1003.0,0.0
Bahawalpur,2026-04-22 14:00:00,42.3,9,23.0,1002.0,0.0
Bahawalpur,2026-04-22 15:00:00,42.2,9,22.0,1001.0,0.0
Bahawalpur,2026-04-22 16:00:00,41.9,9,21.2,1001.0,0.0
Bahawalpur,2026-04-22 17:00:00,41.3,9,20.5,1000.0,0.0
Bahawalpur,2026-04-22 18:00:00,40.2,10,19.4,1001.0,0.0
Bahawalpur,2026-04-22 19:00:00,37.3,12,16.6,1001.0,0.0
Bahawalpur,2026-04-22 20:00:00,36.1,12,16.6,1002.0,0.0
Bahawalpur,2026-04-22 21:00:00,35.2,13,18.0,1002.0,0.0
Bahawalpur,2026-04-22 22:00:00,34.7,13,20.2,1003.0,0.0
Bahawalpur,2026-04-22 23:00:00,34.0,13,21.6,1003.0,0.0
Bahawalpur,2026-04-23 00:00:00,33.3,14,17.6,1003.0,0.0
Bahawalpur,2026-04-23 01:00:00,32.4,13,17.6,1002.0,0.0
Bahawalpur,2026-04-23 02:00:00,31.4,13,16.6,1002.0,0.0
Bahawalpur,2026-04-23 03:00:00,30.7,12,15.8,1002.0,0.0
Bahawalpur,2026-04-23 04:00:00,30.2,12,15.1,1002.0,0.0
Bahawalpur,2026-04-23 05:00:00,29.7,13,15.1,1003.0,0.0
Bahawalpur,2026-04-23 06:00:00,29.3,14,14.8,1003.0,0.0
Bahawalpur,2026-04-23 07:00:00,31.1,15,18.7,1004.0,0.0
Bahawalpur,2026-04-23 08:00:00,33.4,18,22.7,1005.0,0.0
Bahawalpur,2026-04-23 09:00:00,36.2,17,21.6,1005.0,0.0
Bahawalpur,2026-04-23 10:00:00,38.9,13,19.1,1005.0,0.0
Bahawalpur,2026-04-23 11:00:00,40.7,11,18.0,1004.0,0.0
Bahawalpur,2026-04-23 12:00:00,41.7,11,17.3,1004.0,0.0
Bahawalpur,2026-04-23 13:00:00,42.3,10,16.6,1003.0,0.0
Bahawalpur,2026-04-23 14:00:00,42.6,10,15.8,1002.0,0.0
Bahawalpur,2026-04-23 15:00:00,42.8,10,15.5,1001.0,0.0
Bahawalpur,2026-04-23 16:00:00,42.6,10,16.2,1001.0,0.0
Bahawalpur,2026-04-23 17:00:00,42.0,10,18.4,1000.0,0.0
Bahawalpur,2026-04-23 18:00:00,40.7,11,18.4,1001.0,0.0
Bahawalpur,2026-04-23 19:00:00,38.5,12,15.5,1001.0,0.0
Bahawalpur,2026-04-23 20:00:00,36.9,14,15.8,1002.0,0.0
Bahawalpur,2026-04-23 21:00:00,35.8,15,16.2,1002.0,0.0
Bahawalpur,2026-04-23 22:00:00,34.9,16,15.1,1003.0,0.0
Bahawalpur,2026-04-23 23:00:00,34.1,16,14.0,1003.0,0.0
Bahawalpur,2026-04-24 00:00:00,32.5,22,11.2,1004.0,0.0
Bahawalpur,2026-04-24 01:00:00,32.0,23,13.0,1003.0,0.0
Bahawalpur,2026-04-24 02:00:00,31.6,24,13.3,1003.0,0.0
Bahawalpur,2026-04-24 03:00:00,31.0,26,11.9,1003.0,0.0
Bahawalpur,2026-04-24 04:00:00,30.5,27,11.5,1004.0,0.0
Bahawalpur,2026-04-24 05:00:00,30.0,29,10.4,1004.0,0.0
Bahawalpur,2026-04-24 06:00:00,29.9,30,7.9,1004.0,0.0
Bahawalpur,2026-04-24 07:00:00,31.8,27,5.4,1005.0,0.0
Bahawalpur,2026-04-24 08:00:00,34.2,23,9.0,1006.0,0.0
Bahawalpur,2026-04-24 09:00:00,36.6,20,7.9,1006.0,0.0
Bahawalpur,2026-04-24 10:00:00,38.8,16,6.1,1005.0,0.0
Bahawalpur,2026-04-24 11:00:00,40.5,14,6.8,1005.0,0.0
Bahawalpur,2026-04-24 12:00:00,42.0,12,10.4,1004.0,0.0
Bahawalpur,2026-04-24 13:00:00,43.1,11,11.9,1003.0,0.0
Bahawalpur,2026-04-24 14:00:00,43.8,11,11.5,1002.0,0.0
Bahawalpur,2026-04-24 15:00:00,44.1,10,12.2,1001.0,0.0
Bahawalpur,2026-04-24 16:00:00,44.1,10,11.9,1000.0,0.0
Bahawalpur,2026-04-24 17:00:00,43.6,10,12.6,1000.0,0.0
Bahawalpur,2026-04-24 18:00:00,42.2,11,13.0,1000.0,0.0
Bahawalpur,2026-04-24 19:00:00,39.9,13,13.0,1001.0,0.0
Bahawalpur,2026-04-24 20:00:00,38.3,16,16.9,1002.0,0.0
Bahawalpur,2026-04-24 21:00:00,37.6,17,24.5,1003.0,0.0
Bahawalpur,2026-04-24 22:00:00,34.7,22,17.6,1003.0,0.0
Bahawalpur,2026-04-24 23:00:00,33.4,25,10.1,1003.0,0.0
Bahawalpur,2026-04-25 00:00:00,29.9,36,7.6,1005.0,0.0
Bahawalpur,2026-04-25 01:00:00,29.7,38,11.2,1004.0,0.0
Bahawalpur,2026-04-25 02:00:00,29.5,39,9.4,1004.0,0.0
Bahawalpur,2026-04-25 03:00:00,29.1,40,7.2,1005.0,0.0
Bahawalpur,2026-04-25 04:00:00,28.7,40,8.3,1005.0,0.0
Bahawalpur,2026-04-25 05:00:00,28.4,40,8.3,1005.0,0.0
Bahawalpur,2026-04-25 06:00:00,28.5,39,10.1,1006.0,0.2
Bahawalpur,2026-04-25 07:00:00,30.1,35,10.8,1006.0,0.0
Bahawalpur,2026-04-25 08:00:00,32.6,30,8.6,1007.0,0.0
Bahawalpur,2026-04-25 09:00:00,34.8,26,2.9,1007.0,0.0
Bahawalpur,2026-04-25 10:00:00,37.1,22,5.0,1007.0,0.0
Bahawalpur,2026-04-25 11:00:00,39.0,19,5.0,1007.0,0.0
Bahawalpur,2026-04-25 12:00:00,40.4,17,6.1,1006.0,0.0
Bahawalpur,2026-04-25 13:00:00,41.6,16,7.9,1005.0,0.0
Bahawalpur,2026-04-25 14:00:00,42.7,14,10.1,1004.0,0.0
Bahawalpur,2026-04-25 15:00:00,43.2,14,11.9,1003.0,0.0
Bahawalpur,2026-04-25 16:00:00,43.2,13,12.2,1002.0,0.0
Bahawalpur,2026-04-25 17:00:00,42.7,14,12.6,1002.0,0.0
Bahawalpur,2026-04-25 18:00:00,41.7,14,11.2,1002.0,0.0
Bahawalpur,2026-04-25 19:00:00,39.4,16,9.7,1002.0,0.0
Bahawalpur,2026-04-25 20:00:00,38.6,17,10.8,1003.0,0.0
Bahawalpur,2026-04-25 21:00:00,37.4,18,11.5,1004.0,0.0
Bahawalpur,2026-04-25 22:00:00,36.1,20,11.2,1004.0,0.0
Bahawalpur,2026-04-25 23:00:00,35.2,22,10.4,1004.0,0.0
Sargodha,2026-04-19 00:00:00,25.4,50,19.1,1008.0,0.1
Sargodha,2026-04-19 01:00:00,24.2,53,16.6,1007.0,0.3
Sargodha,2026-04-19 02:00:00,23.4,57,8.3,1006.0,0.1
Sargodha,2026-04-19 03:00:00,23.2,57,2.9,1006.0,0.2
Sargodha,2026-04-19 04:00:00,22.6,62,4.3,1006.0,0.1
Sargodha,2026-04-19 05:00:00,22.7,60,10.8,1005.0,0.0
Sargodha,2026-04-19 06:00:00,22.8,58,7.2,1006.0,0.0
Sargodha,2026-04-19 07:00:00,24.0,54,10.4,1006.0,0.0
Sargodha,2026-04-19 08:00:00,26.0,46,11.9,1007.0,0.0
Sargodha,2026-04-19 09:00:00,28.2,40,9.0,1007.0,0.0
Sargodha,2026-04-19 10:00:00,30.2,34,2.5,1008.0,0.0
Sargodha,2026-04-19 11:00:00,31.8,30,2.2,1007.0,0.0
Sargodha,2026-04-19 12:00:00,32.3,28,5.0,1006.0,0.0
Sargodha,2026-04-19 13:00:00,33.3,25,4.7,1006.0,0.0
Sargodha,2026-04-19 14:00:00,33.9,24,7.2,1005.0,0.0
Sargodha,2026-04-19 15:00:00,34.4,22,9.4,1004.0,0.0
Sargodha,2026-04-19 16:00:00,34.7,22,9.0,1004.0,0.0
Sargodha,2026-04-19 17:00:00,34.4,22,7.9,1004.0,0.0
Sargodha,2026-04-19 18:00:00,32.5,27,6.1,1004.0,0.0
Sargodha,2026-04-19 19:00:00,29.7,31,6.5,1004.0,0.0
Sargodha,2026-04-19 20:00:00,27.9,35,14.0,1005.0,0.0
Sargodha,2026-04-19 21:00:00,25.7,40,13.7,1006.0,0.0
Sargodha,2026-04-19 22:00:00,24.9,41,8.3,1006.0,0.0
Sargodha,2026-04-19 23:00:00,24.4,41,6.5,1007.0,0.0
Sargodha,2026-04-20 00:00:00,26.1,34,9.0,1007.0,0.0
Sargodha,2026-04-20 01:00:00,25.5,36,10.8,1006.0,0.0
Sargodha,2026-04-20 02:00:00,24.7,38,13.7,1006.0,0.0
Sargodha,2026-04-20 03:00:00,24.0,40,14.8,1006.0,0.0
Sargodha,2026-04-20 04:00:00,23.3,40,14.8,1006.0,0.0
Sargodha,2026-04-20 05:00:00,22.8,41,11.9,1006.0,0.0
Sargodha,2026-04-20 06:00:00,22.7,41,9.4,1007.0,0.0
Sargodha,2026-04-20 07:00:00,25.1,36,9.4,1007.0,0.0
Sargodha,2026-04-20 08:00:00,28.6,29,9.4,1008.0,0.0
Sargodha,2026-04-20 09:00:00,31.6,24,7.2,1008.0,0.0
Sargodha,2026-04-20 10:00:00,34.1,21,5.8,1008.0,0.0
Sargodha,2026-04-20 11:00:00,36.2,19,4.0,1007.0,0.0
Sargodha,2026-04-20 12:00:00,37.1,17,5.4,1006.0,0.0
Sargodha,2026-04-20 13:00:00,37.5,16,9.0,1005.0,0.0
Sargodha,2026-04-20 14:00:00,38.1,15,11.9,1004.0,0.0
Sargodha,2026-04-20 15:00:00,38.1,14,13.3,1003.0,0.0
Sargodha,2026-04-20 16:00:00,37.6,14,16.2,1003.0,0.0
Sargodha,2026-04-20 17:00:00,36.5,16,18.0,1003.0,0.0
Sargodha,2026-04-20 18:00:00,34.6,18,14.8,1004.0,0.0
Sargodha,2026-04-20 19:00:00,31.9,22,12.6,1004.0,0.0
Sargodha,2026-04-20 20:00:00,30.1,25,12.2,1005.0,0.0
Sargodha,2026-04-20 21:00:00,28.9,28,11.5,1005.0,0.0
Sargodha,2026-04-20 22:00:00,28.0,31,10.4,1006.0,0.0
Sargodha,2026-04-20 23:00:00,27.4,32,8.6,1006.0,0.0
Sargodha,2026-04-21 00:00:00,26.7,30,8.3,1006.0,0.0
Sargodha,2026-04-21 01:00:00,26.2,31,7.6,1005.0,0.0
Sargodha,2026-04-21 02:00:00,25.7,32,6.1,1005.0,0.0
Sargodha,2026-04-21 03:00:00,25.5,32,4.7,1005.0,0.0
Sargodha,2026-04-21 04:00:00,25.2,33,4.0,1004.0,0.0
Sargodha,2026-04-21 05:00:00,25.0,33,5.8,1004.0,0.0
Sargodha,2026-04-21 06:00:00,25.1,33,5.8,1005.0,0.0
Sargodha,2026-04-21 07:00:00,27.8,29,5.8,1006.0,0.0
Sargodha,2026-04-21 08:00:00,31.2,23,9.0,1006.0,0.0
Sargodha,2026-04-21 09:00:00,33.7,19,10.8,1007.0,0.0
Sargodha,2026-04-21 10:00:00,35.6,16,11.5,1006.0,0.0
Sargodha,2026-04-21 11:00:00,37.1,14,12.2,1006.0,0.0
Sargodha,2026-04-21 12:00:00,38.1,13,13.0,1005.0,0.0
Sargodha,2026-04-21 13:00:00,38.8,12,13.3,1004.0,0.0
Sargodha,2026-04-21 14:00:00,39.3,11,13.3,1004.0,0.0
Sargodha,2026-04-21 15:00:00,39.4,11,12.2,1003.0,0.0
Sargodha,2026-04-21 16:00:00,39.2,11,10.8,1002.0,0.0
Sargodha,2026-04-21 17:00:00,38.5,11,10.4,1002.0,0.0
Sargodha,2026-04-21 18:00:00,36.3,14,9.7,1002.0,0.0
Sargodha,2026-04-21 19:00:00,32.4,17,10.1,1003.0,0.0
Sargodha,2026-04-21 20:00:00,30.8,19,10.1,1004.0,0.0
Sargodha,2026-04-21 21:00:00,29.8,20,9.7,1004.0,0.0
Sargodha,2026-04-21 22:00:00,29.1,20,8.3,1004.0,0.0
Sargodha,2026-04-21 23:00:00,28.6,21,7.2,1004.0,0.0
Sargodha,2026-04-22 00:00:00,28.0,23,7.2,1004.0,0.0
Sargodha,2026-04-22 01:00:00,27.5,24,7.2,1004.0,0.0
Sargodha,2026-04-22 02:00:00,27.2,24,6.1,1003.0,0.0
Sargodha,2026-04-22 03:00:00,26.9,25,7.2,1003.0,0.0
Sargodha,2026-04-22 04:00:00,26.6,26,6.1,1003.0,0.0
Sargodha,2026-04-22 05:00:00,26.4,26,5.4,1003.0,0.0
Sargodha,2026-04-22 06:00:00,26.5,27,2.2,1004.0,0.0
Sargodha,2026-04-22 07:00:00,28.8,25,3.6,1004.0,0.0
Sargodha,2026-04-22 08:00:00,31.8,20,3.6,1005.0,0.0
Sargodha,2026-04-22 09:00:00,34.7,18,4.0,1005.0,0.0
Sargodha,2026-04-22 10:00:00,37.0,15,5.0,1005.0,0.0
Sargodha,2026-04-22 11:00:00,38.6,14,6.1,1004.0,0.0
Sargodha,2026-04-22 12:00:00,39.5,12,9.4,1004.0,0.0
Sargodha,2026-04-22 13:00:00,40.1,11,11.2,1003.0,0.0
Sargodha,2026-04-22 14:00:00,40.6,11,11.9,1002.0,0.0
Sargodha,2026-04-22 15:00:00,40.8,10,12.2,1001.0,0.0
Sargodha,2026-04-22 16:00:00,40.5,10,13.0,1001.0,0.0
Sargodha,2026-04-22 17:00:00,39.8,11,12.6,1000.0,0.0
Sargodha,2026-04-22 18:00:00,37.6,13,10.4,1001.0,0.0
Sargodha,2026-04-22 19:00:00,34.2,16,8.3,1001.0,0.0
Sargodha,2026-04-22 20:00:00,33.0,17,5.0,1002.0,0.0
Sargodha,2026-04-22 21:00:00,32.0,19,6.5,1002.0,0.0
Sargodha,2026-04-22 22:00:00,30.7,21,8.6,1002.0,0.0
Sargodha,2026-04-22 23:00:00,29.9,23,8.3,1003.0,0.0
Sargodha,2026-04-23 00:00:00,29.1,26,8.6,1003.0,0.0
Sargodha,2026-04-23 01:00:00,28.8,27,8.3,1003.0,0.0
Sargodha,2026-04-23 02:00:00,28.5,27,9.4,1003.0,0.0
Sargodha,2026-04-23 03:00:00,28.0,28,7.2,1003.0,0.0
Sargodha,2026-04-23 04:00:00,27.6,29,7.6,1003.0,0.0
Sargodha,2026-04-23 05:00:00,27.4,29,4.3,1002.0,0.0
Sargodha,2026-04-23 06:00:00,27.8,28,4.0,1003.0,0.0
Sargodha,2026-04-23 07:00:00,30.2,26,7.6,1004.0,0.0
Sargodha,2026-04-23 08:00:00,33.7,21,9.0,1004.0,0.0
Sargodha,2026-04-23 09:00:00,36.3,18,9.0,1005.0,0.0
Sargodha,2026-04-23 10:00:00,38.2,16,7.6,1004.0,0.0
Sargodha,2026-04-23 11:00:00,39.8,14,6.5,1004.0,0.0
Sargodha,2026-04-23 12:00:00,40.9,13,6.5,1003.0,0.0
Sargodha,2026-04-23 13:00:00,41.6,12,7.6,1003.0,0.0
Sargodha,2026-04-23 14:00:00,41.8,12,9.4,1002.0,0.0
Sargodha,2026-04-23 15:00:00,41.8,12,11.2,1001.0,0.0
Sargodha,2026-04-23 16:00:00,41.5,12,13.0,1001.0,0.0
Sargodha,2026-04-23 17:00:00,40.7,13,14.4,1000.0,0.0
Sargodha,2026-04-23 18:00:00,38.4,16,13.0,1001.0,0.0
Sargodha,2026-04-23 19:00:00,35.3,21,12.2,1001.0,0.0
Sargodha,2026-04-23 20:00:00,33.5,24,12.2,1002.0,0.0
Sargodha,2026-04-23 21:00:00,32.3,26,10.8,1002.0,0.0
Sargodha,2026-04-23 22:00:00,31.6,27,10.4,1003.0,0.0
Sargodha,2026-04-23 23:00:00,31.2,28,10.4,1003.0,0.0
Sargodha,2026-04-24 00:00:00,30.1,30,14.4,1004.0,0.0
Sargodha,2026-04-24 01:00:00,29.1,32,10.1,1003.0,0.0
Sargodha,2026-04-24 02:00:00,28.5,33,9.0,1003.0,0.0
Sargodha,2026-04-24 03:00:00,28.3,34,9.0,1003.0,0.0
Sargodha,2026-04-24 04:00:00,27.8,34,8.3,1003.0,0.0
Sargodha,2026-04-24 05:00:00,27.2,36,8.3,1004.0,0.0
Sargodha,2026-04-24 06:00:00,27.5,37,9.0,1004.0,0.0
Sargodha,2026-04-24 07:00:00,29.6,34,11.9,1005.0,0.0
Sargodha,2026-04-24 08:00:00,32.1,30,15.5,1005.0,0.0
Sargodha,2026-04-24 09:00:00,34.7,25,14.4,1006.0,0.0
Sargodha,2026-04-24 10:00:00,37.1,21,13.7,1006.0,0.0
Sargodha,2026-04-24 11:00:00,38.8,18,13.0,1005.0,0.0
Sargodha,2026-04-24 12:00:00,40.1,16,13.7,1004.0,0.0
Sargodha,2026-04-24 13:00:00,41.1,15,14.0,1003.0,0.0
Sargodha,2026-04-24 14:00:00,41.6,14,13.7,1002.0,0.0
Sargodha,2026-04-24 15:00:00,41.7,13,13.7,1001.0,0.0
Sargodha,2026-04-24 16:00:00,41.2,14,13.0,1001.0,0.0
Sargodha,2026-04-24 17:00:00,40.7,14,11.2,1000.0,0.0
Sargodha,2026-04-24 18:00:00,38.6,16,7.2,1000.0,0.0
Sargodha,2026-04-24 19:00:00,35.7,19,6.1,1001.0,0.0
Sargodha,2026-04-24 20:00:00,34.0,21,5.8,1002.0,0.0
Sargodha,2026-04-24 21:00:00,32.7,24,11.2,1004.0,0.0
Sargodha,2026-04-24 22:00:00,32.5,27,23.4,1005.0,0.0
Sargodha,2026-04-24 23:00:00,31.5,29,13.7,1005.0,0.0
Sargodha,2026-04-25 00:00:00,28.4,41,6.8,1006.0,0.0
Sargodha,2026-04-25 01:00:00,27.7,42,11.5,1006.0,0.0
Sargodha,2026-04-25 02:00:00,27.2,43,11.2,1006.0,0.0
Sargodha,2026-04-25 03:00:00,27.0,43,13.0,1006.0,0.0
Sargodha,2026-04-25 04:00:00,26.5,44,14.4,1006.0,0.0
Sargodha,2026-04-25 05:00:00,26.0,43,11.2,1006.0,0.0
Sargodha,2026-04-25 06:00:00,26.2,42,9.7,1006.0,0.0
Sargodha,2026-04-25 07:00:00,28.6,36,11.9,1007.0,0.0
Sargodha,2026-04-25 08:00:00,31.7,29,12.6,1007.0,0.0
Sargodha,2026-04-25 09:00:00,34.2,25,10.8,1007.0,0.0
Sargodha,2026-04-25 10:00:00,36.3,21,7.9,1007.0,0.0
Sargodha,2026-04-25 11:00:00,37.9,19,7.9,1007.0,0.0
Sargodha,2026-04-25 12:00:00,38.9,18,10.1,1006.0,0.0
Sargodha,2026-04-25 13:00:00,39.9,16,11.2,1006.0,0.0
Sargodha,2026-04-25 14:00:00,40.7,15,12.2,1005.0,0.0
Sargodha,2026-04-25 15:00:00,40.9,15,13.3,1004.0,0.0
Sargodha,2026-04-25 16:00:00,40.8,15,13.0,1003.0,0.0
Sargodha,2026-04-25 17:00:00,40.2,15,13.0,1003.0,0.0
Sargodha,2026-04-25 18:00:00,38.7,17,11.2,1003.0,0.0
Sargodha,2026-04-25 19:00:00,35.0,21,9.4,1003.0,0.0
Sargodha,2026-04-25 20:00:00,33.3,23,10.1,1004.0,0.0
Sargodha,2026-04-25 21:00:00,32.1,25,10.4,1005.0,0.0
Sargodha,2026-04-25 22:00:00,31.3,27,11.2,1005.0,0.0
Sargodha,2026-04-25 23:00:00,30.6,28,10.4,1005.0,0.0
Abbottabad,2026-04-19 00:00:00,25.3,65,22.7,1008.0,0.0
Abbottabad,2026-04-19 01:00:00,25.0,68,22.0,1008.0,0.0
Abbottabad,2026-04-19 02:00:00,24.7,71,20.2,1007.0,0.0
Abbottabad,2026-04-19 03:00:00,24.6,72,21.2,1007.0,0.0
Abbottabad,2026-04-19 04:00:00,24.5,73,21.2,1006.0,0.0
Abbottabad,2026-04-19 05:00:00,24.4,74,21.6,1007.0,0.0
Abbottabad,2026-04-19 06:00:00,24.4,75,20.9,1007.0,0.0
Abbottabad,2026-04-19 07:00:00,24.7,75,20.5,1008.0,0.0
Abbottabad,2026-04-19 08:00:00,25.8,69,23.4,1008.0,0.0
Abbottabad,2026-04-19 09:00:00,27.1,61,22.7,1009.0,0.0
Abbottabad,2026-04-19 10:00:00,28.6,54,23.0,1009.0,0.0
Abbottabad,2026-04-19 11:00:00,29.8,48,24.1,1009.0,0.0
Abbottabad,2026-04-19 12:00:00,30.6,45,26.6,1008.0,0.0
Abbottabad,2026-04-19 13:00:00,31.2,42,26.3,1008.0,0.0
Abbottabad,2026-04-19 14:00:00,31.4,42,27.4,1007.0,0.0
Abbottabad,2026-04-19 15:00:00,31.1,42,28.4,1006.0,0.0
Abbottabad,2026-04-19 16:00:00,30.6,44,27.7,1006.0,0.0
Abbottabad,2026-04-19 17:00:00,29.8,46,27.7,1006.0,0.0
Abbottabad,2026-04-19 18:00:00,28.8,50,25.6,1006.0,0.0
Abbottabad,2026-04-19 19:00:00,27.8,54,22.0,1007.0,0.0
Abbottabad,2026-04-19 20:00:00,27.2,58,18.0,1008.0,0.0
Abbottabad,2026-04-19 21:00:00,26.9,60,15.8,1008.0,0.0
Abbottabad,2026-04-19 22:00:00,26.5,62,17.3,1008.0,0.0
Abbottabad,2026-04-19 23:00:00,26.1,65,19.1,1008.0,0.0
Abbottabad,2026-04-20 00:00:00,26.0,65,20.2,1008.0,0.0
Abbottabad,2026-04-20 01:00:00,25.7,67,21.2,1008.0,0.0
Abbottabad,2026-04-20 02:00:00,25.5,69,22.3,1007.0,0.0
Abbottabad,2026-04-20 03:00:00,25.2,71,19.4,1007.0,0.0
Abbottabad,2026-04-20 04:00:00,25.0,72,16.9,1007.0,0.0
Abbottabad,2026-04-20 05:00:00,24.9,72,16.9,1007.0,0.0
Abbottabad,2026-04-20 06:00:00,24.7,74,17.3,1007.0,0.0
Abbottabad,2026-04-20 07:00:00,25.1,74,17.3,1008.0,0.0
Abbottabad,2026-04-20 08:00:00,26.5,66,19.1,1008.0,0.0
Abbottabad,2026-04-20 09:00:00,28.1,56,22.0,1009.0,0.0
Abbottabad,2026-04-20 10:00:00,29.4,51,23.8,1009.0,0.0
Abbottabad,2026-04-20 11:00:00,30.3,47,25.2,1009.0,0.0
Abbottabad,2026-04-20 12:00:00,31.1,45,27.4,1008.0,0.0
Abbottabad,2026-04-20 13:00:00,31.3,44,28.4,1007.0,0.0
Abbottabad,2026-04-20 14:00:00,31.6,43,28.8,1006.0,0.0
Abbottabad,2026-04-20 15:00:00,31.6,42,28.4,1006.0,0.0
Abbottabad,2026-04-20 16:00:00,31.1,43,28.1,1006.0,0.0
Abbottabad,2026-04-20 17:00:00,30.3,45,25.9,1006.0,0.0
Abbottabad,2026-04-20 18:00:00,29.3,49,24.8,1006.0,0.0
Abbottabad,2026-04-20 19:00:00,28.2,54,23.4,1006.0,0.0
Abbottabad,2026-04-20 20:00:00,27.5,58,22.0,1007.0,0.0
Abbottabad,2026-04-20 21:00:00,27.2,60,19.8,1008.0,0.0
Abbottabad,2026-04-20 22:00:00,26.9,62,17.3,1008.0,0.0
Abbottabad,2026-04-20 23:00:00,26.6,64,16.9,1008.0,0.0
Abbottabad,2026-04-21 00:00:00,26.2,64,16.6,1009.0,0.0
Abbottabad,2026-04-21 01:00:00,26.0,65,16.6,1008.0,0.0
Abbottabad,2026-04-21 02:00:00,25.8,66,14.8,1007.0,0.0
Abbottabad,2026-04-21 03:00:00,25.5,68,15.8,1007.0,0.0
Abbottabad,2026-04-21 04:00:00,25.2,69,17.3,1007.0,0.0
Abbottabad,2026-04-21 05:00:00,25.1,70,18.7,1007.0,0.0
Abbottabad,2026-04-21 06:00:00,25.0,70,18.4,1008.0,0.0
Abbottabad,2026-04-21 07:00:00,25.4,68,18.4,1008.0,0.0
Abbottabad,2026-04-21 08:00:00,26.6,60,23.0,1009.0,0.0
Abbottabad,2026-04-21 09:00:00,27.9,53,23.4,1009.0,0.0
Abbottabad,2026-04-21 10:00:00,29.0,49,25.2,1009.0,0.0
Abbottabad,2026-04-21 11:00:00,29.9,46,27.7,1009.0,0.0
Abbottabad,2026-04-21 12:00:00,30.7,43,28.4,1008.0,0.0
Abbottabad,2026-04-21 13:00:00,31.0,42,30.6,1007.0,0.0
Abbottabad,2026-04-21 14:00:00,30.8,43,30.6,1007.0,0.0
Abbottabad,2026-04-21 15:00:00,30.6,44,31.0,1006.0,0.0
Abbottabad,2026-04-21 16:00:00,30.2,44,29.5,1006.0,0.0
Abbottabad,2026-04-21 17:00:00,29.6,46,28.1,1006.0,0.0
Abbottabad,2026-04-21 18:00:00,28.7,50,28.4,1006.0,0.0
Abbottabad,2026-04-21 19:00:00,27.8,55,27.4,1006.0,0.0
Abbottabad,2026-04-21 20:00:00,27.2,61,25.6,1007.0,0.0
Abbottabad,2026-04-21 21:00:00,27.0,65,23.4,1008.0,0.0
Abbottabad,2026-04-21 22:00:00,26.7,67,21.6,1008.0,0.0
Abbottabad,2026-04-21 23:00:00,26.5,69,19.8,1008.0,0.0
Abbottabad,2026-04-22 00:00:00,26.2,71,18.0,1008.0,0.0
Abbottabad,2026-04-22 01:00:00,25.9,74,18.7,1008.0,0.0
Abbottabad,2026-04-22 02:00:00,25.7,76,18.4,1007.0,0.0
Abbottabad,2026-04-22 03:00:00,25.5,77,18.4,1007.0,0.0
Abbottabad,2026-04-22 04:00:00,25.3,78,19.4,1007.0,0.0
Abbottabad,2026-04-22 05:00:00,25.2,80,21.6,1007.0,0.0
Abbottabad,2026-04-22 06:00:00,25.1,81,22.7,1008.0,0.0
Abbottabad,2026-04-22 07:00:00,25.4,79,24.1,1008.0,0.0
Abbottabad,2026-04-22 08:00:00,26.5,72,28.8,1009.0,0.0
Abbottabad,2026-04-22 09:00:00,27.7,64,31.3,1009.0,0.0
Abbottabad,2026-04-22 10:00:00,28.8,59,32.0,1009.0,0.0
Abbottabad,2026-04-22 11:00:00,29.6,56,32.8,1008.0,0.0
Abbottabad,2026-04-22 12:00:00,30.1,55,34.6,1008.0,0.0
Abbottabad,2026-04-22 13:00:00,30.2,55,35.3,1007.0,0.0
Abbottabad,2026-04-22 14:00:00,30.3,55,34.9,1006.0,0.0
Abbottabad,2026-04-22 15:00:00,30.1,56,34.6,1006.0,0.0
Abbottabad,2026-04-22 16:00:00,29.7,58,33.5,1005.0,0.0
Abbottabad,2026-04-22 17:00:00,29.1,61,31.3,1005.0,0.0
Abbottabad,2026-04-22 18:00:00,28.3,65,30.2,1005.0,0.0
Abbottabad,2026-04-22 19:00:00,27.3,72,30.6,1006.0,0.0
Abbottabad,2026-04-22 20:00:00,26.7,76,30.6,1006.0,0.0
Abbottabad,2026-04-22 21:00:00,26.6,78,29.5,1007.0,0.0
Abbottabad,2026-04-22 22:00:00,26.4,80,29.2,1007.0,0.0
Abbottabad,2026-04-22 23:00:00,26.3,82,28.4,1007.0,0.0
Abbottabad,2026-04-23 00:00:00,26.3,80,25.6,1007.0,0.0
Abbottabad,2026-04-23 01:00:00,26.1,81,25.2,1007.0,0.0
Abbottabad,2026-04-23 02:00:00,25.9,83,25.9,1006.0,0.0
Abbottabad,2026-04-23 03:00:00,25.6,84,25.9,1006.0,0.0
Abbottabad,2026-04-23 04:00:00,25.5,86,26.3,1006.0,0.0
Abbottabad,2026-04-23 05:00:00,25.4,86,26.3,1006.0,0.0
Abbottabad,2026-04-23 06:00:00,25.2,87,25.9,1006.0,0.0
Abbottabad,2026-04-23 07:00:00,25.6,86,26.6,1007.0,0.0
Abbottabad,2026-04-23 08:00:00,26.5,78,29.9,1008.0,0.0
Abbottabad,2026-04-23 09:00:00,27.7,71,30.6,1008.0,0.0
Abbottabad,2026-04-23 10:00:00,28.8,65,31.7,1008.0,0.0
Abbottabad,2026-04-23 11:00:00,29.7,62,32.0,1008.0,0.0
Abbottabad,2026-04-23 12:00:00,30.4,58,31.3,1007.0,0.0
Abbottabad,2026-04-23 13:00:00,30.9,56,30.2,1006.0,0.0
Abbottabad,2026-04-23 14:00:00,30.9,56,31.3,1006.0,0.0
Abbottabad,2026-04-23 15:00:00,30.7,57,32.4,1005.0,0.0
Abbottabad,2026-04-23 16:00:00,30.4,57,32.0,1005.0,0.0
Abbottabad,2026-04-23 17:00:00,29.8,60,31.3,1005.0,0.0
Abbottabad,2026-04-23 18:00:00,28.7,65,29.9,1005.0,0.0
Abbottabad,2026-04-23 19:00:00,27.7,72,27.7,1006.0,0.0
Abbottabad,2026-04-23 20:00:00,27.1,77,26.3,1006.0,0.0
Abbottabad,2026-04-23 21:00:00,26.9,79,25.6,1006.0,0.0
Abbottabad,2026-04-23 22:00:00,26.6,82,24.5,1007.0,0.0
Abbottabad,2026-04-23 23:00:00,26.4,84,24.8,1007.0,0.0
Abbottabad,2026-04-24 00:00:00,26.0,85,18.0,1007.0,0.0
Abbottabad,2026-04-24 01:00:00,25.8,87,21.6,1006.0,0.0
Abbottabad,2026-04-24 02:00:00,25.6,89,23.0,1006.0,0.0
Abbottabad,2026-04-24 03:00:00,25.4,90,20.9,1006.0,0.0
Abbottabad,2026-04-24 04:00:00,25.3,90,18.0,1006.0,0.0
Abbottabad,2026-04-24 05:00:00,25.2,90,19.4,1006.0,0.0
Abbottabad,2026-04-24 06:00:00,25.1,91,19.1,1007.0,0.0
Abbottabad,2026-04-24 07:00:00,25.4,89,19.4,1007.0,0.0
Abbottabad,2026-04-24 08:00:00,26.6,80,22.0,1008.0,0.0
Abbottabad,2026-04-24 09:00:00,28.0,71,24.1,1008.0,0.0
Abbottabad,2026-04-24 10:00:00,29.3,66,26.6,1008.0,0.0
Abbottabad,2026-04-24 11:00:00,30.4,60,27.7,1008.0,0.0
Abbottabad,2026-04-24 12:00:00,31.2,57,28.4,1007.0,0.0
Abbottabad,2026-04-24 13:00:00,31.6,55,29.9,1006.0,0.0
Abbottabad,2026-04-24 14:00:00,31.7,55,30.2,1006.0,0.0
Abbottabad,2026-04-24 15:00:00,31.4,56,29.2,1005.0,0.0
Abbottabad,2026-04-24 16:00:00,30.9,57,28.4,1005.0,0.0
Abbottabad,2026-04-24 17:00:00,30.1,60,27.7,1005.0,0.0
Abbottabad,2026-04-24 18:00:00,29.0,66,27.4,1005.0,0.0
Abbottabad,2026-04-24 19:00:00,27.9,73,25.9,1006.0,0.0
Abbottabad,2026-04-24 20:00:00,27.2,78,24.1,1006.0,0.0
Abbottabad,2026-04-24 21:00:00,27.0,79,20.2,1007.0,0.0
Abbottabad,2026-04-24 22:00:00,26.8,81,20.5,1008.0,0.0
Abbottabad,2026-04-24 23:00:00,26.6,82,18.4,1008.0,0.0
Abbottabad,2026-04-25 00:00:00,26.4,82,18.4,1008.0,0.0
Abbottabad,2026-04-25 01:00:00,26.2,83,19.8,1007.0,0.0
Abbottabad,2026-04-25 02:00:00,25.9,84,20.5,1007.0,0.0
Abbottabad,2026-04-25 03:00:00,25.8,86,19.4,1006.0,0.0
Abbottabad,2026-04-25 04:00:00,25.7,86,20.2,1006.0,0.0
Abbottabad,2026-04-25 05:00:00,25.5,87,16.6,1007.0,0.0
Abbottabad,2026-04-25 06:00:00,25.4,89,14.8,1007.0,0.0
Abbottabad,2026-04-25 07:00:00,25.8,86,16.6,1008.0,0.0
Abbottabad,2026-04-25 08:00:00,27.1,78,19.4,1008.0,0.0
Abbottabad,2026-04-25 09:00:00,28.5,69,21.2,1009.0,0.0
Abbottabad,2026-04-25 10:00:00,30.1,61,23.4,1009.0,0.0
Abbottabad,2026-04-25 11:00:00,31.2,57,26.3,1008.0,0.0
Abbottabad,2026-04-25 12:00:00,31.9,54,27.4,1008.0,0.0
Abbottabad,2026-04-25 13:00:00,32.5,52,29.2,1007.0,0.0
Abbottabad,2026-04-25 14:00:00,32.6,50,32.0,1007.0,0.0
Abbottabad,2026-04-25 15:00:00,32.5,50,31.3,1006.0,0.0
Abbottabad,2026-04-25 16:00:00,32.0,52,31.7,1006.0,0.0
Abbottabad,2026-04-25 17:00:00,31.2,53,30.2,1006.0,0.0
Abbottabad,2026-04-25 18:00:00,30.1,57,28.1,1006.0,0.0
Abbottabad,2026-04-25 19:00:00,28.8,63,24.5,1006.0,0.0
Abbottabad,2026-04-25 20:00:00,28.2,68,23.0,1007.0,0.0
Abbottabad,2026-04-25 21:00:00,27.9,70,22.7,1008.0,0.0
Abbottabad,2026-04-25 22:00:00,27.7,71,20.5,1008.0,0.0
Abbottabad,2026-04-25 23:00:00,27.5,72,20.2,1008.0,0.0
Skardu,2026-04-19 00:00:00,-8.4,94,11.9,1021.0,0.2
Skardu,2026-04-19 01:00:00,-9.1,94,11.5,1020.0,0.2
Skardu,2026-04-19 02:00:00,-9.4,94,12.6,1020.0,0.2
Skardu,2026-04-19 03:00:00,-9.3,94,13.0,1018.0,0.2
Skardu,2026-04-19 04:00:00,-10.0,94,11.9,1018.0,0.3
Skardu,2026-04-19 05:00:00,-8.3,94,12.6,1018.0,0.6
Skardu,2026-04-19 06:00:00,-7.3,94,12.6,1017.0,0.8
Skardu,2026-04-19 07:00:00,-6.6,92,14.4,1016.0,0.8
Skardu,2026-04-19 08:00:00,-6.1,90,15.8,1015.0,0.6
Skardu,2026-04-19 09:00:00,-5.8,86,16.2,1015.0,0.4
Skardu,2026-04-19 10:00:00,-5.6,85,15.8,1014.0,0.4
Skardu,2026-04-19 11:00:00,-5.4,86,14.8,1013.0,0.6
Skardu,2026-04-19 12:00:00,-5.5,85,12.6,1013.0,0.6
Skardu,2026-04-19 13:00:00,-5.3,87,12.2,1012.0,0.7
Skardu,2026-04-19 14:00:00,-5.3,89,11.2,1011.0,0.7
Skardu,2026-04-19 15:00:00,-5.4,90,9.4,1012.0,0.6
Skardu,2026-04-19 16:00:00,-5.8,92,9.7,1013.0,0.8
Skardu,2026-04-19 17:00:00,-6.5,94,9.4,1014.0,0.6
Skardu,2026-04-19 18:00:00,-7.4,94,10.1,1016.0,0.4
Skardu,2026-04-19 19:00:00,-9.7,93,11.9,1017.0,0.5
Skardu,2026-04-19 20:00:00,-13.8,92,11.5,1018.0,0.1
Skardu,2026-04-19 21:00:00,-18.3,94,11.5,1021.0,0.0
Skardu,2026-04-19 22:00:00,-21.1,97,14.0,1024.0,0.0
Skardu,2026-04-19 23:00:00,-22.5,98,15.8,1028.0,0.0
Skardu,2026-04-20 00:00:00,-24.4,97,15.5,1035.0,0.0
Skardu,2026-04-20 01:00:00,-24.8,97,15.5,1036.0,0.0
Skardu,2026-04-20 02:00:00,-24.8,97,15.8,1036.0,0.0
Skardu,2026-04-20 03:00:00,-25.1,98,16.2,1036.0,0.0
Skardu,2026-04-20 04:00:00,-25.2,98,16.6,1037.0,0.0
Skardu,2026-04-20 05:00:00,-24.2,96,16.6,1036.0,0.0
Skardu,2026-04-20 06:00:00,-19.3,91,14.0,1028.0,0.0
Skardu,2026-04-20 07:00:00,-9.9,81,13.3,1024.0,0.0
Skardu,2026-04-20 08:00:00,-8.1,69,12.6,1023.0,0.0
Skardu,2026-04-20 09:00:00,-6.9,61,12.2,1022.0,0.0
Skardu,2026-04-20 10:00:00,-6.1,57,11.5,1020.0,0.0
Skardu,2026-04-20 11:00:00,-5.3,55,10.8,1020.0,0.0
Skardu,2026-04-20 12:00:00,-4.9,54,10.4,1019.0,0.0
Skardu,2026-04-20 13:00:00,-4.6,53,11.2,1018.0,0.0
Skardu,2026-04-20 14:00:00,-4.7,54,10.4,1018.0,0.0
Skardu,2026-04-20 15:00:00,-5.1,56,9.0,1020.0,0.0
Skardu,2026-04-20 16:00:00,-6.8,71,7.6,1022.0,0.0
Skardu,2026-04-20 17:00:00,-18.2,76,8.6,1027.0,0.0
Skardu,2026-04-20 18:00:00,-22.4,82,11.2,1034.0,0.0
Skardu,2026-04-20 19:00:00,-24.1,90,13.0,1040.0,0.0
Skardu,2026-04-20 20:00:00,-25.6,93,14.4,1044.0,0.0
Skardu,2026-04-20 21:00:00,-26.3,89,15.8,1046.0,0.0
Skardu,2026-04-20 22:00:00,-26.9,78,15.8,1047.0,0.0
Skardu,2026-04-20 23:00:00,-27.3,69,16.6,1048.0,0.0
Skardu,2026-04-21 00:00:00,-28.6,72,15.5,1050.0,0.0
Skardu,2026-04-21 01:00:00,-28.7,68,15.5,1050.0,0.0
Skardu,2026-04-21 02:00:00,-28.8,66,15.1,1050.0,0.0
Skardu,2026-04-21 03:00:00,-28.8,63,14.8,1050.0,0.0
Skardu,2026-04-21 04:00:00,-28.9,64,14.4,1050.0,0.0
Skardu,2026-04-21 05:00:00,-27.0,67,13.3,1048.0,0.0
Skardu,2026-04-21 06:00:00,-20.9,71,12.2,1036.0,0.0
Skardu,2026-04-21 07:00:00,-11.9,62,10.8,1029.0,0.0
Skardu,2026-04-21 08:00:00,-7.4,58,9.7,1026.0,0.0
Skardu,2026-04-21 09:00:00,-6.4,44,6.8,1025.0,0.0
Skardu,2026-04-21 10:00:00,-5.7,34,5.0,1023.0,0.0
Skardu,2026-04-21 11:00:00,-4.8,35,5.4,1022.0,0.0
Skardu,2026-04-21 12:00:00,-3.9,39,5.8,1021.0,0.0
Skardu,2026-04-21 13:00:00,-3.2,45,6.1,1020.0,0.0
Skardu,2026-04-21 14:00:00,-3.0,47,5.4,1020.0,0.0
Skardu,2026-04-21 15:00:00,-3.1,52,5.8,1020.0,0.0
Skardu,2026-04-21 16:00:00,-6.3,72,7.6,1023.0,0.0
Skardu,2026-04-21 17:00:00,-17.0,76,7.9,1028.0,0.0
Skardu,2026-04-21 18:00:00,-22.6,80,10.4,1036.0,0.0
Skardu,2026-04-21 19:00:00,-24.1,87,13.7,1042.0,0.0
Skardu,2026-04-21 20:00:00,-24.9,86,13.7,1045.0,0.0
Skardu,2026-04-21 21:00:00,-25.2,76,14.4,1046.0,0.0
Skardu,2026-04-21 22:00:00,-25.2,64,15.8,1046.0,0.0
Skardu,2026-04-21 23:00:00,-26.1,55,15.8,1048.0,0.0
Skardu,2026-04-22 00:00:00,-25.4,62,17.6,1044.0,0.0
Skardu,2026-04-22 01:00:00,-25.5,60,16.9,1044.0,0.0
Skardu,2026-04-22 02:00:00,-24.2,58,18.4,1041.0,0.0
Skardu,2026-04-22 03:00:00,-23.7,56,17.6,1039.0,0.0
Skardu,2026-04-22 04:00:00,-24.3,54,16.9,1041.0,0.0
Skardu,2026-04-22 05:00:00,-23.1,54,16.9,1040.0,0.0
Skardu,2026-04-22 06:00:00,-17.4,60,15.5,1031.0,0.0
Skardu,2026-04-22 07:00:00,-11.1,54,13.0,1026.0,0.0
Skardu,2026-04-22 08:00:00,-3.9,47,11.5,1023.0,0.0
Skardu,2026-04-22 09:00:00,-2.2,44,10.4,1021.0,0.0
Skardu,2026-04-22 10:00:00,-1.2,43,10.1,1020.0,0.0
Skardu,2026-04-22 11:00:00,-0.9,45,10.1,1019.0,0.0
Skardu,2026-04-22 12:00:00,-0.6,46,10.4,1019.0,0.0
Skardu,2026-04-22 13:00:00,-0.5,48,10.4,1018.0,0.0
Skardu,2026-04-22 14:00:00,-0.7,50,10.8,1018.0,0.0
Skardu,2026-04-22 15:00:00,-1.5,59,10.8,1019.0,0.0
Skardu,2026-04-22 16:00:00,-5.1,71,10.8,1021.0,0.0
Skardu,2026-04-22 17:00:00,-14.3,77,12.2,1026.0,0.0
Skardu,2026-04-22 18:00:00,-17.3,80,14.0,1030.0,0.0
Skardu,2026-04-22 19:00:00,-17.8,75,15.5,1031.0,0.0
Skardu,2026-04-22 20:00:00,-18.6,69,15.1,1032.0,0.0
Skardu,2026-04-22 21:00:00,-21.1,68,16.2,1035.0,0.0
Skardu,2026-04-22 22:00:00,-21.5,69,16.6,1036.0,0.0
Skardu,2026-04-22 23:00:00,-21.5,70,17.3,1036.0,0.0
Skardu,2026-04-23 00:00:00,-22.4,52,18.0,1037.0,0.0
Skardu,2026-04-23 01:00:00,-22.6,52,18.7,1037.0,0.0
Skardu,2026-04-23 02:00:00,-22.6,53,18.7,1037.0,0.0
Skardu,2026-04-23 03:00:00,-22.2,55,18.0,1036.0,0.0
Skardu,2026-04-23 04:00:00,-22.1,55,18.4,1036.0,0.0
Skardu,2026-04-23 05:00:00,-21.0,57,16.9,1034.0,0.0
Skardu,2026-04-23 06:00:00,-15.9,64,15.8,1029.0,0.0
Skardu,2026-04-23 07:00:00,-7.6,60,13.0,1025.0,0.0
Skardu,2026-04-23 08:00:00,-3.1,53,10.8,1023.0,0.0
Skardu,2026-04-23 09:00:00,-1.8,52,10.8,1021.0,0.0
Skardu,2026-04-23 10:00:00,-1.0,54,10.4,1020.0,0.0
Skardu,2026-04-23 11:00:00,-0.7,56,10.4,1020.0,0.0
Skardu,2026-04-23 12:00:00,-0.5,58,10.1,1020.0,0.0
Skardu,2026-04-23 13:00:00,-0.4,57,10.1,1019.0,0.0
Skardu,2026-04-23 14:00:00,-0.5,57,10.1,1019.0,0.0
Skardu,2026-04-23 15:00:00,-1.0,61,9.4,1019.0,0.0
Skardu,2026-04-23 16:00:00,-3.0,74,10.1,1021.0,0.0
Skardu,2026-04-23 17:00:00,-14.3,80,11.5,1026.0,0.0
Skardu,2026-04-23 18:00:00,-19.4,86,14.0,1033.0,0.0
Skardu,2026-04-23 19:00:00,-20.1,88,15.5,1035.0,0.0
Skardu,2026-04-23 20:00:00,-20.5,84,16.6,1036.0,0.0
Skardu,2026-04-23 21:00:00,-19.9,82,16.6,1035.0,0.0
Skardu,2026-04-23 22:00:00,-19.3,81,16.9,1034.0,0.0
Skardu,2026-04-23 23:00:00,-19.4,82,16.9,1034.0,0.0
Skardu,2026-04-24 00:00:00,-20.5,73,16.6,1035.0,0.0
Skardu,2026-04-24 01:00:00,-21.0,79,16.9,1035.0,0.0
Skardu,2026-04-24 02:00:00,-21.0,81,17.6,1035.0,0.0
Skardu,2026-04-24 03:00:00,-21.1,81,18.0,1035.0,0.0
Skardu,2026-04-24 04:00:00,-21.0,82,18.7,1034.0,0.0
Skardu,2026-04-24 05:00:00,-19.9,85,14.8,1033.0,0.0
Skardu,2026-04-24 06:00:00,-15.4,85,12.6,1030.0,0.0
Skardu,2026-04-24 07:00:00,-5.8,79,12.2,1026.0,0.0
Skardu,2026-04-24 08:00:00,-3.7,72,9.7,1024.0,0.0
Skardu,2026-04-24 09:00:00,-2.5,70,9.7,1023.0,0.0
Skardu,2026-04-24 10:00:00,-1.7,70,10.1,1022.0,0.0
Skardu,2026-04-24 11:00:00,-1.2,70,10.1,1020.0,0.0
Skardu,2026-04-24 12:00:00,-1.0,69,9.7,1020.0,0.0
Skardu,2026-04-24 13:00:00,-0.7,67,9.7,1019.0,0.0
Skardu,2026-04-24 14:00:00,-0.6,64,10.4,1019.0,0.0
Skardu,2026-04-24 15:00:00,-1.0,66,10.1,1020.0,0.0
Skardu,2026-04-24 16:00:00,-2.7,76,9.7,1021.0,0.0
Skardu,2026-04-24 17:00:00,-13.8,82,11.9,1026.0,0.0
Skardu,2026-04-24 18:00:00,-18.8,89,14.0,1033.0,0.0
Skardu,2026-04-24 19:00:00,-19.5,95,16.2,1035.0,0.0
Skardu,2026-04-24 20:00:00,-20.3,98,16.9,1036.0,0.0
Skardu,2026-04-24 21:00:00,-19.5,98,16.9,1035.0,0.0
Skardu,2026-04-24 22:00:00,-20.2,96,15.8,1035.0,0.0
Skardu,2026-04-24 23:00:00,-19.6,95,16.9,1034.0,0.0
Skardu,2026-04-25 00:00:00,-15.0,93,17.6,1026.0,0.1
Skardu,2026-04-25 01:00:00,-15.1,95,17.3,1026.0,0.1
Skardu,2026-04-25 02:00:00,-14.2,94,15.5,1025.0,0.2
Skardu,2026-04-25 03:00:00,-10.3,95,11.2,1024.0,0.3
Skardu,2026-04-25 04:00:00,-8.0,95,10.1,1024.0,0.4
Skardu,2026-04-25 05:00:00,-6.4,94,10.4,1024.0,0.2
Skardu,2026-04-25 06:00:00,-5.7,91,11.2,1024.0,0.1
Skardu,2026-04-25 07:00:00,-4.2,84,11.2,1023.0,0.1
Skardu,2026-04-25 08:00:00,-3.0,77,10.1,1021.0,0.1
Skardu,2026-04-25 09:00:00,-2.3,70,9.0,1020.0,0.2
Skardu,2026-04-25 10:00:00,-1.8,70,9.4,1020.0,0.3
Skardu,2026-04-25 11:00:00,-1.4,67,10.8,1020.0,0.2
Skardu,2026-04-25 12:00:00,-1.1,63,10.8,1020.0,0.1
Skardu,2026-04-25 13:00:00,-0.9,59,10.1,1020.0,0.0
Skardu,2026-04-25 14:00:00,-0.9,57,9.7,1019.0,0.0
Skardu,2026-04-25 15:00:00,-1.1,59,8.6,1020.0,0.0
Skardu,2026-04-25 16:00:00,-2.7,72,7.6,1021.0,0.0
Skardu,2026-04-25 17:00:00,-12.6,77,9.0,1025.0,0.0
Skardu,2026-04-25 18:00:00,-16.1,84,10.8,1030.0,0.1
Skardu,2026-04-25 19:00:00,-17.0,90,11.5,1032.0,0.1
Skardu,2026-04-25 20:00:00,-15.8,92,11.5,1031.0,0.2
Skardu,2026-04-25 21:00:00,-15.1,93,10.8,1030.0,0.1
Skardu,2026-04-25 22:00:00,-16.3,95,10.4,1031.0,0.1
Skardu,2026-04-25 23:00:00,-15.6,94,9.7,1030.0,0.1
